medium,identifier,content_type,rights_statement,access_rights,extent,title,format,genre_form_local,description,subject_local,date_digital_creation,date_created,digital_publisher,Image,contributor,geographic_subject_local
Paper,8222,StillImage,"No copyright - United States; For more information, see:  http://rightsstatements.org/vocab/NoC-US/1.0/",Openly accessible,"1 sheet of dark red, green, blue and white marbled paper; 6.25 x 18.00 in.",Berger-Cloonan #8222,reformatted digital,art reproduction|nonpareil marbled paper|endpapers,Surface application; Marbled; C2.B4; Previously used as an endpaper in a bookbinding; The sheet is from the Bernard Middleton Collection. Bernard Middleton donated this sheet to Sidney E. Berger and Michele V. Cloonan circa 1990.; Section(s) from the Decorated and Decorative Paper Terms Thesaurus: VIII.F.1.e; Not signed. Not stamped.; Creased.,Marbled papers,2021-06-16T15:35:29.183000+00:00,19th century,Texas A & M University. Libraries,https://api.library.tamu.edu/fcrepo/rest/3b/6f/c3/25/3b6fc325-f6ca-41d8-b91e-8c5db3be8c13/berger_cloonan_batch_4_objects/164/pages/page_0/files/08222.jpg,,
Paper,6909,StillImage,"No copyright - United States; For more information, see:  http://rightsstatements.org/vocab/NoC-US/1.0/",Openly accessible,"1 sheet of dark red, blue and white marbled paper; 10.00 x 12.50 in.",Berger-Cloonan #6909,reformatted digital,art reproduction|nonpareil marbled paper|endpapers,"Surface application; Marbled; C2.B3; Previously used as an endpaper in a bookbinding; [stamped in blue ink on verso]: ""BOOK NUMBER""; [written in black ink on verso]""PR 2154.B4""; [stamped in black ink on verso]: ""BOUND BY J.B. HAWES CAMBRIDGE""; The sheet is from the Bernard Middleton Collection. Bernard Middleton donated this sheet to Sidney E. Berger and Michele V. Cloonan circa 1990.; Section(s) from the Decorated and Decorative Paper Terms Thesaurus: VIII.F.1.e; Not signed. Stamped. Not stickered. Not embossed.",Marbled papers,2021-06-16T15:07:09.740000+00:00,19th century,Texas A & M University. Libraries,https://api.library.tamu.edu/fcrepo/rest/3b/6f/c3/25/3b6fc325-f6ca-41d8-b91e-8c5db3be8c13/berger_cloonan_batch_4_objects/40/pages/page_0/files/06909.jpg,,
Paper,6929,StillImage,"No copyright - United States; For more information, see:  http://rightsstatements.org/vocab/NoC-US/1.0/",Openly accessible,"1 sheet of blue, brown, yellow and gray marbled paper; 9.25 x 11.50 in.",Berger-Cloonan #6929,reformatted digital,Dutch marbled paper|art reproduction|endpapers|curled marbled paper|French snail marbled papers,Surface application; Marbled; C2.B3; Previously used as an endpaper in a bookbinding; The sheet is from the Bernard Middleton Collection. Bernard Middleton donated this sheet to Sidney E. Berger and Michele V. Cloonan circa 1990.; Section(s) from the Decorated and Decorative Paper Terms Thesaurus: VIII.F.1.c; Not signed. Not stamped.; Abrasion.,Marbled papers,2021-06-16T15:11:42.822000+00:00,19th century,Texas A & M University. Libraries,https://api.library.tamu.edu/fcrepo/rest/3b/6f/c3/25/3b6fc325-f6ca-41d8-b91e-8c5db3be8c13/berger_cloonan_batch_4_objects/60/pages/page_0/files/06929.jpg,,
Paper,8202,StillImage,"No copyright - United States; For more information, see:  http://rightsstatements.org/vocab/NoC-US/1.0/",Openly accessible,"1 sheet of pink, blue, yellow, black and white marbled paper; 5.00 x 8.50 in.",Berger-Cloonan #8202,reformatted digital,endpapers|art reproduction|nonpareil marbled paper,Surface application; Marbled; C2.B4; Previously used as an endpaper in a bookbinding; The sheet is from the Bernard Middleton Collection. Bernard Middleton donated this sheet to Sidney E. Berger and Michele V. Cloonan circa 1990.; Section(s) from the Decorated and Decorative Paper Terms Thesaurus: VIII.F.1.e; Not signed. Not stamped.; Edges torn.,Marbled papers,2021-06-16T15:31:37.076000+00:00,19th century,Texas A & M University. Libraries,https://api.library.tamu.edu/fcrepo/rest/3b/6f/c3/25/3b6fc325-f6ca-41d8-b91e-8c5db3be8c13/berger_cloonan_batch_4_objects/147/pages/page_0/files/08202.jpg,,
Paper,6967,StillImage,"No copyright - United States; For more information, see:  http://rightsstatements.org/vocab/NoC-US/1.0/",Openly accessible,1 sheet of blue and white marbled paper; 8.25 x 10.00 in.,Berger-Cloonan #6967,reformatted digital,endpapers|Stormont marbled paper|art reproduction,Surface application; Marbled; C2.B3; Previously used as an endpaper in a bookbinding; The sheet is from the Bernard Middleton Collection. Bernard Middleton donated this sheet to Sidney E. Berger and Michele V. Cloonan circa 1990.; Section(s) from the Decorated and Decorative Paper Terms Thesaurus: VIII.F.4.g; Not signed. Not stamped.; Discolored; creased.,Marbled papers,2021-06-16T15:20:10.208000+00:00,19th century,Texas A & M University. Libraries,https://api.library.tamu.edu/fcrepo/rest/3b/6f/c3/25/3b6fc325-f6ca-41d8-b91e-8c5db3be8c13/berger_cloonan_batch_4_objects/97/pages/page_0/files/06967.jpg,,
Paper,6925,StillImage,"No copyright - United States; For more information, see:  http://rightsstatements.org/vocab/NoC-US/1.0/",Openly accessible,"1 sheet of blue, brown, yellow and gray marbled paper; 9.00 x 11.50 in.",Berger-Cloonan #6925,reformatted digital,art reproduction|curled marbled paper|endpapers|French snail marbled papers|Dutch marbled paper,Surface application; Marbled; C2.B3; Previously used as an endpaper in a bookbinding; The sheet is from the Bernard Middleton Collection. Bernard Middleton donated this sheet to Sidney E. Berger and Michele V. Cloonan circa 1990.; Section(s) from the Decorated and Decorative Paper Terms Thesaurus: VIII.F.1.c; Not signed. Not stamped.; Abrasion.,Marbled papers,2021-06-16T15:10:48.269000+00:00,19th century,Texas A & M University. Libraries,https://api.library.tamu.edu/fcrepo/rest/3b/6f/c3/25/3b6fc325-f6ca-41d8-b91e-8c5db3be8c13/berger_cloonan_batch_4_objects/56/pages/page_0/files/06925.jpg,,
Paper,8286,StillImage,"No copyright - United States; For more information, see:  http://rightsstatements.org/vocab/NoC-US/1.0/",Openly accessible,"1 sheet of red, blue, green, yellow and white marbled paper; 7.75 x 10.25 in.",Berger-Cloonan #8286,reformatted digital,art reproduction|endpapers|Laid lines|nonpareil marbled paper,Distribution of fibers; Surface application; Laid; Marbled; C2.B4; Previously used as an endpaper in a bookbinding; Laid paper; The sheet is from the Bernard Middleton Collection. Bernard Middleton donated this sheet to Sidney E. Berger and Michele V. Cloonan circa 1990.; Section(s) from the Decorated and Decorative Paper Terms Thesaurus: II.E; VIII.F.1.e; Not signed. Not stamped.; Very faded; one rough edge; black mark on recto.,Marbled papers,2021-06-16T15:50:05.725000+00:00,19th century [?],Texas A & M University. Libraries,https://api.library.tamu.edu/fcrepo/rest/3b/6f/c3/25/3b6fc325-f6ca-41d8-b91e-8c5db3be8c13/berger_cloonan_batch_4_objects/228/pages/page_0/files/08286.jpg,,
Paper,6908,StillImage,"No copyright - United States; For more information, see:  http://rightsstatements.org/vocab/NoC-US/1.0/",Openly accessible,"1 sheet of dark red, blue and white marbled paper; 10.00 x 12.50 in.",Berger-Cloonan #6908,reformatted digital,endpapers|nonpareil marbled paper|art reproduction,Surface application; Marbled; C2.B3; Previously used as an endpaper in a bookbinding; The sheet is from the Bernard Middleton Collection. Bernard Middleton donated this sheet to Sidney E. Berger and Michele V. Cloonan circa 1990.; Section(s) from the Decorated and Decorative Paper Terms Thesaurus: VIII.F.1.e; Not signed. Not stamped. Not stickered. Not embossed.,Marbled papers,2021-06-16T15:06:56.176000+00:00,19th century,Texas A & M University. Libraries,https://api.library.tamu.edu/fcrepo/rest/3b/6f/c3/25/3b6fc325-f6ca-41d8-b91e-8c5db3be8c13/berger_cloonan_batch_4_objects/39/pages/page_0/files/06908.jpg,,
Paper,8241,StillImage,"No copyright - United States; For more information, see:  http://rightsstatements.org/vocab/NoC-US/1.0/",Openly accessible,"1 sheet of pink, blue, yellow, black and white marbled paper; 8.25 x 10.50 in.",Berger-Cloonan #8241,reformatted digital,nonpareil marbled paper|art reproduction|endpapers,"Surface application; Marbled; C2.B4; Previously used as an endpaper in a bookbinding; Inscription on original piece: ""Fine Portrait of Macklein Contains also ""Love a la Mode.""; The sheet is from the Bernard Middleton Collection. Bernard Middleton donated this sheet to Sidney E. Berger and Michele V. Cloonan circa 1990.; Section(s) from the Decorated and Decorative Paper Terms Thesaurus: VIII.F.1.e; Not signed. Not stamped.",Marbled papers,2021-06-16T15:39:48.416000+00:00,19th century,Texas A & M University. Libraries,https://api.library.tamu.edu/fcrepo/rest/3b/6f/c3/25/3b6fc325-f6ca-41d8-b91e-8c5db3be8c13/berger_cloonan_batch_4_objects/183/pages/page_0/files/08241.jpg,,
Paper,1343,StillImage,"No copyright - United States; For more information, see:  http://rightsstatements.org/vocab/NoC-US/1.0/",Openly accessible,"1 sheet of red, yellow, blue, black and white marbled paper; 16.25 x 24.00  in.",Berger-Cloonan #1343,reformatted digital,Chevron marbled papers|art reproduction|curl marbled paper,"Surface application; Marbled; M4.D2.F5; Inscription on original piece: ""Gift of Karli Frigge 7/10/00"";""done in 1911"";""Gebr. GIELES.""; Karli Frigge donated the sheet to Sidney E. Berger and Michele V. Cloonan on 07/10/2000.; Section(s) from the Decorated and Decorative Paper Terms Thesaurus: VIII.F.1.b; Not signed. Stamped. Not stickered. Not embossed.; Slightly yellowed",Marbled papers,2021-06-16T14:58:50.631000+00:00,1911,Texas A & M University. Libraries,https://api.library.tamu.edu/fcrepo/rest/3b/6f/c3/25/3b6fc325-f6ca-41d8-b91e-8c5db3be8c13/berger_cloonan_batch_4_objects/4/pages/page_0/files/01343.jpg,,
Paper,7006,StillImage,"No copyright - United States; For more information, see:  http://rightsstatements.org/vocab/NoC-US/1.0/",Openly accessible,"1 sheet of blue, red, yellow, black and white marbled paper; 9.00 x 14.25 in.",Berger-Cloonan #7006,reformatted digital,endpapers|art reproduction|Stormont marbled paper,Surface application; Marbled; C2.B3; Previously used as an endpaper in a bookbinding; semi-glossy finish; The sheet is from the Bernard Middleton Collection. Bernard Middleton donated this sheet to Sidney E. Berger and Michele V. Cloonan circa 1990.; Section(s) from the Decorated and Decorative Paper Terms Thesaurus: VIII.F.4.f; Not signed. Not stamped.; Torn corners and edges; yellowed and stained on verso; un-marbled strip along binding edge.,Marbled papers,2021-06-16T15:29:04.849000+00:00,19th century,Texas A & M University. Libraries,https://api.library.tamu.edu/fcrepo/rest/3b/6f/c3/25/3b6fc325-f6ca-41d8-b91e-8c5db3be8c13/berger_cloonan_batch_4_objects/136/pages/page_0/files/07006.jpg,,
Paper,6903,StillImage,"No copyright - United States; For more information, see:  http://rightsstatements.org/vocab/NoC-US/1.0/",Openly accessible,"1 sheet of blue, yellow and white marbled paper; 7.25 x 12.25 in.",Berger-Cloonan #6903,reformatted digital,art reproduction|Bouquet marbled papers|endpapers,Surface application; Marbled; C2.B3; Previously used as an endpaper in a bookbinding; waved pattern; The sheet is from the Bernard Middleton Collection. Bernard Middleton donated this sheet to Sidney E. Berger and Michele V. Cloonan circa 1990.; Section(s) from the Decorated and Decorative Paper Terms Thesaurus: VIII.F.1.a; Not signed. Not stamped.; Edges torn; edge curling; creased.,Marbled papers,2021-06-16T15:05:48.357000+00:00,19th century,Texas A & M University. Libraries,https://api.library.tamu.edu/fcrepo/rest/3b/6f/c3/25/3b6fc325-f6ca-41d8-b91e-8c5db3be8c13/berger_cloonan_batch_4_objects/34/pages/page_0/files/06903.jpg,,
Paper,8386,StillImage,"No copyright - United States; For more information, see:  http://rightsstatements.org/vocab/NoC-US/1.0/",Openly accessible,"1 sheet of red, blue, black and white marbled paper; 8.50 x 11.00 in.",Berger-Cloonan #8386,reformatted digital,Stone marbled papers|agate marbled paper|art reproduction|endpapers,"Surface application; Marbled; C2.B4; Previously used as an endpaper in a bookbinding; Inscription on original piece: ""general or Ancient [St.?""; The sheet is from the Bernard Middleton Collection. Bernard Middleton donated this sheet to Sidney E. Berger and Michele V. Cloonan circa 1990.; Section(s) from the Decorated and Decorative Paper Terms Thesaurus: VIII.F.4.f; Not signed. Not stamped.; Rough binding edge, several small tears into edges; dark smudges on verso; slightly wrinkled.",Marbled papers,2021-06-16T15:58:34.675000+00:00,19th century,Texas A & M University. Libraries,https://api.library.tamu.edu/fcrepo/rest/3b/6f/c3/25/3b6fc325-f6ca-41d8-b91e-8c5db3be8c13/berger_cloonan_batch_4_objects/265/pages/page_0/files/08386.jpg,,
Paper,8207,StillImage,"No copyright - United States; For more information, see:  http://rightsstatements.org/vocab/NoC-US/1.0/",Openly accessible,"1 sheet of pink, gray, blue, yellow and white marbled paper; 5.00 x 10.25 in.",Berger-Cloonan #8207,reformatted digital,art reproduction|endpapers|nonpareil marbled paper,Surface application; Marbled; C2.B4; Previously used as an endpaper in a bookbinding; The sheet is from the Bernard Middleton Collection. Bernard Middleton donated this sheet to Sidney E. Berger and Michele V. Cloonan circa 1990.; Section(s) from the Decorated and Decorative Paper Terms Thesaurus: VIII.F.1.e; Not signed. Not stamped.,Marbled papers,2021-06-16T15:32:45.120000+00:00,19th century,Texas A & M University. Libraries,https://api.library.tamu.edu/fcrepo/rest/3b/6f/c3/25/3b6fc325-f6ca-41d8-b91e-8c5db3be8c13/berger_cloonan_batch_4_objects/152/pages/page_0/files/08207.jpg,,
Paper,6897,StillImage,"No copyright - United States; For more information, see:  http://rightsstatements.org/vocab/NoC-US/1.0/",Openly accessible,"1 sheet of dark red, blue, yellow and white marbled paper; 8.00 x 13.00 in.",Berger-Cloonan #6897,reformatted digital,art reproduction|endpapers|nonpareil marbled paper,Surface application; Marbled; C2.B3; Previously used as an endpaper in a bookbinding; waved pattern; The sheet is from the Bernard Middleton Collection. Bernard Middleton donated this sheet to Sidney E. Berger and Michele V. Cloonan circa 1990.; Section(s) from the Decorated and Decorative Paper Terms Thesaurus: VIII.F.1.e; Not signed. Not stamped.,Marbled papers,2021-06-16T15:04:26.074000+00:00,19th century,Texas A & M University. Libraries,https://api.library.tamu.edu/fcrepo/rest/3b/6f/c3/25/3b6fc325-f6ca-41d8-b91e-8c5db3be8c13/berger_cloonan_batch_4_objects/28/pages/page_0/files/06897.jpg,,
Paper,8230,StillImage,"No copyright - United States; For more information, see:  http://rightsstatements.org/vocab/NoC-US/1.0/",Openly accessible,"1 sheet of dark red, green, blue, yellow and white marbled paper; 4.00 x 6.50 in.",Berger-Cloonan #8230,reformatted digital,endpapers|nonpareil marbled paper|art reproduction,"Surface application; Marbled; C2.B4; Previously used as an endpaper in a bookbinding; Inscription on original piece: ""BOUND BY NUTT, CAMBRIDGE""; The sheet is from the Bernard Middleton Collection. Bernard Middleton donated this sheet to Sidney E. Berger and Michele V. Cloonan circa 1990.; Section(s) from the Decorated and Decorative Paper Terms Thesaurus: VIII.F.1.e; Not signed. stamped.",Marbled papers,2021-06-16T15:37:18.369000+00:00,19th century,Texas A & M University. Libraries,https://api.library.tamu.edu/fcrepo/rest/3b/6f/c3/25/3b6fc325-f6ca-41d8-b91e-8c5db3be8c13/berger_cloonan_batch_4_objects/172/pages/page_0/files/08230.jpg,,
Paper,8306,StillImage,"No copyright - United States; For more information, see:  http://rightsstatements.org/vocab/NoC-US/1.0/",Openly accessible,"1 sheet of blue, red, yellow, dark green and white marbled paper; 8.50 x 10.50 in.",Berger-Cloonan #8306,reformatted digital,Random marbled papers|art reproduction|endpapers|marbled paper,"Surface application; Marbled; C2.B4; Previously used as an endpaper in a bookbinding; Inscription on original piece: ""-John Jones-Claremont Street Shrewsbury""; The sheet is from the Bernard Middleton Collection. Bernard Middleton donated this sheet to Sidney E. Berger and Michele V. Cloonan circa 1990.; Section(s) from the Decorated and Decorative Paper Terms Thesaurus: VIII.F.4; Not signed. Not stamped.; One rough edge; attached to two flyleaves.",Marbled papers,2021-06-16T15:54:40.350000+00:00,19th century [?],Texas A & M University. Libraries,https://api.library.tamu.edu/fcrepo/rest/3b/6f/c3/25/3b6fc325-f6ca-41d8-b91e-8c5db3be8c13/berger_cloonan_batch_4_objects/248/pages/page_0/files/08306.jpg,,
Paper,8226,StillImage,"No copyright - United States; For more information, see:  http://rightsstatements.org/vocab/NoC-US/1.0/",Openly accessible,"1 sheet of dark red, green, blue, yellow and white marbled paper; 4.00 x 6.50 in.",Berger-Cloonan #8226,reformatted digital,endpapers|nonpareil marbled paper|art reproduction,Surface application; Marbled; C2.B4; Previously used as an endpaper in a bookbinding; The sheet is from the Bernard Middleton Collection. Bernard Middleton donated this sheet to Sidney E. Berger and Michele V. Cloonan circa 1990.; Section(s) from the Decorated and Decorative Paper Terms Thesaurus: VIII.F.1.e; Not signed. Not stamped.,Marbled papers,2021-06-16T15:36:23.978000+00:00,19th century,Texas A & M University. Libraries,https://api.library.tamu.edu/fcrepo/rest/3b/6f/c3/25/3b6fc325-f6ca-41d8-b91e-8c5db3be8c13/berger_cloonan_batch_4_objects/168/pages/page_0/files/08226.jpg,,
Paper,6940,StillImage,"No copyright - United States; For more information, see:  http://rightsstatements.org/vocab/NoC-US/1.0/",Openly accessible,"1 sheet of blue, tan, brown and white marbled paper; 9.25 x 14.25 in.",Berger-Cloonan #6940,reformatted digital,art reproduction|curled marbled paper|endpapers|French snail marbled papers|Dutch marbled paper,"Surface application; Marbled; C2.B3; Previously used as an endpaper in a bookbinding; The sheet is from the Bernard Middleton Collection. Bernard Middleton donated this sheet to Sidney E. Berger and Michele V. Cloonan circa 1990.; Section(s) from the Decorated and Decorative Paper Terms Thesaurus: VIII.F.1.c; Not signed. Not stamped.; Piece missing from edge; 2.50"" tear; edges chipped.",Marbled papers,2021-06-16T15:14:00.173000+00:00,19th century,Texas A & M University. Libraries,https://api.library.tamu.edu/fcrepo/rest/3b/6f/c3/25/3b6fc325-f6ca-41d8-b91e-8c5db3be8c13/berger_cloonan_batch_4_objects/70/pages/page_0/files/06940.jpg,,
Paper,6913,StillImage,"No copyright - United States; For more information, see:  http://rightsstatements.org/vocab/NoC-US/1.0/",Openly accessible,"1 sheet of red, blue, tan and white marbled paper; 10.00 x 13.50 in.",Berger-Cloonan #6913,reformatted digital,art reproduction|nonpareil marbled paper|endpapers,Surface application; Marbled; C2.B3; Previously used as an endpaper in a bookbinding; The sheet is from the Bernard Middleton Collection. Bernard Middleton donated this sheet to Sidney E. Berger and Michele V. Cloonan circa 1990.; Section(s) from the Decorated and Decorative Paper Terms Thesaurus: VIII.F.1.e; Not signed. Not stamped.; Edges chipped and torn; discolored.,Marbled papers,2021-06-16T15:08:04.250000+00:00,19th century,Texas A & M University. Libraries,https://api.library.tamu.edu/fcrepo/rest/3b/6f/c3/25/3b6fc325-f6ca-41d8-b91e-8c5db3be8c13/berger_cloonan_batch_4_objects/44/pages/page_0/files/06913.jpg,,
Paper,6892,StillImage,"No copyright - United States; For more information, see:  http://rightsstatements.org/vocab/NoC-US/1.0/",Openly accessible,"1 sheet of yellow, blue, red and white marbled paper; 10.00 x 12.00 in.",Berger-Cloonan #6892,reformatted digital,art reproduction|endpapers,Surface application; Marbled; C2.B3; Previously used as an endpaper in a bookbinding; The sheet is from the Bernard Middleton Collection. Bernard Middleton donated this sheet to Sidney E. Berger and Michele V. Cloonan circa 1990.; Section(s) from the Decorated and Decorative Paper Terms Thesaurus: VIII.F.1; Not signed. Not stamped.; Edges torn.,Marbled papers,2021-06-16T15:03:17.788000+00:00,19th century,Texas A & M University. Libraries,https://api.library.tamu.edu/fcrepo/rest/3b/6f/c3/25/3b6fc325-f6ca-41d8-b91e-8c5db3be8c13/berger_cloonan_batch_4_objects/23/pages/page_0/files/06892.jpg,,
Paper,8259,StillImage,"No copyright - United States; For more information, see:  http://rightsstatements.org/vocab/NoC-US/1.0/",Openly accessible,"1 sheet of green, brown, black, yellow and white marbled paper; 8.50 x 9.00 in.",Berger-Cloonan #8259,reformatted digital,art reproduction|curl marbled paper|endpapers|French snail marbled papers|dutch marbled paper,Surface application; Marbled; C2.B4; Previously used as an endpaper in a bookbinding; The sheet is from the Bernard Middleton Collection. Bernard Middleton donated this sheet to Sidney E. Berger and Michele V. Cloonan circa 1990.; Section(s) from the Decorated and Decorative Paper Terms Thesaurus: VIII.F.1.c; Not signed. Not stamped.,Marbled papers,2021-06-16T15:43:55.292000+00:00,19th century,Texas A & M University. Libraries,https://api.library.tamu.edu/fcrepo/rest/3b/6f/c3/25/3b6fc325-f6ca-41d8-b91e-8c5db3be8c13/berger_cloonan_batch_4_objects/201/pages/page_0/files/08259.jpg,,
Paper,8301,StillImage,"No copyright - United States; For more information, see:  http://rightsstatements.org/vocab/NoC-US/1.0/",Openly accessible,"1 sheet of blue, light yellow, gold and white marbled paper; 6.00 x 8.75 in.",Berger-Cloonan #8301,reformatted digital,Random marbled papers|art reproduction|endpapers|moiré (pattern),Surface application; Marbled; C2.B4; Previously used as an endpaper in a bookbinding; Glossy finish; The sheet is from the Bernard Middleton Collection. Bernard Middleton donated this sheet to Sidney E. Berger and Michele V. Cloonan circa 1990.; Section(s) from the Decorated and Decorative Paper Terms Thesaurus: VIII.F.4.d; Not signed. Not stamped.; One rough edge; bent corner; several tiny tears into edges.,Marbled papers,2021-06-16T15:53:31.509000+00:00,19th century [?],Texas A & M University. Libraries,https://api.library.tamu.edu/fcrepo/rest/3b/6f/c3/25/3b6fc325-f6ca-41d8-b91e-8c5db3be8c13/berger_cloonan_batch_4_objects/243/pages/page_0/files/08301.jpg,,
Paper,8201,StillImage,"No copyright - United States; For more information, see:  http://rightsstatements.org/vocab/NoC-US/1.0/",Openly accessible,"1 sheet of pink, blue, gray, black and white marbled paper; 5.25 x 8.00 in.",Berger-Cloonan #8201,reformatted digital,art reproduction|endpapers|nonpareil marbled paper,Surface application; Marbled; C2.B4; Previously used as an endpaper in a bookbinding; The sheet is from the Bernard Middleton Collection. Bernard Middleton donated this sheet to Sidney E. Berger and Michele V. Cloonan circa 1990.; Section(s) from the Decorated and Decorative Paper Terms Thesaurus: VIII.F.1.e; Not signed. Not stamped.; Abraded and faded; edges torn.,Marbled papers,2021-06-16T15:31:23.213000+00:00,19th century,Texas A & M University. Libraries,https://api.library.tamu.edu/fcrepo/rest/3b/6f/c3/25/3b6fc325-f6ca-41d8-b91e-8c5db3be8c13/berger_cloonan_batch_4_objects/146/pages/page_0/files/08201.jpg,,
Paper,1347,StillImage,"No copyright - United States; For more information, see:  http://rightsstatements.org/vocab/NoC-US/1.0/",Openly accessible,"1 sheet of green, black and gray embossed paper; 19.50 x 27.75  in.",Berger-Cloonan #1347,reformatted digital,art reproduction|embossed prints,Surface treated; Embossed leatherette paper; M4.D2.F5; Pattern resembles snake skin; sheet printed in green with black on raised areas; Karli Frigge donated the sheet to Sidney E. Berger and Michele V. Cloonan.; Section(s) from the Decorated and Decorative Paper Terms Thesaurus: IX.D.2; Not signed. Not stamped. Not stickered. Not embossed.; Folded corner,Decorative paper,2021-06-16T14:59:46.742000+00:00,19th century,Texas A & M University. Libraries,https://api.library.tamu.edu/fcrepo/rest/3b/6f/c3/25/3b6fc325-f6ca-41d8-b91e-8c5db3be8c13/berger_cloonan_batch_4_objects/8/pages/page_0/files/01347.jpg,,
Paper,8311,StillImage,"No copyright - United States; For more information, see:  http://rightsstatements.org/vocab/NoC-US/1.0/",Openly accessible,"1 sheet of light brown, blue, pink, yellow, black and white marbled paper; 6.25 x 9.50 in.",Berger-Cloonan #8311,reformatted digital,Stone marbled papers|agate marbled paper|art reproduction|endpapers,Surface application; Marbled; C2.B4; Previously used as an endpaper in a bookbinding; The sheet is from the Bernard Middleton Collection. Bernard Middleton donated this sheet to Sidney E. Berger and Michele V. Cloonan circa 1990.; Section(s) from the Decorated and Decorative Paper Terms Thesaurus: VIII.F.4.f; Not signed. Not stamped.; One rough edge; lightly foxed.,Marbled papers,2021-06-16T15:55:49.336000+00:00,19th century [?],Texas A & M University. Libraries,https://api.library.tamu.edu/fcrepo/rest/3b/6f/c3/25/3b6fc325-f6ca-41d8-b91e-8c5db3be8c13/berger_cloonan_batch_4_objects/253/pages/page_0/files/08311.jpg,,
Paper,8285,StillImage,"No copyright - United States; For more information, see:  http://rightsstatements.org/vocab/NoC-US/1.0/",Openly accessible,"1 sheet of red, blue, green, yellow and white marbled paper; 7.75 x 10.25 in.",Berger-Cloonan #8285,reformatted digital,art reproduction|endpapers|Laid lines|nonpareil marbled paper,Distribution of fibers; Surface application; Laid; Marbled; C2.B4; Previously used as an endpaper in a bookbinding; attached to blank sheet of laid paper; The sheet is from the Bernard Middleton Collection. Bernard Middleton donated this sheet to Sidney E. Berger and Michele V. Cloonan circa 1990.; Section(s) from the Decorated and Decorative Paper Terms Thesaurus: II.E; VIII.F.1.e; Not signed. Not stamped.; Very faded; one rough edge.,Marbled papers,2021-06-16T15:49:52.024000+00:00,19th century [?],Texas A & M University. Libraries,https://api.library.tamu.edu/fcrepo/rest/3b/6f/c3/25/3b6fc325-f6ca-41d8-b91e-8c5db3be8c13/berger_cloonan_batch_4_objects/227/pages/page_0/files/08285.jpg,,
Paper,6907,StillImage,"No copyright - United States; For more information, see:  http://rightsstatements.org/vocab/NoC-US/1.0/",Openly accessible,"1 sheet of dark red, blue, yellow and white marbled paper; 8.00 x 13.50 in.",Berger-Cloonan #6907,reformatted digital,art reproduction|nonpareil marbled paper|endpapers,Surface application; Marbled; C2.B3; Previously used as an endpaper in a bookbinding; The sheet is from the Bernard Middleton Collection. Bernard Middleton donated this sheet to Sidney E. Berger and Michele V. Cloonan circa 1990.; Section(s) from the Decorated and Decorative Paper Terms Thesaurus: VIII.F.1.e; Not signed. Not stamped. Not stickered. Not embossed.; Corner missing; torn; abrasion.,Marbled papers,2021-06-16T15:06:42.589000+00:00,19th century,Texas A & M University. Libraries,https://api.library.tamu.edu/fcrepo/rest/3b/6f/c3/25/3b6fc325-f6ca-41d8-b91e-8c5db3be8c13/berger_cloonan_batch_4_objects/38/pages/page_0/files/06907.jpg,,
Paper,8240,StillImage,"No copyright - United States; For more information, see:  http://rightsstatements.org/vocab/NoC-US/1.0/",Openly accessible,"1 sheet of pink, blue, yellow, black and white marbled paper; 8.00 x 8.50 in.",Berger-Cloonan #8240,reformatted digital,art reproduction|endpapers|nonpareil marbled paper,Surface application; Marbled; C2.B4; Previously used as an endpaper in a bookbinding; The sheet is from the Bernard Middleton Collection. Bernard Middleton donated this sheet to Sidney E. Berger and Michele V. Cloonan circa 1990.; Section(s) from the Decorated and Decorative Paper Terms Thesaurus: VIII.F.1.e; Not signed. Not stamped.,Marbled papers,2021-06-16T15:39:34.740000+00:00,19th century,Texas A & M University. Libraries,https://api.library.tamu.edu/fcrepo/rest/3b/6f/c3/25/3b6fc325-f6ca-41d8-b91e-8c5db3be8c13/berger_cloonan_batch_4_objects/182/pages/page_0/files/08240.jpg,,
Paper,1342,StillImage,"No copyright - United States; For more information, see:  http://rightsstatements.org/vocab/NoC-US/1.0/",Openly accessible,"1 sheet of red, yellow, blue, black and white marbled paper; 16.00 x 24.00  in.",Berger-Cloonan #1342,reformatted digital,art reproduction|Combed marbled papers|curl marbled paper,"Surface application; Marbled; M4.D2.F5; Inscription on original piece: ""Gift of Karli Frigge 7/10/00"";""done in 1911"";""Gebr. GIELES.""; Karli Frigge donated the sheet to Sidney E. Berger and Michele V. Cloonan on 07/10/2000.; Section(s) from the Decorated and Decorative Paper Terms Thesaurus: VIII.F.1; Not signed. Stamped. Not stickered. Not embossed.; Slightly yellowed",Marbled papers,2021-06-16T14:58:36.370000+00:00,1911,Texas A & M University. Libraries,https://api.library.tamu.edu/fcrepo/rest/3b/6f/c3/25/3b6fc325-f6ca-41d8-b91e-8c5db3be8c13/berger_cloonan_batch_4_objects/3/pages/page_0/files/01342.jpg,,
Paper,8214,StillImage,"No copyright - United States; For more information, see:  http://rightsstatements.org/vocab/NoC-US/1.0/",Openly accessible,"1 sheet of dark red, blue and white marbled paper; 5.25 x 7.75 in.",Berger-Cloonan #8214,reformatted digital,nonpareil marbled paper|endpapers|art reproduction,"Surface application; Marbled; C2.B4; Previously used as an endpaper in a bookbinding; Inscription on original piece: ""Oct 13/92"", ""3548 90""; The sheet is from the Bernard Middleton Collection. Bernard Middleton donated this sheet to Sidney E. Berger and Michele V. Cloonan circa 1990.; Section(s) from the Decorated and Decorative Paper Terms Thesaurus: VIII.F.1.e; Not signed. Not stamped.; Holes.",Marbled papers,2021-06-16T15:33:39.479000+00:00,19th century,Texas A & M University. Libraries,https://api.library.tamu.edu/fcrepo/rest/3b/6f/c3/25/3b6fc325-f6ca-41d8-b91e-8c5db3be8c13/berger_cloonan_batch_4_objects/156/pages/page_0/files/08214.jpg,,
Paper,7005,StillImage,"No copyright - United States; For more information, see:  http://rightsstatements.org/vocab/NoC-US/1.0/",Openly accessible,"1 sheet of red, yellow, black and white marbled paper; 9.50 x 15.00 in.",Berger-Cloonan #7005,reformatted digital,Stormont marbled paper|art reproduction|endpapers,Surface application; Marbled; C2.B3; Previously used as an endpaper in a bookbinding; glossy finish; The sheet is from the Bernard Middleton Collection. Bernard Middleton donated this sheet to Sidney E. Berger and Michele V. Cloonan circa 1990.; Section(s) from the Decorated and Decorative Paper Terms Thesaurus: VIII.F.4.g; Not signed. Not stamped.; Creased and torn corners and edges.,Marbled papers,2021-06-16T15:28:51.112000+00:00,19th century,Texas A & M University. Libraries,https://api.library.tamu.edu/fcrepo/rest/3b/6f/c3/25/3b6fc325-f6ca-41d8-b91e-8c5db3be8c13/berger_cloonan_batch_4_objects/135/pages/page_0/files/07005.jpg,,
Paper,1350,StillImage,"No copyright - United States; For more information, see:  http://rightsstatements.org/vocab/NoC-US/1.0/",Openly accessible,1 sheet of silver and white embossed paper; 19.50 x 28.00 in.,Berger-Cloonan #1350,reformatted digital,art reproduction|embossed prints,"Surface treated; Embossed; M4.D2.F5; Pattern resembles lattice; Inscription on original piece: ""aschoffenberg""; Karli Frigge donated the sheet to Sidney E. Berger and Michele V. Cloonan.; Section(s) from the Decorated and Decorative Paper Terms Thesaurus: IX.D; Not signed. Not stamped. Not stickered. Not embossed.; 2 small tears along edge",Decorative paper,2021-06-16T15:00:29.555000+00:00,19th century,Texas A & M University. Libraries,https://api.library.tamu.edu/fcrepo/rest/3b/6f/c3/25/3b6fc325-f6ca-41d8-b91e-8c5db3be8c13/berger_cloonan_batch_4_objects/11/pages/page_0/files/01350.jpg,Aschoffenberg,Germany
Paper,8289,StillImage,"No copyright - United States; For more information, see:  http://rightsstatements.org/vocab/NoC-US/1.0/",Openly accessible,"1 sheet of black, blue, brown, gray and white marbled paper; 7.75 x 10.75 in.",Berger-Cloonan #8289,reformatted digital,art reproduction|curl marbled paper|endpapers|French snail marbled papers|dutch marbled paper,Surface application; Marbled; C2.B4; Previously used as an endpaper in a bookbinding; The sheet is from the Bernard Middleton Collection. Bernard Middleton donated this sheet to Sidney E. Berger and Michele V. Cloonan circa 1990.; Section(s) from the Decorated and Decorative Paper Terms Thesaurus: VIII.F.1.c; Not signed. Not stamped.; One rough edge.,Marbled papers,2021-06-16T15:50:46.821000+00:00,19th century [?],Texas A & M University. Libraries,https://api.library.tamu.edu/fcrepo/rest/3b/6f/c3/25/3b6fc325-f6ca-41d8-b91e-8c5db3be8c13/berger_cloonan_batch_4_objects/231/pages/page_0/files/08289.jpg,,
Paper,8206,StillImage,"No copyright - United States; For more information, see:  http://rightsstatements.org/vocab/NoC-US/1.0/",Openly accessible,"1 sheet of blue, pink, yellow, black and white marbled paper; 6.00 x 10.50 in.",Berger-Cloonan #8206,reformatted digital,art reproduction|nonpareil marbled paper|endpapers,Surface application; Marbled; C2.B4; Previously used as an endpaper in a bookbinding; The sheet is from the Bernard Middleton Collection. Bernard Middleton donated this sheet to Sidney E. Berger and Michele V. Cloonan circa 1990.; Section(s) from the Decorated and Decorative Paper Terms Thesaurus: VIII.F.1.e; Not signed. Not stamped.; Edge torn; small abraded area.,Marbled papers,2021-06-16T15:32:31.550000+00:00,19th century,Texas A & M University. Libraries,https://api.library.tamu.edu/fcrepo/rest/3b/6f/c3/25/3b6fc325-f6ca-41d8-b91e-8c5db3be8c13/berger_cloonan_batch_4_objects/151/pages/page_0/files/08206.jpg,,
Paper,6896,StillImage,"No copyright - United States; For more information, see:  http://rightsstatements.org/vocab/NoC-US/1.0/",Openly accessible,"1 sheet of pink, black and white marbled paper; 8.00 x 11.75 in.",Berger-Cloonan #6896,reformatted digital,art reproduction|nonpareil marbled paper|endpapers,Surface application; Marbled; C2.B3; Previously used as an endpaper in a bookbinding; The sheet is from the Bernard Middleton Collection. Bernard Middleton donated this sheet to Sidney E. Berger and Michele V. Cloonan circa 1990.; Section(s) from the Decorated and Decorative Paper Terms Thesaurus: VIII.F.1.e; Not signed. Not stamped.; Edge torn; corner creased.,Marbled papers,2021-06-16T15:04:12.377000+00:00,19th century,Texas A & M University. Libraries,https://api.library.tamu.edu/fcrepo/rest/3b/6f/c3/25/3b6fc325-f6ca-41d8-b91e-8c5db3be8c13/berger_cloonan_batch_4_objects/27/pages/page_0/files/06896.jpg,,
Paper,8229,StillImage,"No copyright - United States; For more information, see:  http://rightsstatements.org/vocab/NoC-US/1.0/",Openly accessible,"1 sheet of dark red, green, blue, yellow and white marbled paper; 4.00 x 6.50 in.",Berger-Cloonan #8229,reformatted digital,nonpareil marbled paper|endpapers|art reproduction,"Surface application; Marbled; C2.B4; Previously used as an endpaper in a bookbinding; Inscription on original piece: ""BOUND BY NUTT, CAMBRIDGE""; The sheet is from the Bernard Middleton Collection. Bernard Middleton donated this sheet to Sidney E. Berger and Michele V. Cloonan circa 1990.; Section(s) from the Decorated and Decorative Paper Terms Thesaurus: VIII.F.1.e; Not signed. stamped.",Marbled papers,2021-06-16T15:37:04.730000+00:00,19th century,Texas A & M University. Libraries,https://api.library.tamu.edu/fcrepo/rest/3b/6f/c3/25/3b6fc325-f6ca-41d8-b91e-8c5db3be8c13/berger_cloonan_batch_4_objects/171/pages/page_0/files/08229.jpg,,
Paper,8305,StillImage,"No copyright - United States; For more information, see:  http://rightsstatements.org/vocab/NoC-US/1.0/",Openly accessible,"1 sheet of blue, orange, gold and white marbled paper; 8.25 x 10.50 in.",Berger-Cloonan #8305,reformatted digital,Spanish random marbled papers|art reproduction|endpapers,"Surface application; Marbled; C2.B4; Previously used as an endpaper in a bookbinding; Glossy finish; Inscription on original piece: ""DOLL""; The sheet is from the Bernard Middleton Collection. Bernard Middleton donated this sheet to Sidney E. Berger and Michele V. Cloonan circa 1990.; Section(s) from the Decorated and Decorative Paper Terms Thesaurus: VIII.F.4.e; Not signed. Not stamped.; One rough edge.",Marbled papers,2021-06-16T15:54:26.603000+00:00,19th century [?],Texas A & M University. Libraries,https://api.library.tamu.edu/fcrepo/rest/3b/6f/c3/25/3b6fc325-f6ca-41d8-b91e-8c5db3be8c13/berger_cloonan_batch_4_objects/247/pages/page_0/files/08305.jpg,,
Paper,6912,StillImage,"No copyright - United States; For more information, see:  http://rightsstatements.org/vocab/NoC-US/1.0/",Openly accessible,"1 sheet of blue, pink, yellow and white marbled paper; 9.25 x 11.25 in.",Berger-Cloonan #6912,reformatted digital,endpapers|laid lines|art reproduction,"Distribution of fibers; Surface application; Laid; Marbled; C2.B3; Previously used as an endpaper in a bookbinding; attached to blank sheet of laid paper; Inscription on original piece: ""L. Famitz [?]""; ""dr AC""; The sheet is from the Bernard Middleton Collection. Bernard Middleton donated this sheet to Sidney E. Berger and Michele V. Cloonan circa 1990.; Section(s) from the Decorated and Decorative Paper Terms Thesaurus: II.E; VIII.F.1.e; Not signed. Not stamped.; Edges chipped.",Marbled papers,2021-06-16T15:07:50.600000+00:00,19th century,Texas A & M University. Libraries,https://api.library.tamu.edu/fcrepo/rest/3b/6f/c3/25/3b6fc325-f6ca-41d8-b91e-8c5db3be8c13/berger_cloonan_batch_4_objects/43/pages/page_0/files/06912.jpg,,
Paper,8273,StillImage,"No copyright - United States; For more information, see:  http://rightsstatements.org/vocab/NoC-US/1.0/",Openly accessible,"1 sheet of red, blue, yellow and white marbled paper; 5.00 x 7.25 in.",Berger-Cloonan #8273,reformatted digital,art reproduction|curl marbled paper|endpapers|French snail marbled papers|Laid lines|dutch marbled paper,"Distribution of fibers; Surface application; Laid; Marbled; C2.B4; Previously used as an endpaper in a bookbinding; Laid paper; Inscription on original piece: ""ha"", ""E[t]""; The sheet is from the Bernard Middleton Collection. Bernard Middleton donated this sheet to Sidney E. Berger and Michele V. Cloonan circa 1990.; Section(s) from the Decorated and Decorative Paper Terms Thesaurus: II.E; VIII.F.1.c; Not signed. Not stamped.; One rough edge; very faded; discoloration along edges.",Marbled papers,2021-06-16T15:47:07.132000+00:00,19th century [?],Texas A & M University. Libraries,https://api.library.tamu.edu/fcrepo/rest/3b/6f/c3/25/3b6fc325-f6ca-41d8-b91e-8c5db3be8c13/berger_cloonan_batch_4_objects/215/pages/page_0/files/08273.jpg,,
Paper,6993,StillImage,"No copyright - United States; For more information, see:  http://rightsstatements.org/vocab/NoC-US/1.0/",Openly accessible,"1 sheet of green, red, yellow, black and white marbled paper; 9.00 x 11.00 in.",Berger-Cloonan #6993,reformatted digital,art reproduction|Stormont marbled paper|endpapers,Surface application; Marbled; C2.B3; Previously used as an endpaper in a bookbinding; The sheet is from the Bernard Middleton Collection. Bernard Middleton donated this sheet to Sidney E. Berger and Michele V. Cloonan circa 1990.; Section(s) from the Decorated and Decorative Paper Terms Thesaurus: VIII.F.4.g; Not signed. Not stamped.; Yellowed and stained on verso; wrinkling; edge tear; creasing; slightly worn area along binding edge.,Marbled papers,2021-06-16T15:26:06.629000+00:00,19th century,Texas A & M University. Libraries,https://api.library.tamu.edu/fcrepo/rest/3b/6f/c3/25/3b6fc325-f6ca-41d8-b91e-8c5db3be8c13/berger_cloonan_batch_4_objects/123/pages/page_0/files/06993.jpg,,
Paper,1346,StillImage,"No copyright - United States; For more information, see:  http://rightsstatements.org/vocab/NoC-US/1.0/",Openly accessible,1 sheet of red embossed paper; 20.25 x 24.25  in.,Berger-Cloonan #1346,reformatted digital,embossed prints|art reproduction|grain patterns,"Surface treated; Embossed; M4.D2.F5; Inscription on original piece: ""aschoffenberg""; Karli Frigge donated the sheet to Sidney E. Berger and Michele V. Cloonan.; Section(s) from the Decorated and Decorative Paper Terms Thesaurus: IX.D.1; Not signed. Not stamped. Not stickered. Not embossed.; Several light and dark spots across sheet",Decorative paper,2021-06-16T14:59:32.660000+00:00,19th century,Texas A & M University. Libraries,https://api.library.tamu.edu/fcrepo/rest/3b/6f/c3/25/3b6fc325-f6ca-41d8-b91e-8c5db3be8c13/berger_cloonan_batch_4_objects/7/pages/page_0/files/01346.jpg,Aschoffenberg,Germany
Paper,6989,StillImage,"No copyright - United States; For more information, see:  http://rightsstatements.org/vocab/NoC-US/1.0/",Openly accessible,"1 sheet of green, red, yellow, black and white marbled paper; 9.00 x 11.00 in.",Berger-Cloonan #6989,reformatted digital,Stormont marbled paper|endpapers|art reproduction,Surface application; Marbled; C2.B3; Previously used as an endpaper in a bookbinding; The sheet is from the Bernard Middleton Collection. Bernard Middleton donated this sheet to Sidney E. Berger and Michele V. Cloonan circa 1990.; Section(s) from the Decorated and Decorative Paper Terms Thesaurus: VIII.F.4.g; Not signed. Not stamped.; Yellowed and stained on verso; wrinkling; slightly worn area along binding edge.,Marbled papers,2021-06-16T15:25:11.825000+00:00,19th century,Texas A & M University. Libraries,https://api.library.tamu.edu/fcrepo/rest/3b/6f/c3/25/3b6fc325-f6ca-41d8-b91e-8c5db3be8c13/berger_cloonan_batch_4_objects/119/pages/page_0/files/06989.jpg,,
Paper,8310,StillImage,"No copyright - United States; For more information, see:  http://rightsstatements.org/vocab/NoC-US/1.0/",Openly accessible,"1 sheet of blue, red, yellow, black and white marbled paper; 8.00 x 9.75 in.",Berger-Cloonan #8310,reformatted digital,art reproduction|endpapers|zebra marbled paper,Surface application; Marbled; C2.B4; Previously used as an endpaper in a bookbinding; Glossy finish; The sheet is from the Bernard Middleton Collection. Bernard Middleton donated this sheet to Sidney E. Berger and Michele V. Cloonan circa 1990.; Section(s) from the Decorated and Decorative Paper Terms Thesaurus: VIII.F.1.i; Not signed. Not stamped.; One rough edge; one corner creased.,Marbled papers,2021-06-16T15:55:35.509000+00:00,19th century [?],Texas A & M University. Libraries,https://api.library.tamu.edu/fcrepo/rest/3b/6f/c3/25/3b6fc325-f6ca-41d8-b91e-8c5db3be8c13/berger_cloonan_batch_4_objects/252/pages/page_0/files/08310.jpg,,
Paper,8164,StillImage,"No copyright - United States; For more information, see:  http://rightsstatements.org/vocab/NoC-US/1.0/",Openly accessible,"1 sheet of red, green, yellow and white marbled paper; 7.25 x 11.00 in.",Berger-Cloonan #8164,reformatted digital,art reproduction|curl marbled paper|endpapers|French snail marbled papers|dutch marbled paper,"Surface application; Marbled; C2.B4; Previously used as an endpaper in a bookbinding; semi-glossy finish; Inscription on original piece: ""lufn"";""11/3/37 Shuo Snoo""; The sheet is from the Bernard Middleton Collection. Bernard Middleton donated this sheet to Sidney E. Berger and Michele V. Cloonan circa 1990.; Section(s) from the Decorated and Decorative Paper Terms Thesaurus: VIII.F.1.c; Not signed. Not stamped. Not stickered. Not embossed.; Visible binding edge.",Marbled papers,2021-06-16T15:29:46.385000+00:00,19th century,Texas A & M University. Libraries,https://api.library.tamu.edu/fcrepo/rest/3b/6f/c3/25/3b6fc325-f6ca-41d8-b91e-8c5db3be8c13/berger_cloonan_batch_4_objects/139/pages/page_0/files/08164.jpg,,
Paper,1354,StillImage,"No copyright - United States; For more information, see:  http://rightsstatements.org/vocab/NoC-US/1.0/",Openly accessible,1 sheet of yellow and cream embossed paper; 19.75 x 28.00 in.,Berger-Cloonan #1354,reformatted digital,art reproduction|grained patterns,"Surface treated; Embossed; M4.D2.F5; Inscription on original piece: ""19th cent. aschoffenberg""; Section(s) from the Decorated and Decorative Paper Terms Thesaurus: IX.D.1; Not signed. Not stamped. Not stickered. Not embossed.",Decorative paper,2021-06-16T15:01:25.910000+00:00,19th century,Texas A & M University. Libraries,https://api.library.tamu.edu/fcrepo/rest/3b/6f/c3/25/3b6fc325-f6ca-41d8-b91e-8c5db3be8c13/berger_cloonan_batch_4_objects/15/pages/page_0/files/01354.jpg,Aschoffenberg,Germany
Paper,8293,StillImage,"No copyright - United States; For more information, see:  http://rightsstatements.org/vocab/NoC-US/1.0/",Openly accessible,"1 sheet of blue, green, yellow and white marbled paper; 8.25 x 9.00 in.",Berger-Cloonan #8293,reformatted digital,Random marbled papers|art reproduction|endpapers|moiré (pattern),Surface application; Marbled; C2.B4; Previously used as an endpaper in a bookbinding; Glossy finish; The sheet is from the Bernard Middleton Collection. Bernard Middleton donated this sheet to Sidney E. Berger and Michele V. Cloonan circa 1990.; Section(s) from the Decorated and Decorative Paper Terms Thesaurus: VIII.F.4.d; Not signed. Not stamped.; Bent corner.,Marbled papers,2021-06-16T15:51:41.720000+00:00,19th century [?],Texas A & M University. Libraries,https://api.library.tamu.edu/fcrepo/rest/3b/6f/c3/25/3b6fc325-f6ca-41d8-b91e-8c5db3be8c13/berger_cloonan_batch_4_objects/235/pages/page_0/files/08293.jpg,,
Paper,8212,StillImage,"No copyright - United States; For more information, see:  http://rightsstatements.org/vocab/NoC-US/1.0/",Openly accessible,"1 sheet of dark red, blue and white marbled paper; 5.50 x 7.00 in.",Berger-Cloonan #8212,reformatted digital,art reproduction|nonpareil marbled paper|endpapers,"Surface application; Marbled; C2.B4; Previously used as an endpaper in a bookbinding; Inscription on original piece: ""how""; The sheet is from the Bernard Middleton Collection. Bernard Middleton donated this sheet to Sidney E. Berger and Michele V. Cloonan circa 1990.; Section(s) from the Decorated and Decorative Paper Terms Thesaurus: VIII.F.1.e; Not signed. Not stamped.",Marbled papers,2021-06-16T15:33:25.893000+00:00,19th century,Texas A & M University. Libraries,https://api.library.tamu.edu/fcrepo/rest/3b/6f/c3/25/3b6fc325-f6ca-41d8-b91e-8c5db3be8c13/berger_cloonan_batch_4_objects/155/pages/page_0/files/08212.jpg,,
Paper,6900,StillImage,"No copyright - United States; For more information, see:  http://rightsstatements.org/vocab/NoC-US/1.0/",Openly accessible,"1 sheet of red, blue, yellow and white marbled paper; 9.00 x 12.50 in.",Berger-Cloonan #6900,reformatted digital,Combed marbled papers|art reproduction|endpapers,Surface application; Marbled; C2.B3; Previously used as an endpaper in a bookbinding; waved pattern; The sheet is from the Bernard Middleton Collection. Bernard Middleton donated this sheet to Sidney E. Berger and Michele V. Cloonan circa 1990.; Section(s) from the Decorated and Decorative Paper Terms Thesaurus: VIII.F.1; Not signed. Not stamped.,Marbled papers,2021-06-16T15:05:07.365000+00:00,19th century,Texas A & M University. Libraries,https://api.library.tamu.edu/fcrepo/rest/3b/6f/c3/25/3b6fc325-f6ca-41d8-b91e-8c5db3be8c13/berger_cloonan_batch_4_objects/31/pages/page_0/files/06900.jpg,,
Paper,1349,StillImage,"No copyright - United States; For more information, see:  http://rightsstatements.org/vocab/NoC-US/1.0/",Openly accessible,1 sheet of white embossed paper; 19.75 x 27.75 in.,Berger-Cloonan #1349,reformatted digital,art reproduction|pebble grain,"Surface treated; Embossed; M4.D2.F5; Inscription on original piece: ""aschoffenberg""; Section(s) from the Decorated and Decorative Paper Terms Thesaurus: IX.D.5; Not signed. Not stamped. Not stickered. Not embossed.",Decorative paper,2021-06-16T15:00:15.430000+00:00,19th century,Texas A & M University. Libraries,https://api.library.tamu.edu/fcrepo/rest/3b/6f/c3/25/3b6fc325-f6ca-41d8-b91e-8c5db3be8c13/berger_cloonan_batch_4_objects/10/pages/page_0/files/01349.jpg,Aschoffenberg,Germany
Paper,6958,StillImage,"No copyright - United States; For more information, see:  http://rightsstatements.org/vocab/NoC-US/1.0/",Openly accessible,"1 sheet of brown, black and tan marbled paper; 8.75 x 12.25 in.",Berger-Cloonan #6958,reformatted digital,Random marbled papers|art reproduction|endpapers,Surface application; Marbled; C2.B3; Previously used as an endpaper in a bookbinding; small black speckles; The sheet is from the Bernard Middleton Collection. Bernard Middleton donated this sheet to Sidney E. Berger and Michele V. Cloonan circa 1990.; Section(s) from the Decorated and Decorative Paper Terms Thesaurus: VIII.F.4; Not signed. Not stamped. Not stickered. Not embossed.; Corners cut.,Marbled papers,2021-06-16T15:18:07.070000+00:00,19th century,Texas A & M University. Libraries,https://api.library.tamu.edu/fcrepo/rest/3b/6f/c3/25/3b6fc325-f6ca-41d8-b91e-8c5db3be8c13/berger_cloonan_batch_4_objects/88/pages/page_0/files/06958.jpg,,
Paper,8277,StillImage,"No copyright - United States; For more information, see:  http://rightsstatements.org/vocab/NoC-US/1.0/",Openly accessible,"1 sheet of blue, pink, yellow and white marbled paper; 5.00 x 7.25 in.",Berger-Cloonan #8277,reformatted digital,art reproduction|curl marbled paper|endpapers|French snail marbled papers|Laid lines|dutch marbled paper,Distribution of fibers; Surface application; Laid; Marbled; C2.B4; Previously used as an endpaper in a bookbinding; Laid paper; The sheet is from the Bernard Middleton Collection. Bernard Middleton donated this sheet to Sidney E. Berger and Michele V. Cloonan circa 1990.; Section(s) from the Decorated and Decorative Paper Terms Thesaurus: II.E; VIII.F.1.c; Not signed. Not stamped.; Two torn edges; decoration scuffed on recto.,Marbled papers,2021-06-16T15:48:02.015000+00:00,19th century [?],Texas A & M University. Libraries,https://api.library.tamu.edu/fcrepo/rest/3b/6f/c3/25/3b6fc325-f6ca-41d8-b91e-8c5db3be8c13/berger_cloonan_batch_4_objects/219/pages/page_0/files/08277.jpg,,
Paper,1359,StillImage,"No copyright - United States; For more information, see:  http://rightsstatements.org/vocab/NoC-US/1.0/",Openly accessible,1 sheet of red embossed paper; 20.25 x 24.00 in.,Berger-Cloonan #1359,reformatted digital,embossed prints|art reproduction|grained patterns,"Surface treated; Embossed; M4.D2.F5; Inscription on original piece: ""Aschoffenberg""; Section(s) from the Decorated and Decorative Paper Terms Thesaurus: IX.D.1; Not signed. Not stamped. Not stickered. Not embossed.",Decorative paper,2021-06-16T15:02:36.125000+00:00,19th century,Texas A & M University. Libraries,https://api.library.tamu.edu/fcrepo/rest/3b/6f/c3/25/3b6fc325-f6ca-41d8-b91e-8c5db3be8c13/berger_cloonan_batch_4_objects/20/pages/page_0/files/01359.jpg,Aschoffenberg,Germany
Paper,6977,StillImage,"No copyright - United States; For more information, see:  http://rightsstatements.org/vocab/NoC-US/1.0/",Openly accessible,1 sheet of brown and white marbled paper; 9.00 x 14.00 in.,Berger-Cloonan #6977,reformatted digital,Random marbled papers|art reproduction|endpapers,"Surface application; Marbled; C2.B3; Previously used as an endpaper in a bookbinding;  [written in pencil on verso]: ""000 + L030 +""; The sheet is from the Bernard Middleton Collection. Bernard Middleton donated this sheet to Sidney E. Berger and Michele V. Cloonan circa 1990.; Section(s) from the Decorated and Decorative Paper Terms Thesaurus: VIII.F.4; Not signed. Not stamped.",Marbled papers,2021-06-16T15:22:27.681000+00:00,19th century,Texas A & M University. Libraries,https://api.library.tamu.edu/fcrepo/rest/3b/6f/c3/25/3b6fc325-f6ca-41d8-b91e-8c5db3be8c13/berger_cloonan_batch_4_objects/107/pages/page_0/files/06977.jpg,,
Paper,8298,StillImage,"No copyright - United States; For more information, see:  http://rightsstatements.org/vocab/NoC-US/1.0/",Openly accessible,"1 sheet of green, red and white marbled paper; 6.00 x 8.75 in.",Berger-Cloonan #8298,reformatted digital,Spanish random marbled papers|art reproduction|endpapers,"Surface application; Marbled; C2.B4; Previously used as an endpaper in a bookbinding; Inscription on original piece: ""John 77048""; The sheet is from the Bernard Middleton Collection. Bernard Middleton donated this sheet to Sidney E. Berger and Michele V. Cloonan circa 1990.; Section(s) from the Decorated and Decorative Paper Terms Thesaurus: VIII.F.4.e; Not signed. Not stamped.; One rough edge; very wrinkled.",Marbled papers,2021-06-16T15:52:50.375000+00:00,19th century [?],Texas A & M University. Libraries,https://api.library.tamu.edu/fcrepo/rest/3b/6f/c3/25/3b6fc325-f6ca-41d8-b91e-8c5db3be8c13/berger_cloonan_batch_4_objects/240/pages/page_0/files/08298.jpg,,
Paper,6997,StillImage,"No copyright - United States; For more information, see:  http://rightsstatements.org/vocab/NoC-US/1.0/",Openly accessible,"1 sheet of red, black and white marbled paper; 9.00 x 14.50 in.",Berger-Cloonan #6997,reformatted digital,art reproduction|Stormont marbled paper|endpapers,Surface application; Marbled; C2.B3; Previously used as an endpaper in a bookbinding; The sheet is from the Bernard Middleton Collection. Bernard Middleton donated this sheet to Sidney E. Berger and Michele V. Cloonan circa 1990.; Section(s) from the Decorated and Decorative Paper Terms Thesaurus: VIII.F.4.g; Not signed. Not stamped.; Faded; yellowed on verso; torn and creased corners and edges; binding tape along edge on recto.,Marbled papers,2021-06-16T15:27:01.450000+00:00,19th century,Texas A & M University. Libraries,https://api.library.tamu.edu/fcrepo/rest/3b/6f/c3/25/3b6fc325-f6ca-41d8-b91e-8c5db3be8c13/berger_cloonan_batch_4_objects/127/pages/page_0/files/06997.jpg,,
Paper,8198,StillImage,"No copyright - United States; For more information, see:  http://rightsstatements.org/vocab/NoC-US/1.0/",Openly accessible,"1 sheet of red, blue, green, yellow and white marbled paper; 7.50 x 9.50 in.",Berger-Cloonan #8198,reformatted digital,endpapers|nonpareil marbled paper|art reproduction,"Surface application; Marbled; C2.B4; All edges gilt. Previously used as an endpaper in a bookbinding; Inscriptions on original piece:  ""BOUND BY MACKENZIE, ""281""; ""5 vol. [illegible] paper"", ""E. 8. NL. Vol. 4. p. 289"", ""38465"", ""Costunen. [?]"", ""4""]; The sheet is from the Bernard Middleton Collection. Bernard Middleton donated this sheet to Sidney E. Berger and Michele V. Cloonan circa 1990.; Section(s) from the Decorated and Decorative Paper Terms Thesaurus: VIII.F.1.e; Not signed.  stamped.",Marbled papers,2021-06-16T15:30:41.842000+00:00,19th century,Texas A & M University. Libraries,https://api.library.tamu.edu/fcrepo/rest/3b/6f/c3/25/3b6fc325-f6ca-41d8-b91e-8c5db3be8c13/berger_cloonan_batch_4_objects/143/pages/page_0/files/08198.jpg,,
Paper,6992,StillImage,"No copyright - United States; For more information, see:  http://rightsstatements.org/vocab/NoC-US/1.0/",Openly accessible,"1 sheet of green, red, yellow, black and white marbled paper; 9.00 x 11.00 in.",Berger-Cloonan #6992,reformatted digital,art reproduction|Stormont marbled paper|endpapers,"Surface application; Marbled; C2.B3; Previously used as an endpaper in a bookbinding; Inscription on original piece: ""10,000 -- HV-26 3 vols +Atlas""; The sheet is from the Bernard Middleton Collection. Bernard Middleton donated this sheet to Sidney E. Berger and Michele V. Cloonan circa 1990.; Section(s) from the Decorated and Decorative Paper Terms Thesaurus: VIII.F.4.g; Not signed. Not stamped.; Yellowed and stained on verso; wrinkling; creased corner; corner crease line on recto; slightly worn area along binding edge.",Marbled papers,2021-06-16T15:25:52.882000+00:00,19th century,Texas A & M University. Libraries,https://api.library.tamu.edu/fcrepo/rest/3b/6f/c3/25/3b6fc325-f6ca-41d8-b91e-8c5db3be8c13/berger_cloonan_batch_4_objects/122/pages/page_0/files/06992.jpg,,
Paper,1353,StillImage,"No copyright - United States; For more information, see:  http://rightsstatements.org/vocab/NoC-US/1.0/",Openly accessible,1 sheet of dark brown and cream embossed paper; 19.75 x 28.00 in.,Berger-Cloonan #1353,reformatted digital,embossed prints|art reproduction,"Surface treated; Embossed leatherette paper; M4.D2.F5; Inscription on original piece: ""aschoffenberg""; Section(s) from the Decorated and Decorative Paper Terms Thesaurus: IX.D.2; Not signed. Not stamped. Not stickered. Not embossed.",Decorative paper,2021-06-16T15:01:11.891000+00:00,19th century,Texas A & M University. Libraries,https://api.library.tamu.edu/fcrepo/rest/3b/6f/c3/25/3b6fc325-f6ca-41d8-b91e-8c5db3be8c13/berger_cloonan_batch_4_objects/14/pages/page_0/files/01353.jpg,Aschoffenberg,Germany
Paper,8292,StillImage,"No copyright - United States; For more information, see:  http://rightsstatements.org/vocab/NoC-US/1.0/",Openly accessible,"1 sheet of blue, brown, red, yellow and white marbled paper; 7.00 x 10.00 in.",Berger-Cloonan #8292,reformatted digital,Spanish random marbled papers|art reproduction|endpapers,"Surface application; Marbled; C2.B4; Previously used as an endpaper in a bookbinding; Inscriptions on original piece: ""2008 7/6"", ""2008[?/[?]""; The sheet is from the Bernard Middleton Collection. Bernard Middleton donated this sheet to Sidney E. Berger and Michele V. Cloonan circa 1990.; Section(s) from the Decorated and Decorative Paper Terms Thesaurus: VIII.F.4.e; Not signed. Not stamped.; One rough edge; several tears into edges; bent corner; brown spot on recto.",Marbled papers,2021-06-16T15:51:27.933000+00:00,19th century [?],Texas A & M University. Libraries,https://api.library.tamu.edu/fcrepo/rest/3b/6f/c3/25/3b6fc325-f6ca-41d8-b91e-8c5db3be8c13/berger_cloonan_batch_4_objects/234/pages/page_0/files/08292.jpg,,
Paper,7002,StillImage,"No copyright - United States; For more information, see:  http://rightsstatements.org/vocab/NoC-US/1.0/",Openly accessible,"1 sheet of red, green, yellow, black and white marbled paper; 7.50 x 12.50 in.",Berger-Cloonan #7002,reformatted digital,art reproduction|Stormont marbled paper|endpapers,Surface application; Marbled; C2.B3; Previously used as an endpaper in a bookbinding; heavier weight paper; glossy finish; The sheet is from the Bernard Middleton Collection. Bernard Middleton donated this sheet to Sidney E. Berger and Michele V. Cloonan circa 1990.; Section(s) from the Decorated and Decorative Paper Terms Thesaurus: VIII.F.4.g; Not signed. Not stamped.; Slight yellowed on verso; edge with red binding material on verso.,Marbled papers,2021-06-16T15:28:09.910000+00:00,19th century,Texas A & M University. Libraries,https://api.library.tamu.edu/fcrepo/rest/3b/6f/c3/25/3b6fc325-f6ca-41d8-b91e-8c5db3be8c13/berger_cloonan_batch_4_objects/132/pages/page_0/files/07002.jpg,,
Paper,6899,StillImage,"No copyright - United States; For more information, see:  http://rightsstatements.org/vocab/NoC-US/1.0/",Openly accessible,"1 sheet of dark red, dark blue and white marbled paper; 8.00 x 13.00 in.",Berger-Cloonan #6899,reformatted digital,art reproduction|Bouquet marbled papers|endpapers|curled marbled paper,Surface application; Marbled; C2.B3; Previously used as an endpaper in a bookbinding; The sheet is from the Bernard Middleton Collection. Bernard Middleton donated this sheet to Sidney E. Berger and Michele V. Cloonan circa 1990.; Section(s) from the Decorated and Decorative Paper Terms Thesaurus: VIII.F.1.a; Not signed. Not stamped.; Edge torn.,Marbled papers,2021-06-16T15:04:53.496000+00:00,19th century,Texas A & M University. Libraries,https://api.library.tamu.edu/fcrepo/rest/3b/6f/c3/25/3b6fc325-f6ca-41d8-b91e-8c5db3be8c13/berger_cloonan_batch_4_objects/30/pages/page_0/files/06899.jpg,,
Paper,6961,StillImage,"No copyright - United States; For more information, see:  http://rightsstatements.org/vocab/NoC-US/1.0/",Openly accessible,"1 sheet of brown, red, black and white marbled paper; 8.00 x 10.75 in.",Berger-Cloonan #6961,reformatted digital,art reproduction|hair vein marbled patterns|endpapers,Surface application; Marbled; C2.B3; Previously used as an endpaper in a bookbinding; The sheet is from the Bernard Middleton Collection. Bernard Middleton donated this sheet to Sidney E. Berger and Michele V. Cloonan circa 1990.; Section(s) from the Decorated and Decorative Paper Terms Thesaurus: VIII.F.4.c; Not signed. Not stamped.; Edges torn; red stains.,Marbled papers,2021-06-16T15:18:48.225000+00:00,19th century,Texas A & M University. Libraries,https://api.library.tamu.edu/fcrepo/rest/3b/6f/c3/25/3b6fc325-f6ca-41d8-b91e-8c5db3be8c13/berger_cloonan_batch_4_objects/91/pages/page_0/files/06961.jpg,,
Paper,6957,StillImage,"No copyright - United States; For more information, see:  http://rightsstatements.org/vocab/NoC-US/1.0/",Openly accessible,"1 sheet of light brown, dark brown and white marbled paper; 7.50 x 12.00 in.",Berger-Cloonan #6957,reformatted digital,endpapers|Random marbled papers|art reproduction,Distribution of fibers; Surface application; Laid; Marbled; C2.B3; Previously used as an endpaper in a bookbinding; attached to blank sheet of laid paper; The sheet is from the Bernard Middleton Collection. Bernard Middleton donated this sheet to Sidney E. Berger and Michele V. Cloonan circa 1990.; Section(s) from the Decorated and Decorative Paper Terms Thesaurus: II.E; VIII.F.4; Not signed. Not stamped. Not stickered. Not embossed.,Marbled papers,2021-06-16T15:17:53.367000+00:00,19th century,Texas A & M University. Libraries,https://api.library.tamu.edu/fcrepo/rest/3b/6f/c3/25/3b6fc325-f6ca-41d8-b91e-8c5db3be8c13/berger_cloonan_batch_4_objects/87/pages/page_0/files/06957.jpg,,
Paper,8280,StillImage,"No copyright - United States; For more information, see:  http://rightsstatements.org/vocab/NoC-US/1.0/",Openly accessible,"1 sheet of blue, red, green, yellow and white marbled paper; 8.00 x 11.25 in.",Berger-Cloonan #8280,reformatted digital,Combed marbled|endpapers|Laid lines|art reproduction,"Distribution of fibers; Surface application; Laid; Marbled; C2.B4; Previously used as an endpaper in a bookbinding; Laid paper; Inscription on original piece: ""1986""; The sheet is from the Bernard Middleton Collection. Bernard Middleton donated this sheet to Sidney E. Berger and Michele V. Cloonan circa 1990.; Section(s) from the Decorated and Decorative Paper Terms Thesaurus: II.E; VIII.F.1; Not signed. Not stamped.; Faded; bent corners; one rough edge.",Marbled papers,2021-06-16T15:48:43.283000+00:00,19th century [?],Texas A & M University. Libraries,https://api.library.tamu.edu/fcrepo/rest/3b/6f/c3/25/3b6fc325-f6ca-41d8-b91e-8c5db3be8c13/berger_cloonan_batch_4_objects/222/pages/page_0/files/08280.jpg,,
Paper,8276,StillImage,"No copyright - United States; For more information, see:  http://rightsstatements.org/vocab/NoC-US/1.0/",Openly accessible,"1 sheet of blue, red, yellow, green and white marbled paper; 7.75 x 10.50 in.",Berger-Cloonan #8276,reformatted digital,curl marbled paper|endpapers|French snail marbled papers|dutch marbled paper|art reproduction,"Surface application; Marbled; C2.B4; Previously used as an endpaper in a bookbinding; Inscription on original piece: ""12"" [circled]; The sheet is from the Bernard Middleton Collection. Bernard Middleton donated this sheet to Sidney E. Berger and Michele V. Cloonan circa 1990.; Section(s) from the Decorated and Decorative Paper Terms Thesaurus: VIII.F.1.c; Not signed. Not stamped.; One rough edge; one edge torn.",Marbled papers,2021-06-16T15:47:48.320000+00:00,19th century [?],Texas A & M University. Libraries,https://api.library.tamu.edu/fcrepo/rest/3b/6f/c3/25/3b6fc325-f6ca-41d8-b91e-8c5db3be8c13/berger_cloonan_batch_4_objects/218/pages/page_0/files/08276.jpg,,
Paper,6980,StillImage,"No copyright - United States; For more information, see:  http://rightsstatements.org/vocab/NoC-US/1.0/",Openly accessible,"1 sheet of light pink, dark pink, blue, yellow and white marbled paper; 5.75 x 9.25 in.",Berger-Cloonan #6980,reformatted digital,laid lines|art reproduction|endpapers|zebra marbled paper,Distribution of fibers; Surface application; Laid; Marbled; C2.B3; Previously used as an endpaper in a bookbinding; attached to blank sheet of laid paper; The sheet is from the Bernard Middleton Collection. Bernard Middleton donated this sheet to Sidney E. Berger and Michele V. Cloonan circa 1990.; Section(s) from the Decorated and Decorative Paper Terms Thesaurus: II.E; VIII.F.1.i; Not signed. Not stamped.; Edges torn.,Marbled papers,2021-06-16T15:23:08.717000+00:00,19th century,Texas A & M University. Libraries,https://api.library.tamu.edu/fcrepo/rest/3b/6f/c3/25/3b6fc325-f6ca-41d8-b91e-8c5db3be8c13/berger_cloonan_batch_4_objects/110/pages/page_0/files/06980.jpg,,
Paper,6976,StillImage,"No copyright - United States; For more information, see:  http://rightsstatements.org/vocab/NoC-US/1.0/",Openly accessible,1 sheet of brown and white marbled paper; 9.00 x 14.00 in.,Berger-Cloonan #6976,reformatted digital,Random marbled papers|art reproduction|endpapers,Surface application; Marbled; C2.B3; Previously used as an endpaper in a bookbinding; The sheet is from the Bernard Middleton Collection. Bernard Middleton donated this sheet to Sidney E. Berger and Michele V. Cloonan circa 1990.; Section(s) from the Decorated and Decorative Paper Terms Thesaurus: VIII.F.4; Not signed. Not stamped.,Marbled papers,2021-06-16T15:22:13.865000+00:00,19th century,Texas A & M University. Libraries,https://api.library.tamu.edu/fcrepo/rest/3b/6f/c3/25/3b6fc325-f6ca-41d8-b91e-8c5db3be8c13/berger_cloonan_batch_4_objects/106/pages/page_0/files/06976.jpg,,
Paper,6996,StillImage,"No copyright - United States; For more information, see:  http://rightsstatements.org/vocab/NoC-US/1.0/",Openly accessible,"1 sheet of red, brown, black and white marbled paper; 7.50 x 13.00 in.",Berger-Cloonan #6996,reformatted digital,art reproduction|Stormont marbled paper|endpapers,Surface application; Marbled; C2.B3; Previously used as an endpaper in a bookbinding; semi-glossy finish; The sheet is from the Bernard Middleton Collection. Bernard Middleton donated this sheet to Sidney E. Berger and Michele V. Cloonan circa 1990.; Section(s) from the Decorated and Decorative Paper Terms Thesaurus: VIII.F.4.g; Not signed. Not stamped.; Yellowed on verso; creased corner and edge; worn area on recto; wrinkling; binding edge attached on verso.,Marbled papers,2021-06-16T15:26:47.699000+00:00,19th century,Texas A & M University. Libraries,https://api.library.tamu.edu/fcrepo/rest/3b/6f/c3/25/3b6fc325-f6ca-41d8-b91e-8c5db3be8c13/berger_cloonan_batch_4_objects/126/pages/page_0/files/06996.jpg,,
Paper,6928,StillImage,"No copyright - United States; For more information, see:  http://rightsstatements.org/vocab/NoC-US/1.0/",Openly accessible,"1 sheet of blue, brown, yellow and gray marbled paper; 9.25 x 11.50 in.",Berger-Cloonan #6928,reformatted digital,art reproduction|endpapers|curled marbled paper|French snail marbled papers|Dutch marbled paper,Surface application; Marbled; C2.B3; Previously used as an endpaper in a bookbinding; The sheet is from the Bernard Middleton Collection. Bernard Middleton donated this sheet to Sidney E. Berger and Michele V. Cloonan circa 1990.; Section(s) from the Decorated and Decorative Paper Terms Thesaurus: VIII.F.1.c; Not signed. Not stamped.; Abrasion.,Marbled papers,2021-06-16T15:11:29.112000+00:00,19th century,Texas A & M University. Libraries,https://api.library.tamu.edu/fcrepo/rest/3b/6f/c3/25/3b6fc325-f6ca-41d8-b91e-8c5db3be8c13/berger_cloonan_batch_4_objects/59/pages/page_0/files/06928.jpg,,
Paper,8197,StillImage,"No copyright - United States; For more information, see:  http://rightsstatements.org/vocab/NoC-US/1.0/",Openly accessible,"1 sheet of red, blue, green, yellow and white marbled paper; 5.25 x 7.25 in.",Berger-Cloonan #8197,reformatted digital,art reproduction|nonpareil marbled paper|endpapers,"Surface application; Marbled; C2.B4; Previously used as an endpaper in a bookbinding; Inscription on original piece: ""BOUND BY J. CLARKE""; ""The 'Address to the Reader' signed by J. [illegible]; the Publisher is in this copy extended to 5 lines whereas in other issues of same state it is in 3""; The sheet is from the Bernard Middleton Collection. Bernard Middleton donated this sheet to Sidney E. Berger and Michele V. Cloonan circa 1990.; Section(s) from the Decorated and Decorative Paper Terms Thesaurus: VIII.F.1.e; Not signed. stamped.",Marbled papers,2021-06-16T15:30:28.049000+00:00,19th century,Texas A & M University. Libraries,https://api.library.tamu.edu/fcrepo/rest/3b/6f/c3/25/3b6fc325-f6ca-41d8-b91e-8c5db3be8c13/berger_cloonan_batch_4_objects/142/pages/page_0/files/08197.jpg,,
Paper,8296,StillImage,"No copyright - United States; For more information, see:  http://rightsstatements.org/vocab/NoC-US/1.0/",Openly accessible,"1 sheet of pink, brown and white marbled paper; 8.25 x 10.75 in.",Berger-Cloonan #8296,reformatted digital,Spanish random marbled papers|art reproduction|endpapers,Surface application; Marbled; C2.B4; Previously used as an endpaper in a bookbinding; The sheet is from the Bernard Middleton Collection. Bernard Middleton donated this sheet to Sidney E. Berger and Michele V. Cloonan circa 1990.; Section(s) from the Decorated and Decorative Paper Terms Thesaurus: VIII.F.4.e; Not signed. Not stamped.; One rough edge; joined (overlapping) with another strip of paper along one edge.,Marbled papers,2021-06-16T15:52:23.022000+00:00,19th century [?],Texas A & M University. Libraries,https://api.library.tamu.edu/fcrepo/rest/3b/6f/c3/25/3b6fc325-f6ca-41d8-b91e-8c5db3be8c13/berger_cloonan_batch_4_objects/238/pages/page_0/files/08296.jpg,,
Paper,8257,StillImage,"No copyright - United States; For more information, see:  http://rightsstatements.org/vocab/NoC-US/1.0/",Openly accessible,"1 sheet of green, orange, red and white marbled paper; 8.25 x 11.25 in.",Berger-Cloonan #8257,reformatted digital,dutch marbled paper|art reproduction|curl marbled paper|endpapers|French snail marbled papers,Surface application; Marbled; C2.B4; Previously used as an endpaper in a bookbinding; The sheet is from the Bernard Middleton Collection. Bernard Middleton donated this sheet to Sidney E. Berger and Michele V. Cloonan circa 1990.; Section(s) from the Decorated and Decorative Paper Terms Thesaurus: VIII.F.1.c; Not signed. Not stamped.; Edges torn.,Marbled papers,2021-06-16T15:43:27.969000+00:00,19th century,Texas A & M University. Libraries,https://api.library.tamu.edu/fcrepo/rest/3b/6f/c3/25/3b6fc325-f6ca-41d8-b91e-8c5db3be8c13/berger_cloonan_batch_4_objects/199/pages/page_0/files/08257.jpg,,
Paper,6945,StillImage,"No copyright - United States; For more information, see:  http://rightsstatements.org/vocab/NoC-US/1.0/",Openly accessible,"1 sheet of light blue, dark blue, pink, light green and white marbled paper; 7.75 x 12.50 in.",Berger-Cloonan #6945,reformatted digital,Stone marbled papers|agate marbled paper|art reproduction|endpapers,Surface application; Marbled; C2.B3; Previously used as an endpaper in a bookbinding; The sheet is from the Bernard Middleton Collection. Bernard Middleton donated this sheet to Sidney E. Berger and Michele V. Cloonan circa 1990.; Section(s) from the Decorated and Decorative Paper Terms Thesaurus: VIII.F.4.f; Not signed. Not stamped.; Creased.,Marbled papers,2021-06-16T15:15:08.800000+00:00,19th century,Texas A & M University. Libraries,https://api.library.tamu.edu/fcrepo/rest/3b/6f/c3/25/3b6fc325-f6ca-41d8-b91e-8c5db3be8c13/berger_cloonan_batch_4_objects/75/pages/page_0/files/06945.jpg,,
Paper,6965,StillImage,"No copyright - United States; For more information, see:  http://rightsstatements.org/vocab/NoC-US/1.0/",Openly accessible,"1 sheet of brown, dark orange, black and white marbled paper; 9.75 x 13.50 in.",Berger-Cloonan #6965,reformatted digital,endpapers|art reproduction|Stormont marbled paper,Surface application; Marbled; C2.B3; Previously used as an endpaper in a bookbinding; The sheet is from the Bernard Middleton Collection. Bernard Middleton donated this sheet to Sidney E. Berger and Michele V. Cloonan circa 1990.; Section(s) from the Decorated and Decorative Paper Terms Thesaurus: VIII.F.4.g; Not signed. Not stamped.; Pieces missing; crumpled; torn; folded.,Marbled papers,2021-06-16T15:19:42.900000+00:00,19th century,Texas A & M University. Libraries,https://api.library.tamu.edu/fcrepo/rest/3b/6f/c3/25/3b6fc325-f6ca-41d8-b91e-8c5db3be8c13/berger_cloonan_batch_4_objects/95/pages/page_0/files/06965.jpg,,
Paper,8284,StillImage,"No copyright - United States; For more information, see:  http://rightsstatements.org/vocab/NoC-US/1.0/",Openly accessible,"1 sheet of red, blue, green, yellow and white marbled paper; 7.75 x 10.25 in.",Berger-Cloonan #8284,reformatted digital,art reproduction|endpapers|Laid lines|nonpareil marbled paper,Distribution of fibers; Surface application; Laid; Marbled; C2.B4; Previously used as an endpaper in a bookbinding; laid paper; The sheet is from the Bernard Middleton Collection. Bernard Middleton donated this sheet to Sidney E. Berger and Michele V. Cloonan circa 1990.; Section(s) from the Decorated and Decorative Paper Terms Thesaurus: II.E; VIII.F.1.e; Not signed. Not stamped.; Very faded; decoration scuffed on recto; one rough edge.,Marbled papers,2021-06-16T15:49:38.289000+00:00,19th century [?],Texas A & M University. Libraries,https://api.library.tamu.edu/fcrepo/rest/3b/6f/c3/25/3b6fc325-f6ca-41d8-b91e-8c5db3be8c13/berger_cloonan_batch_4_objects/226/pages/page_0/files/08284.jpg,,
Paper,8264,StillImage,"No copyright - United States; For more information, see:  http://rightsstatements.org/vocab/NoC-US/1.0/",Openly accessible,"1 sheet of blue, pink, light green and white marbled paper; 5.50 x 8.75 in.",Berger-Cloonan #8264,reformatted digital,dutch marbled paper|art reproduction|curl marbled paper|endpapers|French snail marbled papers,Surface application; Marbled; C2.B4; Previously used as an endpaper in a bookbinding; The sheet is from the Bernard Middleton Collection. Bernard Middleton donated this sheet to Sidney E. Berger and Michele V. Cloonan circa 1990.; Section(s) from the Decorated and Decorative Paper Terms Thesaurus: VIII.F.1.c; Not signed. Not stamped.; Edge torn.,Marbled papers,2021-06-16T15:45:03.682000+00:00,19th century,Texas A & M University. Libraries,https://api.library.tamu.edu/fcrepo/rest/3b/6f/c3/25/3b6fc325-f6ca-41d8-b91e-8c5db3be8c13/berger_cloonan_batch_4_objects/206/pages/page_0/files/08264.jpg,,
Paper,7001,StillImage,"No copyright - United States; For more information, see:  http://rightsstatements.org/vocab/NoC-US/1.0/",Openly accessible,"1 sheet of red, green, yellow, black and white marbled paper; 7.50 x 12.50 in.",Berger-Cloonan #7001,reformatted digital,art reproduction|Stormont marbled paper|endpapers,Surface application; Marbled; C2.B3; Previously used as an endpaper in a bookbinding; heavier weight paper; glossy finish; The sheet is from the Bernard Middleton Collection. Bernard Middleton donated this sheet to Sidney E. Berger and Michele V. Cloonan circa 1990.; Section(s) from the Decorated and Decorative Paper Terms Thesaurus: VIII.F.4.g; Not signed. Not stamped.; Slight yellowed on verso; tiny edge tears; edge with red binding material on  verso.,Marbled papers,2021-06-16T15:27:56.242000+00:00,19th century,Texas A & M University. Libraries,https://api.library.tamu.edu/fcrepo/rest/3b/6f/c3/25/3b6fc325-f6ca-41d8-b91e-8c5db3be8c13/berger_cloonan_batch_4_objects/131/pages/page_0/files/07001.jpg,,
Paper,8390,StillImage,"No copyright - United States; For more information, see:  http://rightsstatements.org/vocab/NoC-US/1.0/",Openly accessible,"1 sheet of black, gray, red, gold and white marbled paper; 7.25 x 11.25 in.",Berger-Cloonan #8390,reformatted digital,Stone marbled papers|agate marbled paper|art reproduction|endpapers,Surface application; Marbled; C2.B4; Previously used as an endpaper in a bookbinding; glossy sheen; The sheet is from the Bernard Middleton Collection. Bernard Middleton donated this sheet to Sidney E. Berger and Michele V. Cloonan circa 1990.; Section(s) from the Decorated and Decorative Paper Terms Thesaurus: VIII.F.4.f; Not signed. Not stamped.; Rough binding edge.,Marbled papers,2021-06-16T15:59:16.097000+00:00,19th century,Texas A & M University. Libraries,https://api.library.tamu.edu/fcrepo/rest/3b/6f/c3/25/3b6fc325-f6ca-41d8-b91e-8c5db3be8c13/berger_cloonan_batch_4_objects/268/pages/page_0/files/08390.jpg,,
Paper,1341,StillImage,"No copyright - United States; For more information, see:  http://rightsstatements.org/vocab/NoC-US/1.0/",Openly accessible,"1 sheet of red, yellow, blue, black and white marbled paper; 16.00 x 24.00  in.",Berger-Cloonan #1341,reformatted digital,art reproduction|Combed marbled papers|curled marbled paper,"Surface application; Marbled; M4.D2.F5; Inscription on original piece: ""Gift of Karli Frigge 7/10/00"";""done in 1911"";""Gebr. GIELES.""; Karli Frigge donated the sheet to Sidney E. Berger and Michele V. Cloonan on 07/10/2000.; Section(s) from the Decorated and Decorative Paper Terms Thesaurus: VIII.F.1; Not signed. Stamped. Not stickered. Not embossed.; Slightly yellowed",Marbled papers,2021-06-16T14:58:22.318000+00:00,1911,Texas A & M University. Libraries,https://api.library.tamu.edu/fcrepo/rest/3b/6f/c3/25/3b6fc325-f6ca-41d8-b91e-8c5db3be8c13/berger_cloonan_batch_4_objects/2/pages/page_0/files/01341.jpg,,
Paper,6984,StillImage,"No copyright - United States; For more information, see:  http://rightsstatements.org/vocab/NoC-US/1.0/",Openly accessible,"1 sheet of red, yellow, black, white and tan marbled paper; 10.00 x 12.50 in.",Berger-Cloonan #6984,reformatted digital,zebra marbled paper|art reproduction|endpapers,Surface application; Marbled; C2.B3; Previously used as an endpaper in a bookbinding; The sheet is from the Bernard Middleton Collection. Bernard Middleton donated this sheet to Sidney E. Berger and Michele V. Cloonan circa 1990.; Section(s) from the Decorated and Decorative Paper Terms Thesaurus: VIII.F.1.i; Not signed. Not stamped.; Edge tears; creasing; stains on verso.,Marbled papers,2021-06-16T15:24:03.370000+00:00,19th century,Texas A & M University. Libraries,https://api.library.tamu.edu/fcrepo/rest/3b/6f/c3/25/3b6fc325-f6ca-41d8-b91e-8c5db3be8c13/berger_cloonan_batch_4_objects/114/pages/page_0/files/06984.jpg,,
Paper,6960,StillImage,"No copyright - United States; For more information, see:  http://rightsstatements.org/vocab/NoC-US/1.0/",Openly accessible,"1 sheet of dark red, green, black, tan and white marbled paper; 4.50 x 12.75 in.",Berger-Cloonan #6960,reformatted digital,endpapers|art reproduction|Combed marbled papers,Surface application; Marbled; C2.B3; Previously used as an endpaper in a bookbinding; The sheet is from the Bernard Middleton Collection. Bernard Middleton donated this sheet to Sidney E. Berger and Michele V. Cloonan circa 1990.; Section(s) from the Decorated and Decorative Paper Terms Thesaurus: VIII.F.1; Not signed. Not stamped.; Abrasion.,Marbled papers,2021-06-16T15:18:34.459000+00:00,19th century,Texas A & M University. Libraries,https://api.library.tamu.edu/fcrepo/rest/3b/6f/c3/25/3b6fc325-f6ca-41d8-b91e-8c5db3be8c13/berger_cloonan_batch_4_objects/90/pages/page_0/files/06960.jpg,,
Paper,6933,StillImage,"No copyright - United States; For more information, see:  http://rightsstatements.org/vocab/NoC-US/1.0/",Openly accessible,"1 sheet of blue, brown, yellow and gray marbled paper; 9.25 x 11.50 in.",Berger-Cloonan #6933,reformatted digital,art reproduction|endpapers|curled marbled paper|French snail marbled papers|Dutch marbled paper,Surface application; Marbled; C2.B3; Previously used as an endpaper in a bookbinding; The sheet is from the Bernard Middleton Collection. Bernard Middleton donated this sheet to Sidney E. Berger and Michele V. Cloonan circa 1990.; Section(s) from the Decorated and Decorative Paper Terms Thesaurus: VIII.F.1.c; Not signed. Not stamped.; Abrasion.,Marbled papers,2021-06-16T15:12:37.971000+00:00,19th century,Texas A & M University. Libraries,https://api.library.tamu.edu/fcrepo/rest/3b/6f/c3/25/3b6fc325-f6ca-41d8-b91e-8c5db3be8c13/berger_cloonan_batch_4_objects/64/pages/page_0/files/06933.jpg,,
Paper,8279,StillImage,"No copyright - United States; For more information, see:  http://rightsstatements.org/vocab/NoC-US/1.0/",Openly accessible,"1 sheet of blue, red, yellow and white marbled paper; 9.00 x 11.75 in.",Berger-Cloonan #8279,reformatted digital,art reproduction|curl marbled paper|endpapers|French snail marbled papers|dutch marbled paper,"Surface application; Marbled; C2.B4; Previously used as an endpaper in a bookbinding; Heavy weight; Inscription on original piece: ""7""; The sheet is from the Bernard Middleton Collection. Bernard Middleton donated this sheet to Sidney E. Berger and Michele V. Cloonan circa 1990.; Section(s) from the Decorated and Decorative Paper Terms Thesaurus: VIII.F.1.c; Not signed. Not stamped.; Large tear into top edge; small tears in other edges; large piece torn from one corner; lightly foxed.",Marbled papers,2021-06-16T15:48:29.619000+00:00,19th century [?],Texas A & M University. Libraries,https://api.library.tamu.edu/fcrepo/rest/3b/6f/c3/25/3b6fc325-f6ca-41d8-b91e-8c5db3be8c13/berger_cloonan_batch_4_objects/221/pages/page_0/files/08279.jpg,,
Paper,8245,StillImage,"No copyright - United States; For more information, see:  http://rightsstatements.org/vocab/NoC-US/1.0/",Openly accessible,"1 sheet of blue, black, yellow, pink and white marbled paper; 8.50 x 10.50 in.",Berger-Cloonan #8245,reformatted digital,endpapers|nonpareil marbled paper|art reproduction,Surface application; Marbled; C2.B4; Previously used as an endpaper in a bookbinding; The sheet is from the Bernard Middleton Collection. Bernard Middleton donated this sheet to Sidney E. Berger and Michele V. Cloonan circa 1990.; Section(s) from the Decorated and Decorative Paper Terms Thesaurus: VIII.F.1.e; Not signed. Not stamped.,Marbled papers,2021-06-16T15:40:43.398000+00:00,19th century,Texas A & M University. Libraries,https://api.library.tamu.edu/fcrepo/rest/3b/6f/c3/25/3b6fc325-f6ca-41d8-b91e-8c5db3be8c13/berger_cloonan_batch_4_objects/187/pages/page_0/files/08245.jpg,,
Paper,6949,StillImage,"No copyright - United States; For more information, see:  http://rightsstatements.org/vocab/NoC-US/1.0/",Openly accessible,"1 sheet of light green, dark green, red, orange and white marbled paper; 7.50 x 10.00 in.",Berger-Cloonan #6949,reformatted digital,endpapers|art reproduction,Surface application; Marbled; C2.B3; Previously used as an endpaper in a bookbinding; The sheet is from the Bernard Middleton Collection. Bernard Middleton donated this sheet to Sidney E. Berger and Michele V. Cloonan circa 1990.; Section(s) from the Decorated and Decorative Paper Terms Thesaurus: VIII.F.4.c; Not signed. Not stamped.,Marbled papers,2021-06-16T15:16:03.251000+00:00,19th century,Texas A & M University. Libraries,https://api.library.tamu.edu/fcrepo/rest/3b/6f/c3/25/3b6fc325-f6ca-41d8-b91e-8c5db3be8c13/berger_cloonan_batch_4_objects/79/pages/page_0/files/06949.jpg,,
Paper,6927,StillImage,"No copyright - United States; For more information, see:  http://rightsstatements.org/vocab/NoC-US/1.0/",Openly accessible,"1 sheet of blue, brown, yellow and gray marbled paper; 9.25 x 11.50 in.",Berger-Cloonan #6927,reformatted digital,art reproduction|endpapers|curled marbled paper|French snail marbled papers|Dutch marbled paper,Surface application; Marbled; C2.B3; Previously used as an endpaper in a bookbinding; The sheet is from the Bernard Middleton Collection. Bernard Middleton donated this sheet to Sidney E. Berger and Michele V. Cloonan circa 1990.; Section(s) from the Decorated and Decorative Paper Terms Thesaurus: VIII.F.1.c; Not signed. Not stamped.; Abrasion.,Marbled papers,2021-06-16T15:11:15.554000+00:00,19th century,Texas A & M University. Libraries,https://api.library.tamu.edu/fcrepo/rest/3b/6f/c3/25/3b6fc325-f6ca-41d8-b91e-8c5db3be8c13/berger_cloonan_batch_4_objects/58/pages/page_0/files/06927.jpg,,
Paper,8234,StillImage,"No copyright - United States; For more information, see:  http://rightsstatements.org/vocab/NoC-US/1.0/",Openly accessible,"1 sheet of dark red, black and white marbled paper; 5.50 x 8.00 in.",Berger-Cloonan #8234,reformatted digital,endpapers|nonpareil marbled paper|art reproduction,Surface application; Marbled; C2.B4; Previously used as an endpaper in a bookbinding; The sheet is from the Bernard Middleton Collection. Bernard Middleton donated this sheet to Sidney E. Berger and Michele V. Cloonan circa 1990.; Section(s) from the Decorated and Decorative Paper Terms Thesaurus: VIII.F.1.e; Not signed. Not stamped.,Marbled papers,2021-06-16T15:38:12.907000+00:00,19th century,Texas A & M University. Libraries,https://api.library.tamu.edu/fcrepo/rest/3b/6f/c3/25/3b6fc325-f6ca-41d8-b91e-8c5db3be8c13/berger_cloonan_batch_4_objects/176/pages/page_0/files/08234.jpg,,
Paper,6944,StillImage,"No copyright - United States; For more information, see:  http://rightsstatements.org/vocab/NoC-US/1.0/",Openly accessible,"1 sheet of light blue, dark blue, brown, gold and white marbled paper; 10.00 x 11.50 in.",Berger-Cloonan #6944,reformatted digital,art reproduction|hair vein marbled paper|endpapers,Surface application; Marbled; C2.B3; Previously used as an endpaper in a bookbinding; slight metallic sheen; The sheet is from the Bernard Middleton Collection. Bernard Middleton donated this sheet to Sidney E. Berger and Michele V. Cloonan circa 1990.; Section(s) from the Decorated and Decorative Paper Terms Thesaurus: VIII.F.4.c; Not signed. Not stamped.; Creased.,Marbled papers,2021-06-16T15:14:55.116000+00:00,19th century,Texas A & M University. Libraries,https://api.library.tamu.edu/fcrepo/rest/3b/6f/c3/25/3b6fc325-f6ca-41d8-b91e-8c5db3be8c13/berger_cloonan_batch_4_objects/74/pages/page_0/files/06944.jpg,,
Paper,6964,StillImage,"No copyright - United States; For more information, see:  http://rightsstatements.org/vocab/NoC-US/1.0/",Openly accessible,"1 sheet of pink, tan, black and white marbled paper; 8.00 x 10.00 in.",Berger-Cloonan #6964,reformatted digital,art reproduction|Stormont marbled paper|endpapers,Surface application; Marbled; C2.B3; Previously used as an endpaper in a bookbinding; The sheet is from the Bernard Middleton Collection. Bernard Middleton donated this sheet to Sidney E. Berger and Michele V. Cloonan circa 1990.; Section(s) from the Decorated and Decorative Paper Terms Thesaurus: VIII.F.4.g; Not signed. Not stamped.; Stained.,Marbled papers,2021-06-16T15:19:29.231000+00:00,19th century,Texas A & M University. Libraries,https://api.library.tamu.edu/fcrepo/rest/3b/6f/c3/25/3b6fc325-f6ca-41d8-b91e-8c5db3be8c13/berger_cloonan_batch_4_objects/94/pages/page_0/files/06964.jpg,,
Paper,6937|2949,StillImage,"No copyright - United States; For more information, see:  http://rightsstatements.org/vocab/NoC-US/1.0/",Openly accessible,"1 sheet of black, tan, red and white marbled paper; 9.00 x 13.00 in.",Berger-Cloonan #6937,reformatted digital,dutch marbled paper|art reproduction|curl marbled paper|endpapers|French snail marbled papers,"Surface application; Marbled; C2.B3; Previously used as an endpaper in a bookbinding; Inscription on original piece: ""RBD 2949""; The sheet is from the Bernard Middleton Collection. Bernard Middleton donated this sheet to Sidney E. Berger and Michele V. Cloonan circa 1990.; Section(s) from the Decorated and Decorative Paper Terms Thesaurus: VIII.F.1.c; Not signed. Not stamped.",Marbled papers,2021-06-16T15:13:32.667000+00:00,19th century,Texas A & M University. Libraries,https://api.library.tamu.edu/fcrepo/rest/3b/6f/c3/25/3b6fc325-f6ca-41d8-b91e-8c5db3be8c13/berger_cloonan_batch_4_objects/68/pages/page_0/files/06937.jpg,,
Paper,8263,StillImage,"No copyright - United States; For more information, see:  http://rightsstatements.org/vocab/NoC-US/1.0/",Openly accessible,"1 sheet of blue, pink, light green and white marbled paper; 5.50 x 8.75 in.",Berger-Cloonan #8263,reformatted digital,art reproduction|curl marbled paper|endpapers|French snail marbled papers|dutch marbled paper,Surface application; Marbled; C2.B4; Previously used as an endpaper in a bookbinding; The sheet is from the Bernard Middleton Collection. Bernard Middleton donated this sheet to Sidney E. Berger and Michele V. Cloonan circa 1990.; Section(s) from the Decorated and Decorative Paper Terms Thesaurus: VIII.F.1.c; Not signed. Not stamped.; Edge torn.,Marbled papers,2021-06-16T15:44:49.994000+00:00,19th century,Texas A & M University. Libraries,https://api.library.tamu.edu/fcrepo/rest/3b/6f/c3/25/3b6fc325-f6ca-41d8-b91e-8c5db3be8c13/berger_cloonan_batch_4_objects/205/pages/page_0/files/08263.jpg,,
Paper,8283,StillImage,"No copyright - United States; For more information, see:  http://rightsstatements.org/vocab/NoC-US/1.0/",Openly accessible,"1 sheet of red, blue, green, yellow and white marbled paper; 8.75 x 11.00 in.",Berger-Cloonan #8283,reformatted digital,Laid lines|nonpareil marbled paper|art reproduction|endpapers,"Distribution of fibers; Surface application; Laid; Marbled; C2.B4; Previously used as an endpaper in a bookbinding; Laid paper; [written in pencil on verso]: ""[42? /-/-"", ""T[r Dalyn Sale""; The sheet is from the Bernard Middleton Collection. Bernard Middleton donated this sheet to Sidney E. Berger and Michele V. Cloonan circa 1990.; Section(s) from the Decorated and Decorative Paper Terms Thesaurus: II.E; VIII.F.1.e; Not signed. Not stamped.; Very faded; minor spots and discoloration; creased; one rough edge.",Marbled papers,2021-06-16T15:49:24.476000+00:00,18th century [?],Texas A & M University. Libraries,https://api.library.tamu.edu/fcrepo/rest/3b/6f/c3/25/3b6fc325-f6ca-41d8-b91e-8c5db3be8c13/berger_cloonan_batch_4_objects/225/pages/page_0/files/08283.jpg,,
Paper,8389,StillImage,"No copyright - United States; For more information, see:  http://rightsstatements.org/vocab/NoC-US/1.0/",Openly accessible,"1 sheet of black, gray, red, gold and white marbled paper; 7.25 x 11.25 in.",Berger-Cloonan #8389,reformatted digital,endpapers|Laid lines|Stone marbled papers|agate marbled paper|art reproduction,"Distribution of fibers; Surface application; Laid; Marbled; C2.B4; Previously used as an endpaper in a bookbinding; laid paper; glossy sheen; Inscription on original piece: ""H""; The sheet is from the Bernard Middleton Collection. Bernard Middleton donated this sheet to Sidney E. Berger and Michele V. Cloonan circa 1990.; Section(s) from the Decorated and Decorative Paper Terms Thesaurus: II.E; VIII.F.4.f; Not signed. Not stamped.; Rough binding edge, discoloration verso.",Marbled papers,2021-06-16T15:59:02.165000+00:00,19th century,Texas A & M University. Libraries,https://api.library.tamu.edu/fcrepo/rest/3b/6f/c3/25/3b6fc325-f6ca-41d8-b91e-8c5db3be8c13/berger_cloonan_batch_4_objects/267/pages/page_0/files/08389.jpg,,
Paper,6983,StillImage,"No copyright - United States; For more information, see:  http://rightsstatements.org/vocab/NoC-US/1.0/",Openly accessible,"1 sheet of green, red, yellow, gray, black and white marbled paper; 8.50 x 11.00 in.",Berger-Cloonan #6983,reformatted digital,Stone marbled papers|agate marbled paper|art reproduction|endpapers,"Surface application; Marbled; C2.B3; Previously used as an endpaper in a bookbinding; Inscription on original piece: ""187 d.""; The sheet is from the Bernard Middleton Collection. Bernard Middleton donated this sheet to Sidney E. Berger and Michele V. Cloonan circa 1990.; Section(s) from the Decorated and Decorative Paper Terms Thesaurus: VIII.F.4.f; Not signed. Not stamped.; Creased corners; tiny edge tears; yellowed on verso.",Marbled papers,2021-06-16T15:23:49.675000+00:00,19th century,Texas A & M University. Libraries,https://api.library.tamu.edu/fcrepo/rest/3b/6f/c3/25/3b6fc325-f6ca-41d8-b91e-8c5db3be8c13/berger_cloonan_batch_4_objects/113/pages/page_0/files/06983.jpg,,
Paper,6932,StillImage,"No copyright - United States; For more information, see:  http://rightsstatements.org/vocab/NoC-US/1.0/",Openly accessible,"1 sheet of blue, brown, yellow and gray marbled paper; 9.25 x 11.50 in.",Berger-Cloonan #6932,reformatted digital,art reproduction|curled marbled paper|endpapers|French snail marbled papers|Dutch marbled paper,Surface application; Marbled; C2.B3; Previously used as an endpaper in a bookbinding; The sheet is from the Bernard Middleton Collection. Bernard Middleton donated this sheet to Sidney E. Berger and Michele V. Cloonan circa 1990.; Section(s) from the Decorated and Decorative Paper Terms Thesaurus: VIII.F.1.c; Not signed. Not stamped.; Small pieces of another sheet adhered to recto and verso.,Marbled papers,2021-06-16T15:12:24.264000+00:00,19th century,Texas A & M University. Libraries,https://api.library.tamu.edu/fcrepo/rest/3b/6f/c3/25/3b6fc325-f6ca-41d8-b91e-8c5db3be8c13/berger_cloonan_batch_4_objects/63/pages/page_0/files/06932.jpg,,
Paper,6915,StillImage,"No copyright - United States; For more information, see:  http://rightsstatements.org/vocab/NoC-US/1.0/",Openly accessible,"1 sheet of red, blue, tan, green and white marbled paper; 9.25 x 12.00 in.",Berger-Cloonan #6915,reformatted digital,laid lines|art reproduction|endpapers,Distribution of fibers; Surface application; Laid; Marbled; C2.B3; Previously used as an endpaper in a bookbinding; attached to blank sheet of laid paper; The sheet is from the Bernard Middleton Collection. Bernard Middleton donated this sheet to Sidney E. Berger and Michele V. Cloonan circa 1990.; Section(s) from the Decorated and Decorative Paper Terms Thesaurus: II.E; VIII.F.1.e; Not signed. Not stamped.; Edges torn; creased.,Marbled papers,2021-06-16T15:08:31.672000+00:00,19th century,Texas A & M University. Libraries,https://api.library.tamu.edu/fcrepo/rest/3b/6f/c3/25/3b6fc325-f6ca-41d8-b91e-8c5db3be8c13/berger_cloonan_batch_4_objects/46/pages/page_0/files/06915.jpg,,
Paper,8248,StillImage,"No copyright - United States; For more information, see:  http://rightsstatements.org/vocab/NoC-US/1.0/",Openly accessible,"1 sheet of red, blue, yellow, black and white marbled paper; 7.75 x 11.50 in.",Berger-Cloonan #8248,reformatted digital,endpapers|art reproduction|nonpareil marbled paper,Surface application; Marbled; C2.B4; Previously used as an endpaper in a bookbinding; The sheet is from the Bernard Middleton Collection. Bernard Middleton donated this sheet to Sidney E. Berger and Michele V. Cloonan circa 1990.; Section(s) from the Decorated and Decorative Paper Terms Thesaurus: VIII.F.1.e; Not signed. Not stamped.,Marbled papers,2021-06-16T15:41:24.522000+00:00,19th century,Texas A & M University. Libraries,https://api.library.tamu.edu/fcrepo/rest/3b/6f/c3/25/3b6fc325-f6ca-41d8-b91e-8c5db3be8c13/berger_cloonan_batch_4_objects/190/pages/page_0/files/08248.jpg,,
Paper,8244,StillImage,"No copyright - United States; For more information, see:  http://rightsstatements.org/vocab/NoC-US/1.0/",Openly accessible,"1 sheet of blue, black, yellow, pink and white marbled paper; 7.00 x 10.50 in.",Berger-Cloonan #8244,reformatted digital,nonpareil marbled paper|endpapers|art reproduction,Surface application; Marbled; C2.B4; Previously used as an endpaper in a bookbinding; The sheet is from the Bernard Middleton Collection. Bernard Middleton donated this sheet to Sidney E. Berger and Michele V. Cloonan circa 1990.; Section(s) from the Decorated and Decorative Paper Terms Thesaurus: VIII.F.1.e; Not signed. Not stamped.; Creased.,Marbled papers,2021-06-16T15:40:29.654000+00:00,19th century,Texas A & M University. Libraries,https://api.library.tamu.edu/fcrepo/rest/3b/6f/c3/25/3b6fc325-f6ca-41d8-b91e-8c5db3be8c13/berger_cloonan_batch_4_objects/186/pages/page_0/files/08244.jpg,,
Paper,6952,StillImage,"No copyright - United States; For more information, see:  http://rightsstatements.org/vocab/NoC-US/1.0/",Openly accessible,"1 sheet of dark red, light blue, dark blue, tan and white marbled paper; 8.25 x 13.00 in.",Berger-Cloonan #6952,reformatted digital,spanish marbled paper|art reproduction|endpapers|Spanish random marbled papers,Surface application; Marbled; C2.B3; Previously used as an endpaper in a bookbinding; waved pattern; The sheet is from the Bernard Middleton Collection. Bernard Middleton donated this sheet to Sidney E. Berger and Michele V. Cloonan circa 1990.; Section(s) from the Decorated and Decorative Paper Terms Thesaurus: VIII.F.4.e; Not signed. Not stamped.; Corner chipped.,Marbled papers,2021-06-16T15:16:44.767000+00:00,19th century,Texas A & M University. Libraries,https://api.library.tamu.edu/fcrepo/rest/3b/6f/c3/25/3b6fc325-f6ca-41d8-b91e-8c5db3be8c13/berger_cloonan_batch_4_objects/82/pages/page_0/files/06952.jpg,,
Paper,6948,StillImage,"No copyright - United States; For more information, see:  http://rightsstatements.org/vocab/NoC-US/1.0/",Openly accessible,"1 sheet of light green, dark green, red, orange and white marbled paper; 8.00 x 8.50 in.",Berger-Cloonan #6948,reformatted digital,Dutch marbled paper|art reproduction|curl marbled paper|endpapers|French snail marbled papers,Surface application; Marbled; C2.B3; Previously used as an endpaper in a bookbinding; The sheet is from the Bernard Middleton Collection. Bernard Middleton donated this sheet to Sidney E. Berger and Michele V. Cloonan circa 1990.; Section(s) from the Decorated and Decorative Paper Terms Thesaurus: VIII.F.1.c; Not signed. Not stamped.,Marbled papers,2021-06-16T15:15:49.695000+00:00,19th century,Texas A & M University. Libraries,https://api.library.tamu.edu/fcrepo/rest/3b/6f/c3/25/3b6fc325-f6ca-41d8-b91e-8c5db3be8c13/berger_cloonan_batch_4_objects/78/pages/page_0/files/06948.jpg,,
Paper,8271,StillImage,"No copyright - United States; For more information, see:  http://rightsstatements.org/vocab/NoC-US/1.0/",Openly accessible,"1 sheet of red, blue, yellow and white marbled paper; 7.50 x 11.75 in.",Berger-Cloonan #8271,reformatted digital,French snail marbled papers|dutch marbled paper|art reproduction|curl marbled paper|endpapers,Surface application; Marbled; C2.B4; Previously used as an endpaper in a bookbinding; The sheet is from the Bernard Middleton Collection. Bernard Middleton donated this sheet to Sidney E. Berger and Michele V. Cloonan circa 1990.; Section(s) from the Decorated and Decorative Paper Terms Thesaurus: VIII.F.1.c; Not signed. Not stamped.; One rough edge.,Marbled papers,2021-06-16T15:46:39.792000+00:00,19th century [?],Texas A & M University. Libraries,https://api.library.tamu.edu/fcrepo/rest/3b/6f/c3/25/3b6fc325-f6ca-41d8-b91e-8c5db3be8c13/berger_cloonan_batch_4_objects/213/pages/page_0/files/08271.jpg,,
Paper,8313,StillImage,"No copyright - United States; For more information, see:  http://rightsstatements.org/vocab/NoC-US/1.0/",Openly accessible,"1 sheet of blue, red, yellow, black and white marbled paper; 6.50 x 8.50 in.",Berger-Cloonan #8313,reformatted digital,Laid lines|art reproduction|endpapers|French snail marbled papers,"Distribution of fibers; Surface application; Laid; Marbled; C2.B4; Previously used as an endpaper in a bookbinding; Laid paper; Inscriptions on original piece: ""S.S.O.[?], ""A""; The sheet is from the Bernard Middleton Collection. Bernard Middleton donated this sheet to Sidney E. Berger and Michele V. Cloonan circa 1990.; Section(s) from the Decorated and Decorative Paper Terms Thesaurus: II.E; VIII.F.1.c; Not signed. Not stamped.; One rough edge; faded; bent corner; colored spatters on verso.",Marbled papers,2021-06-16T15:56:16.814000+00:00,19th century [?],Texas A & M University. Libraries,https://api.library.tamu.edu/fcrepo/rest/3b/6f/c3/25/3b6fc325-f6ca-41d8-b91e-8c5db3be8c13/berger_cloonan_batch_4_objects/255/pages/page_0/files/08313.jpg,,
Paper,8267,StillImage,"No copyright - United States; For more information, see:  http://rightsstatements.org/vocab/NoC-US/1.0/",Openly accessible,"1 sheet of red, blue, orange and white marbled paper; 7.25 x 9.25 in.",Berger-Cloonan #8267,reformatted digital,dutch marbled paper|art reproduction|curl marbled paper|endpapers|French snail marbled papers,"Distribution of fibers; Surface application; Laid; Marbled; C2.B4; Previously used as an endpaper in a bookbinding; Laid paper; Inscriptions on original piece: ""125-34"", ""XXIII, 162"", ""Coll P JB""; The sheet is from the Bernard Middleton Collection. Bernard Middleton donated this sheet to Sidney E. Berger and Michele V. Cloonan circa 1990.; Section(s) from the Decorated and Decorative Paper Terms Thesaurus: II.E; VIII.F.1.c; Not signed. Not stamped.; Faded; one edge curled; minor creases.",Marbled papers,2021-06-16T15:45:44.973000+00:00,19th century [?],Texas A & M University. Libraries,https://api.library.tamu.edu/fcrepo/rest/3b/6f/c3/25/3b6fc325-f6ca-41d8-b91e-8c5db3be8c13/berger_cloonan_batch_4_objects/209/pages/page_0/files/08267.jpg,,
Paper,8233,StillImage,"No copyright - United States; For more information, see:  http://rightsstatements.org/vocab/NoC-US/1.0/",Openly accessible,"1 sheet of dark red, blue, yellow and white marbled paper; 7.25 x 8.75 in.",Berger-Cloonan #8233,reformatted digital,endpapers|nonpareil marbled paper|art reproduction,Surface application; Marbled; C2.B4; Previously used as an endpaper in a bookbinding; The sheet is from the Bernard Middleton Collection. Bernard Middleton donated this sheet to Sidney E. Berger and Michele V. Cloonan circa 1990.; Section(s) from the Decorated and Decorative Paper Terms Thesaurus: VIII.F.1.e; Not signed. Not stamped.,Marbled papers,2021-06-16T15:37:59.238000+00:00,19th century,Texas A & M University. Libraries,https://api.library.tamu.edu/fcrepo/rest/3b/6f/c3/25/3b6fc325-f6ca-41d8-b91e-8c5db3be8c13/berger_cloonan_batch_4_objects/175/pages/page_0/files/08233.jpg,,
Paper,6971,StillImage,"No copyright - United States; For more information, see:  http://rightsstatements.org/vocab/NoC-US/1.0/",Openly accessible,"1 sheet of gray, black, dark red and white marbled paper; 8.50 x 12.75 in.",Berger-Cloonan #6971,reformatted digital,art reproduction|endpapers|Hair vein marbled papers,Surface application; Marbled; C2.B3; Previously used as an endpaper in a bookbinding; The sheet is from the Bernard Middleton Collection. Bernard Middleton donated this sheet to Sidney E. Berger and Michele V. Cloonan circa 1990.; Section(s) from the Decorated and Decorative Paper Terms Thesaurus: VIII.F.4.c; Not signed. Not stamped.; Edges torn; pinholes; discolored.,Marbled papers,2021-06-16T15:20:51.387000+00:00,19th century,Texas A & M University. Libraries,https://api.library.tamu.edu/fcrepo/rest/3b/6f/c3/25/3b6fc325-f6ca-41d8-b91e-8c5db3be8c13/berger_cloonan_batch_4_objects/101/pages/page_0/files/06971.jpg,,
Paper,12813,StillImage,"No copyright - United States; For more information, see:  http://rightsstatements.org/vocab/NoC-US/1.0/",Openly accessible,"1 sheet of red, green, brown, yellow and white marbled paper; 7.75 x 11.25 in.",Berger-Cloonan #12813,reformatted digital,art reproduction|endpapers|Stone marbled papers|agate marbled paper,"Surface application; Marbled; C2.B4; Previously used as an endpaper in a bookbinding; Inscription on original piece: ""H. HARRI BOOKBINDE OXFORD, PL PLYMOUT""; The sheet is from the Bernard Middleton Collection. Bernard Middleton donated this sheet to Sidney E. Berger and Michele V. Cloonan circa 1990.; Section(s) from the Decorated and Decorative Paper Terms Thesaurus: VIII.F.4.f; Not signed. Not stamped. Stickered. Not embossed.; Curling; staining on recto and verso.",Marbled papers,2021-06-16T15:59:57.977000+00:00,19th century,Texas A & M University. Libraries,https://api.library.tamu.edu/fcrepo/rest/3b/6f/c3/25/3b6fc325-f6ca-41d8-b91e-8c5db3be8c13/berger_cloonan_batch_4_objects/271/pages/page_0/files/12813.jpg,,England
Paper,6920,StillImage,"No copyright - United States; For more information, see:  http://rightsstatements.org/vocab/NoC-US/1.0/",Openly accessible,"1 sheet of blue, light pink, dark pink and white marbled paper; 5.00 x 8.50 in.",Berger-Cloonan #6920,reformatted digital,curled marbled paper|endpapers|French snail marbled papers|Dutch marbled paper|art reproduction,Surface application; Marbled; C2.B3; Previously used as an endpaper in a bookbinding; The sheet is from the Bernard Middleton Collection. Bernard Middleton donated this sheet to Sidney E. Berger and Michele V. Cloonan circa 1990.; Section(s) from the Decorated and Decorative Paper Terms Thesaurus: VIII.F.1.c; Not signed. Not stamped.; Faded.,Marbled papers,2021-06-16T15:09:39.676000+00:00,19th century,Texas A & M University. Libraries,https://api.library.tamu.edu/fcrepo/rest/3b/6f/c3/25/3b6fc325-f6ca-41d8-b91e-8c5db3be8c13/berger_cloonan_batch_4_objects/51/pages/page_0/files/06920.jpg,,
Paper,8288,StillImage,"No copyright - United States; For more information, see:  http://rightsstatements.org/vocab/NoC-US/1.0/",Openly accessible,"1 sheet of light blue, light pink and white marbled paper; 7.00 x 10.25 in.",Berger-Cloonan #8288,reformatted digital,endpapers|Laid lines|art reproduction|Combed marbled,"Surface application; Marbled; C2.B4; Previously used as an endpaper in a bookbinding; muted colors; [stamped in brown ink on recto]: ""F.H. PEPPE R.F.A.""; [written in pencil on verso]: ""C.P.P.P. 5/55""; The sheet is from the Bernard Middleton Collection. Bernard Middleton donated this sheet to Sidney E. Berger and Michele V. Cloonan circa 1990.; Section(s) from the Decorated and Decorative Paper Terms Thesaurus: VIII.F.1; Not signed. Stamped.; Very faded; one rough edge; wrinkled; drop of hardened brown substance on recto.",Marbled papers,2021-06-16T15:50:33.142000+00:00,19th century [?],Texas A & M University. Libraries,https://api.library.tamu.edu/fcrepo/rest/3b/6f/c3/25/3b6fc325-f6ca-41d8-b91e-8c5db3be8c13/berger_cloonan_batch_4_objects/230/pages/page_0/files/08288.jpg,,
Paper,8216,StillImage,"No copyright - United States; For more information, see:  http://rightsstatements.org/vocab/NoC-US/1.0/",Openly accessible,"1 sheet of dark red, blue and white marbled paper; 5.50 x 7.75 in.",Berger-Cloonan #8216,reformatted digital,art reproduction|endpapers|nonpareil marbled paper,"Surface application; Marbled; C2.B4; Previously used as an endpaper in a bookbinding; Inscription on original piece: ""Oct 13/92"", ""3548 90""; The sheet is from the Bernard Middleton Collection. Bernard Middleton donated this sheet to Sidney E. Berger and Michele V. Cloonan circa 1990.; Section(s) from the Decorated and Decorative Paper Terms Thesaurus: VIII.F.1.e; Not signed. Not stamped.; Discolored; edges torn.",Marbled papers,2021-06-16T15:34:06.953000+00:00,19th century,Texas A & M University. Libraries,https://api.library.tamu.edu/fcrepo/rest/3b/6f/c3/25/3b6fc325-f6ca-41d8-b91e-8c5db3be8c13/berger_cloonan_batch_4_objects/158/pages/page_0/files/08216.jpg,,
Paper,6987,StillImage,"No copyright - United States; For more information, see:  http://rightsstatements.org/vocab/NoC-US/1.0/",Openly accessible,"1 sheet of green, red, yellow, black and white marbled paper; 9.00 x 11.25 in.",Berger-Cloonan #6987,reformatted digital,art reproduction|Stormont marbled paper|endpapers,"Surface application; Marbled; C2.B3; Previously used as an endpaper in a bookbinding; Inscription on original piece: ""8623    PT""; The sheet is from the Bernard Middleton Collection. Bernard Middleton donated this sheet to Sidney E. Berger and Michele V. Cloonan circa 1990.; Section(s) from the Decorated and Decorative Paper Terms Thesaurus: VIII.F.4.g; Not signed. Not stamped.; Slightly yellowed on verso; creased corner; small pinholes along binding edge.",Marbled papers,2021-06-16T15:24:44.560000+00:00,19th century,Texas A & M University. Libraries,https://api.library.tamu.edu/fcrepo/rest/3b/6f/c3/25/3b6fc325-f6ca-41d8-b91e-8c5db3be8c13/berger_cloonan_batch_4_objects/117/pages/page_0/files/06987.jpg,,
Paper,6936,StillImage,"No copyright - United States; For more information, see:  http://rightsstatements.org/vocab/NoC-US/1.0/",Openly accessible,"1 sheet of black, tan, red and white marbled paper; 9.00 x 13.00 in.",Berger-Cloonan #6936,reformatted digital,art reproduction|endpapers|curled marbled paper|French snail marbled papers|Dutch marbled paper,Surface application; Marbled; C2.B3; Previously used as an endpaper in a bookbinding; The sheet is from the Bernard Middleton Collection. Bernard Middleton donated this sheet to Sidney E. Berger and Michele V. Cloonan circa 1990.; Section(s) from the Decorated and Decorative Paper Terms Thesaurus: VIII.F.1.c; Not signed. Not stamped.; Corner missing; edges torn.,Marbled papers,2021-06-16T15:13:19.036000+00:00,19th century,Texas A & M University. Libraries,https://api.library.tamu.edu/fcrepo/rest/3b/6f/c3/25/3b6fc325-f6ca-41d8-b91e-8c5db3be8c13/berger_cloonan_batch_4_objects/67/pages/page_0/files/06936.jpg,,
Paper,8252,StillImage,"No copyright - United States; For more information, see:  http://rightsstatements.org/vocab/NoC-US/1.0/",Openly accessible,"1 sheet of black, brown, gray, green and white marbled paper; 7.75 x 10.25 in.",Berger-Cloonan #8252,reformatted digital,dutch marbled paper|art reproduction|curl marbled paper|endpapers|French snail marbled papers,"Surface application; Marbled; C2.B4; Previously used as an endpaper in a bookbinding; Inscription on original piece: ""cfo March""; The sheet is from the Bernard Middleton Collection. Bernard Middleton donated this sheet to Sidney E. Berger and Michele V. Cloonan circa 1990.; Section(s) from the Decorated and Decorative Paper Terms Thesaurus: VIII.F.1.c; Not signed. Not stamped.",Marbled papers,2021-06-16T15:42:19.589000+00:00,19th century,Texas A & M University. Libraries,https://api.library.tamu.edu/fcrepo/rest/3b/6f/c3/25/3b6fc325-f6ca-41d8-b91e-8c5db3be8c13/berger_cloonan_batch_4_objects/194/pages/page_0/files/08252.jpg,,
Paper,8318,StillImage,"No copyright - United States; For more information, see:  http://rightsstatements.org/vocab/NoC-US/1.0/",Openly accessible,"1 sheet of blue, red, pink, yellow, black and white marbled paper; 8.50 x 10.75 in.",Berger-Cloonan #8318,reformatted digital,Stone marbled papers|agate marbled paper|art reproduction|endpapers|Laid lines,Distribution of fibers; Surface application; Laid; Marbled; C2.B4; Previously used as an endpaper in a bookbinding; Laid paper; The sheet is from the Bernard Middleton Collection. Bernard Middleton donated this sheet to Sidney E. Berger and Michele V. Cloonan circa 1990.; Section(s) from the Decorated and Decorative Paper Terms Thesaurus: II.E; VIII.F.4.f; Not signed. Not stamped.; One rough edge; wrinkled; lightly foxed.,Marbled papers,2021-06-16T15:57:25.568000+00:00,19th century [?],Texas A & M University. Libraries,https://api.library.tamu.edu/fcrepo/rest/3b/6f/c3/25/3b6fc325-f6ca-41d8-b91e-8c5db3be8c13/berger_cloonan_batch_4_objects/260/pages/page_0/files/08318.jpg,,
Paper,6914,StillImage,"No copyright - United States; For more information, see:  http://rightsstatements.org/vocab/NoC-US/1.0/",Openly accessible,"1 sheet of red, blue, tan and white marbled paper; 10.00 x 13.50 in.",Berger-Cloonan #6914,reformatted digital,art reproduction|nonpareil marbled paper|endpapers,Surface application; Marbled; C2.B3; Previously used as an endpaper in a bookbinding; The sheet is from the Bernard Middleton Collection. Bernard Middleton donated this sheet to Sidney E. Berger and Michele V. Cloonan circa 1990.; Section(s) from the Decorated and Decorative Paper Terms Thesaurus: VIII.F.1.e; Not signed. Not stamped.; Edge torn; discolored.,Marbled papers,2021-06-16T15:08:18.004000+00:00,19th century,Texas A & M University. Libraries,https://api.library.tamu.edu/fcrepo/rest/3b/6f/c3/25/3b6fc325-f6ca-41d8-b91e-8c5db3be8c13/berger_cloonan_batch_4_objects/45/pages/page_0/files/06914.jpg,,
Paper,1358,StillImage,"No copyright - United States; For more information, see:  http://rightsstatements.org/vocab/NoC-US/1.0/",Openly accessible,1 sheet of blue and cream embossed paper; 20.00 x 24.00 in.,Berger-Cloonan #1358,reformatted digital,embossed prints|art reproduction,"Surface treated; Embossed; M4.D2.F5; Inscription on original piece: ""Aschoffenberg""; Karli Frigge donated the sheet to Sidney E. Berger and Michele V. Cloonan.; Section(s) from the Decorated and Decorative Paper Terms Thesaurus: IX.D.2; Not signed. Not stamped. Not stickered. Not embossed.; Slight tears along edge",Decorative paper,2021-06-16T15:02:22.071000+00:00,19th century,Texas A & M University. Libraries,https://api.library.tamu.edu/fcrepo/rest/3b/6f/c3/25/3b6fc325-f6ca-41d8-b91e-8c5db3be8c13/berger_cloonan_batch_4_objects/19/pages/page_0/files/01358.jpg,Aschoffenberg,Germany
Paper,8221,StillImage,"No copyright - United States; For more information, see:  http://rightsstatements.org/vocab/NoC-US/1.0/",Openly accessible,"1 sheet of dark red, green, blue and white marbled paper; 6.75 x 18.00 in.",Berger-Cloonan #8221,reformatted digital,art reproduction|nonpareil marbled paper|endpapers,Surface application; Marbled; C2.B4; Previously used as an endpaper in a bookbinding; The sheet is from the Bernard Middleton Collection. Bernard Middleton donated this sheet to Sidney E. Berger and Michele V. Cloonan circa 1990.; Section(s) from the Decorated and Decorative Paper Terms Thesaurus: VIII.F.1.e; Not signed. Not stamped.; Torn; creased.,Marbled papers,2021-06-16T15:35:15.362000+00:00,19th century,Texas A & M University. Libraries,https://api.library.tamu.edu/fcrepo/rest/3b/6f/c3/25/3b6fc325-f6ca-41d8-b91e-8c5db3be8c13/berger_cloonan_batch_4_objects/163/pages/page_0/files/08221.jpg,,
Paper,8297,StillImage,"No copyright - United States; For more information, see:  http://rightsstatements.org/vocab/NoC-US/1.0/",Openly accessible,"1 sheet of pink, brown and white marbled paper; 8.25 x 10.75 in.",Berger-Cloonan #8297,reformatted digital,art reproduction|endpapers|Spanish random marbled papers,Surface application; Marbled; C2.B4; Previously used as an endpaper in a bookbinding; The sheet is from the Bernard Middleton Collection. Bernard Middleton donated this sheet to Sidney E. Berger and Michele V. Cloonan circa 1990.; Section(s) from the Decorated and Decorative Paper Terms Thesaurus: VIII.F.4.e; Not signed. Not stamped.; One rough edge; joined (overlapping) with another strip of paper along one edge.,Marbled papers,2021-06-16T15:52:36.745000+00:00,19th century [?],Texas A & M University. Libraries,https://api.library.tamu.edu/fcrepo/rest/3b/6f/c3/25/3b6fc325-f6ca-41d8-b91e-8c5db3be8c13/berger_cloonan_batch_4_objects/239/pages/page_0/files/08297.jpg,,
Paper,8317,StillImage,"No copyright - United States; For more information, see:  http://rightsstatements.org/vocab/NoC-US/1.0/",Openly accessible,"1 sheet of blue, light blue, red, yellow, black and white marbled paper; 7.25 x 10.00 in.",Berger-Cloonan #8317,reformatted digital,Random marbled papers|art reproduction|endpapers|Laid lines|marbled paper,Distribution of fibers; Surface application; Laid; Marbled; C2.B4; Previously used as an endpaper in a bookbinding; Laid paper; The sheet is from the Bernard Middleton Collection. Bernard Middleton donated this sheet to Sidney E. Berger and Michele V. Cloonan circa 1990.; Section(s) from the Decorated and Decorative Paper Terms Thesaurus: II.E; VIII.F.4; Not signed. Not stamped.; One rough edge; discolored along edges; one corner torn and twisted.,Marbled papers,2021-06-16T15:57:11.826000+00:00,19th century [?],Texas A & M University. Libraries,https://api.library.tamu.edu/fcrepo/rest/3b/6f/c3/25/3b6fc325-f6ca-41d8-b91e-8c5db3be8c13/berger_cloonan_batch_4_objects/259/pages/page_0/files/08317.jpg,,
Paper,8237,StillImage,"No copyright - United States; For more information, see:  http://rightsstatements.org/vocab/NoC-US/1.0/",Openly accessible,"1 sheet of dark red, blue, yellow and white marbled paper; 5.75 x 7.50 in.",Berger-Cloonan #8237,reformatted digital,art reproduction|nonpareil marbled paper|endpapers,"Surface application; Marbled; C2.B4; Previously used as an endpaper in a bookbinding; Inscriptions on original piece: ""Aldis 923"", ""First Glasgow printing"", ""22047"", ""Ramage 7 Bishop 3 and 1 variant""; The sheet is from the Bernard Middleton Collection. Bernard Middleton donated this sheet to Sidney E. Berger and Michele V. Cloonan circa 1990.; Section(s) from the Decorated and Decorative Paper Terms Thesaurus: VIII.F.1.e; Not signed. Not stamped.; Abraded.",Marbled papers,2021-06-16T15:38:53.744000+00:00,19th century,Texas A & M University. Libraries,https://api.library.tamu.edu/fcrepo/rest/3b/6f/c3/25/3b6fc325-f6ca-41d8-b91e-8c5db3be8c13/berger_cloonan_batch_4_objects/179/pages/page_0/files/08237.jpg,,
,6975|86,StillImage,"No copyright - United States; For more information, see:  http://rightsstatements.org/vocab/NoC-US/1.0/",Openly accessible,1 sheet of brown and white marbled paper; 8.75 x 13.75 in.,Berger-Cloonan #6975,reformatted digital,art reproduction|Hair vein marbled papers,"Surface application; Marbled; C2.B3; Previously used as an endpaper in a bookbinding; Inscription on original piece: ""X"", ""86"",""D/L""; The sheet is from the Bernard Middleton Collection. Bernard Middleton donated this sheet to Sidney E. Berger and Michele V. Cloonan circa 1990.; Section(s) from the Decorated and Decorative Paper Terms Thesaurus: VIII.F.4.c; Not signed. Not stamped.; Creased; discolored; torn and separating from backing sheet at edges.",Marbled papers,2021-06-16T15:22:00.079000+00:00,19th century,Texas A & M University. Libraries,https://api.library.tamu.edu/fcrepo/rest/3b/6f/c3/25/3b6fc325-f6ca-41d8-b91e-8c5db3be8c13/berger_cloonan_batch_4_objects/105/pages/page_0/files/06975.jpg,,
Paper,6951,StillImage,"No copyright - United States; For more information, see:  http://rightsstatements.org/vocab/NoC-US/1.0/",Openly accessible,"1 sheet of light brown, dark brown, blue, red and white marbled paper; 6.50 x 15.00 in.",Berger-Cloonan #6951,reformatted digital,spanish marbled paper|art reproduction|endpapers|Spanish random marbled papers,"Surface application; Marbled; C2.B3; Previously used as an endpaper in a bookbinding; The sheet is from the Bernard Middleton Collection. Bernard Middleton donated this sheet to Sidney E. Berger and Michele V. Cloonan circa 1990.; Section(s) from the Decorated and Decorative Paper Terms Thesaurus: VIII.F.4.e; Not signed. Not stamped.; 3.50"" tear and crumpled at edge; creased; discolored.",Marbled papers,2021-06-16T15:16:31.141000+00:00,19th century,Texas A & M University. Libraries,https://api.library.tamu.edu/fcrepo/rest/3b/6f/c3/25/3b6fc325-f6ca-41d8-b91e-8c5db3be8c13/berger_cloonan_batch_4_objects/81/pages/page_0/files/06951.jpg,,
Paper,6924,StillImage,"No copyright - United States; For more information, see:  http://rightsstatements.org/vocab/NoC-US/1.0/",Openly accessible,"1 sheet of blue, brown, yellow and gray marbled paper; 9.25 x 11.50 in.",Berger-Cloonan #6924,reformatted digital,art reproduction|curled marbled paper|endpapers|French snail marbled papers|Dutch marbled paper,Surface application; Marbled; C2.B3; Previously used as an endpaper in a bookbinding; The sheet is from the Bernard Middleton Collection. Bernard Middleton donated this sheet to Sidney E. Berger and Michele V. Cloonan circa 1990.; Section(s) from the Decorated and Decorative Paper Terms Thesaurus: VIII.F.1.c; Not signed. Not stamped.; Small pieces of another marbled sheet adhered to recto; abrasion; creased; edge torn.,Marbled papers,2021-06-16T15:10:34.480000+00:00,19th century,Texas A & M University. Libraries,https://api.library.tamu.edu/fcrepo/rest/3b/6f/c3/25/3b6fc325-f6ca-41d8-b91e-8c5db3be8c13/berger_cloonan_batch_4_objects/55/pages/page_0/files/06924.jpg,,
Paper,8270,StillImage,"No copyright - United States; For more information, see:  http://rightsstatements.org/vocab/NoC-US/1.0/",Openly accessible,"1 sheet of red, blue, yellow and white marbled paper; 7.00 x 10.50 in.",Berger-Cloonan #8270,reformatted digital,dutch marbled paper|art reproduction|curl marbled paper|endpapers|French snail marbled papers,"Surface application; Marbled; C2.B4; Previously used as an endpaper in a bookbinding; Glossy finish; Inscription on original piece: ""cv 5/40"", ""$45.00""; The sheet is from the Bernard Middleton Collection. Bernard Middleton donated this sheet to Sidney E. Berger and Michele V. Cloonan circa 1990.; Section(s) from the Decorated and Decorative Paper Terms Thesaurus: VIII.F.1.c; Not signed. Not stamped.; One rough edge; corners torn.",Marbled papers,2021-06-16T15:46:26.090000+00:00,19th century [?],Texas A & M University. Libraries,https://api.library.tamu.edu/fcrepo/rest/3b/6f/c3/25/3b6fc325-f6ca-41d8-b91e-8c5db3be8c13/berger_cloonan_batch_4_objects/212/pages/page_0/files/08270.jpg,,
Paper,6970,StillImage,"No copyright - United States; For more information, see:  http://rightsstatements.org/vocab/NoC-US/1.0/",Openly accessible,"1 sheet of brown, dark red, black and white marbled paper; 8.75 x 12.25 in.",Berger-Cloonan #6970,reformatted digital,art reproduction|endpapers|Hair vein marbled papers,Surface application; Marbled; C2.B3; Previously used as an endpaper in a bookbinding; The sheet is from the Bernard Middleton Collection. Bernard Middleton donated this sheet to Sidney E. Berger and Michele V. Cloonan circa 1990.; Section(s) from the Decorated and Decorative Paper Terms Thesaurus: VIII.F.4.c; Not signed. Not stamped.; Edges discolored; binding tape attached to recto.,Marbled papers,2021-06-16T15:20:37.649000+00:00,19th century,Texas A & M University. Libraries,https://api.library.tamu.edu/fcrepo/rest/3b/6f/c3/25/3b6fc325-f6ca-41d8-b91e-8c5db3be8c13/berger_cloonan_batch_4_objects/100/pages/page_0/files/06970.jpg,,
Paper,6919,StillImage,"No copyright - United States; For more information, see:  http://rightsstatements.org/vocab/NoC-US/1.0/",Openly accessible,"1 sheet of blue, pink, light green, black and white marbled paper; 9.25 x 13.50 in.",Berger-Cloonan #6919,reformatted digital,art reproduction|endpapers|curled marbled paper|French snail marbled papers|Dutch marbled paper,Surface application; Marbled; C2.B3; Previously used as an endpaper in a bookbinding; The sheet is from the Bernard Middleton Collection. Bernard Middleton donated this sheet to Sidney E. Berger and Michele V. Cloonan circa 1990.; Section(s) from the Decorated and Decorative Paper Terms Thesaurus: VIII.F.1.c; Not signed. Not stamped.; Edges missing; torn; discolored; folded.,Marbled papers,2021-06-16T15:09:26.146000+00:00,19th century,Texas A & M University. Libraries,https://api.library.tamu.edu/fcrepo/rest/3b/6f/c3/25/3b6fc325-f6ca-41d8-b91e-8c5db3be8c13/berger_cloonan_batch_4_objects/50/pages/page_0/files/06919.jpg,,
Paper,12812,StillImage,"No copyright - United States; For more information, see:  http://rightsstatements.org/vocab/NoC-US/1.0/",Openly accessible,"1 sheet of red, green, brown, yellow and white marbled paper; 7.75 x 11.25 in.",Berger-Cloonan #12812,reformatted digital,Stone marbled papers|agate marbled paper|art reproduction|endpapers,Surface application; Marbled; C2.B4; Previously used as an endpaper in a bookbinding; The sheet is from the Bernard Middleton Collection. Bernard Middleton donated this sheet to Sidney E. Berger and Michele V. Cloonan circa 1990.; Section(s) from the Decorated and Decorative Paper Terms Thesaurus: VIII.F.4.f; Not signed. Not stamped. Not stickered. Not embossed.; Torn; creased; curling; spot stains on verso.,Marbled papers,2021-06-16T15:59:43.856000+00:00,19th century,Texas A & M University. Libraries,https://api.library.tamu.edu/fcrepo/rest/3b/6f/c3/25/3b6fc325-f6ca-41d8-b91e-8c5db3be8c13/berger_cloonan_batch_4_objects/270/pages/page_0/files/12812.jpg,,England
Paper,6902,StillImage,"No copyright - United States; For more information, see:  http://rightsstatements.org/vocab/NoC-US/1.0/",Openly accessible,"1 sheet of blue, yellow and white marbled paper; 8.25 x 11.50 in.",Berger-Cloonan #6902,reformatted digital,art reproduction|Bouquet marbled papers|endpapers,Surface application; Marbled; C2.B3; Previously used as an endpaper in a bookbinding; waved pattern; The sheet is from the Bernard Middleton Collection. Bernard Middleton donated this sheet to Sidney E. Berger and Michele V. Cloonan circa 1990.; Section(s) from the Decorated and Decorative Paper Terms Thesaurus: VIII.F.1.a; Not signed. Not stamped.; Edges torn; creased.,Marbled papers,2021-06-16T15:05:34.789000+00:00,19th century,Texas A & M University. Libraries,https://api.library.tamu.edu/fcrepo/rest/3b/6f/c3/25/3b6fc325-f6ca-41d8-b91e-8c5db3be8c13/berger_cloonan_batch_4_objects/33/pages/page_0/files/06902.jpg,,
Paper,8385,StillImage,"No copyright - United States; For more information, see:  http://rightsstatements.org/vocab/NoC-US/1.0/",Openly accessible,"1 sheet of brown, black, red and white marbled paper; 8.75 x 12.25 in.",Berger-Cloonan #8385,reformatted digital,agate marbled paper|art reproduction|endpapers|Stone marbled papers,"Surface application; Marbled; C2.B4; Previously used as an endpaper in a bookbinding; glossy sheen; Inscriptions on original piece: ""St. Thomas' Seminary Library"",""E VI 28""; The sheet is from the Bernard Middleton Collection. Bernard Middleton donated this sheet to Sidney E. Berger and Michele V. Cloonan circa 1990.; Section(s) from the Decorated and Decorative Paper Terms Thesaurus: VIII.F.4.f; Not signed. Stamped.; Rough binding edge, attached to strip of embossed binding cloth; bent corner.",Marbled papers,2021-06-16T15:58:20.862000+00:00,19th century,Texas A & M University. Libraries,https://api.library.tamu.edu/fcrepo/rest/3b/6f/c3/25/3b6fc325-f6ca-41d8-b91e-8c5db3be8c13/berger_cloonan_batch_4_objects/264/pages/page_0/files/08385.jpg,,
Paper,6918,StillImage,"No copyright - United States; For more information, see:  http://rightsstatements.org/vocab/NoC-US/1.0/",Openly accessible,"1 sheet of blue, yellow, light red and white marbled paper; 9.00 x 14.00 in.",Berger-Cloonan #6918,reformatted digital,art reproduction|endpapers|nonpareil marbled paper,Surface application; Marbled; C2.B3; Previously used as an endpaper in a bookbinding; The sheet is from the Bernard Middleton Collection. Bernard Middleton donated this sheet to Sidney E. Berger and Michele V. Cloonan circa 1990.; Section(s) from the Decorated and Decorative Paper Terms Thesaurus: VIII.F.1.e; Not signed. Not stamped.; Edges torn; abrasion; discolored.,Marbled papers,2021-06-16T15:09:12.556000+00:00,19th century,Texas A & M University. Libraries,https://api.library.tamu.edu/fcrepo/rest/3b/6f/c3/25/3b6fc325-f6ca-41d8-b91e-8c5db3be8c13/berger_cloonan_batch_4_objects/49/pages/page_0/files/06918.jpg,,
Paper,8251,StillImage,"No copyright - United States; For more information, see:  http://rightsstatements.org/vocab/NoC-US/1.0/",Openly accessible,"1 sheet of dark red, blue, green, yellow and white marbled paper; 8.50 x 10.50 in.",Berger-Cloonan #8251,reformatted digital,art reproduction|nonpareil marbled paper|endpapers,"Surface application; Marbled; C2.B4; Previously used as an endpaper in a bookbinding; Inscription on original piece: ""Joseph Batley Atkinson, Pupil Teacher St. Mary's, Leeds, October 25th 1852.""; Binding tape attached; The sheet is from the Bernard Middleton Collection. Bernard Middleton donated this sheet to Sidney E. Berger and Michele V. Cloonan circa 1990.; Section(s) from the Decorated and Decorative Paper Terms Thesaurus: VIII.F.1.e; Not signed. Not stamped.",Marbled papers,2021-06-16T15:42:05.843000+00:00,19th century,Texas A & M University. Libraries,https://api.library.tamu.edu/fcrepo/rest/3b/6f/c3/25/3b6fc325-f6ca-41d8-b91e-8c5db3be8c13/berger_cloonan_batch_4_objects/193/pages/page_0/files/08251.jpg,,
Paper,8225,StillImage,"No copyright - United States; For more information, see:  http://rightsstatements.org/vocab/NoC-US/1.0/",Openly accessible,"1 sheet of dark red, green, blue, yellow and white marbled paper; 7.25 x 9.25 in.",Berger-Cloonan #8225,reformatted digital,art reproduction|endpapers|nonpareil marbled paper,Surface application; Marbled; C2.B4; Previously used as an endpaper in a bookbinding; The sheet is from the Bernard Middleton Collection. Bernard Middleton donated this sheet to Sidney E. Berger and Michele V. Cloonan circa 1990.; Section(s) from the Decorated and Decorative Paper Terms Thesaurus: VIII.F.1.e; Not signed. Not stamped.; Backing paper and binding tape attached.,Marbled papers,2021-06-16T15:36:10.371000+00:00,19th century,Texas A & M University. Libraries,https://api.library.tamu.edu/fcrepo/rest/3b/6f/c3/25/3b6fc325-f6ca-41d8-b91e-8c5db3be8c13/berger_cloonan_batch_4_objects/167/pages/page_0/files/08225.jpg,,
Paper,1361,StillImage,"No copyright - United States; For more information, see:  http://rightsstatements.org/vocab/NoC-US/1.0/",Openly accessible,1 sheet of brown and cream embossed paper; 20.00 x 24.00 in.,Berger-Cloonan #1361,reformatted digital,embossed prints|art reproduction|grained patterns,"Surface treated; Embossed; M4.D2.F5; Inscription on original piece: ""Aschoffenberg""; Section(s) from the Decorated and Decorative Paper Terms Thesaurus: IX.D.1; Not signed. Not stamped. Not stickered. Not embossed.",Decorative paper,2021-06-16T15:03:04.161000+00:00,19th century,Texas A & M University. Libraries,https://api.library.tamu.edu/fcrepo/rest/3b/6f/c3/25/3b6fc325-f6ca-41d8-b91e-8c5db3be8c13/berger_cloonan_batch_4_objects/22/pages/page_0/files/01361.jpg,Aschoffenberg,Germany
Paper,8258,StillImage,"No copyright - United States; For more information, see:  http://rightsstatements.org/vocab/NoC-US/1.0/",Openly accessible,"1 sheet of dark red, blue, yellow, pink and white marbled paper; 6.00 x 8.50 in.",Berger-Cloonan #8258,reformatted digital,dutch marbled paper|art reproduction|curl marbled paper|endpapers|French snail marbled papers,"Surface application; Marbled; C2.B4; Previously used as an endpaper in a bookbinding; Inscription on original piece: ""BOUND BY J.B. HAWES, CAMBRIDGE""; Blank sheet attached; The sheet is from the Bernard Middleton Collection. Bernard Middleton donated this sheet to Sidney E. Berger and Michele V. Cloonan circa 1990.; Section(s) from the Decorated and Decorative Paper Terms Thesaurus: VIII.F.1.c; Not signed. Not stamped.",Marbled papers,2021-06-16T15:43:41.650000+00:00,19th century,Texas A & M University. Libraries,https://api.library.tamu.edu/fcrepo/rest/3b/6f/c3/25/3b6fc325-f6ca-41d8-b91e-8c5db3be8c13/berger_cloonan_batch_4_objects/200/pages/page_0/files/08258.jpg,,
Paper,1357,StillImage,"No copyright - United States; For more information, see:  http://rightsstatements.org/vocab/NoC-US/1.0/",Openly accessible,1 sheet of dark purple and cream embossed paper; 20.00 x 24.00 in.,Berger-Cloonan #1357,reformatted digital,art reproduction|moiré (pattern),"Surface treated; Embossed; M4.D2.F5; Inscription on original piece: ""19th Cent. Aschoffenberg paper, Gift from Karli Frigge, 7/11/00""; Karli Frigge donated the sheet to Sidney E. Berger and Michele V. Cloonan.; Section(s) from the Decorated and Decorative Paper Terms Thesaurus: IX.D.4; Not signed. Not stamped. Not stickered. Not embossed.; Paper somewhat brittle; slight tears along edge",Decorative paper,2021-06-16T15:02:08.122000+00:00,19th century,Texas A & M University. Libraries,https://api.library.tamu.edu/fcrepo/rest/3b/6f/c3/25/3b6fc325-f6ca-41d8-b91e-8c5db3be8c13/berger_cloonan_batch_4_objects/18/pages/page_0/files/01357.jpg,Aschoffenberg,Germany
Paper,8220,StillImage,"No copyright - United States; For more information, see:  http://rightsstatements.org/vocab/NoC-US/1.0/",Openly accessible,"1 sheet of dark red, blue, yellow and white marbled paper; 9.00 x 9.00 in.",Berger-Cloonan #8220,reformatted digital,art reproduction|endpapers|nonpareil marbled paper,Surface application; Marbled; C2.B4; Previously used as an endpaper in a bookbinding; The sheet is from the Bernard Middleton Collection. Bernard Middleton donated this sheet to Sidney E. Berger and Michele V. Cloonan circa 1990.; Section(s) from the Decorated and Decorative Paper Terms Thesaurus: VIII.F.1.e; Not signed. Not stamped.,Marbled papers,2021-06-16T15:35:01.557000+00:00,19th century,Texas A & M University. Libraries,https://api.library.tamu.edu/fcrepo/rest/3b/6f/c3/25/3b6fc325-f6ca-41d8-b91e-8c5db3be8c13/berger_cloonan_batch_4_objects/162/pages/page_0/files/08220.jpg,,
Paper,8316,StillImage,"No copyright - United States; For more information, see:  http://rightsstatements.org/vocab/NoC-US/1.0/",Openly accessible,"1 sheet of blue, red, yellow, black and white marbled paper; 3.75 x 6.00 in.",Berger-Cloonan #8316,reformatted digital,Stormont marbled papers|Laid lines|art reproduction|endpapers,Distribution of fibers; Surface application; Laid; Marbled; C2.B4; Previously used as an endpaper in a bookbinding; Laid paper; The sheet is from the Bernard Middleton Collection. Bernard Middleton donated this sheet to Sidney E. Berger and Michele V. Cloonan circa 1990.; Section(s) from the Decorated and Decorative Paper Terms Thesaurus: II.E; VIII.F.4.g; Not signed. Not stamped.; One rough edge.,Marbled papers,2021-06-16T15:56:57.924000+00:00,19th century [?],Texas A & M University. Libraries,https://api.library.tamu.edu/fcrepo/rest/3b/6f/c3/25/3b6fc325-f6ca-41d8-b91e-8c5db3be8c13/berger_cloonan_batch_4_objects/258/pages/page_0/files/08316.jpg,,
Paper,6974,StillImage,"No copyright - United States; For more information, see:  http://rightsstatements.org/vocab/NoC-US/1.0/",Openly accessible,1 sheet of brown and white marbled paper; 8.75 x 13.75 in.,Berger-Cloonan #6974,reformatted digital,art reproduction|endpapers|Hair vein marbled papers,Surface application; Marbled; C2.B3; Previously used as an endpaper in a bookbinding; The sheet is from the Bernard Middleton Collection. Bernard Middleton donated this sheet to Sidney E. Berger and Michele V. Cloonan circa 1990.; Section(s) from the Decorated and Decorative Paper Terms Thesaurus: VIII.F.4.c; Not signed. Not stamped.; Creased; discolored; torn and separating from backing sheet at edges.,Marbled papers,2021-06-16T15:21:32.538000+00:00,19th century,Texas A & M University. Libraries,https://api.library.tamu.edu/fcrepo/rest/3b/6f/c3/25/3b6fc325-f6ca-41d8-b91e-8c5db3be8c13/berger_cloonan_batch_4_objects/104/pages/page_0/files/06974.jpg,,
Paper,6923,StillImage,"No copyright - United States; For more information, see:  http://rightsstatements.org/vocab/NoC-US/1.0/",Openly accessible,"1 sheet of light blue, dark blue, brown, yellow and white marbled paper; 12.25 x 24.75 in.",Berger-Cloonan #6923,reformatted digital,curled marbled paper|endpapers|French snail marbled papers|Dutch marbled paper|art reproduction,Surface application; Marbled; C2.B3; Previously used as an endpaper in a bookbinding; The sheet is from the Bernard Middleton Collection. Bernard Middleton donated this sheet to Sidney E. Berger and Michele V. Cloonan circa 1990.; Section(s) from the Decorated and Decorative Paper Terms Thesaurus: VIII.F.1.c; Not signed. Not stamped.; Folded; holes along folds; edges torn; discolored.,Marbled papers,2021-06-16T15:10:20.863000+00:00,19th century,Texas A & M University. Libraries,https://api.library.tamu.edu/fcrepo/rest/3b/6f/c3/25/3b6fc325-f6ca-41d8-b91e-8c5db3be8c13/berger_cloonan_batch_4_objects/54/pages/page_0/files/06923.jpg,,
Paper,6906,StillImage,"No copyright - United States; For more information, see:  http://rightsstatements.org/vocab/NoC-US/1.0/",Openly accessible,1 sheet of pink and white marbled paper; 9.75 x 13.25 in.,Berger-Cloonan #6906,reformatted digital,art reproduction|Combed marbled papers|endpapers,Surface application; Marbled; C2.B3; Previously used as an endpaper in a bookbinding; muted colors; The sheet is from the Bernard Middleton Collection. Bernard Middleton donated this sheet to Sidney E. Berger and Michele V. Cloonan circa 1990.; Section(s) from the Decorated and Decorative Paper Terms Thesaurus: VIII.F.1; Not signed. Not stamped. Not stickered. Not embossed.; Staining near edges; edges torn; creased.,Marbled papers,2021-06-16T15:06:29.034000+00:00,19th century,Texas A & M University. Libraries,https://api.library.tamu.edu/fcrepo/rest/3b/6f/c3/25/3b6fc325-f6ca-41d8-b91e-8c5db3be8c13/berger_cloonan_batch_4_objects/37/pages/page_0/files/06906.jpg,,
Paper,8239,StillImage,"No copyright - United States; For more information, see:  http://rightsstatements.org/vocab/NoC-US/1.0/",Openly accessible,"1 sheet of blue, pink, yellow, black and white marbled paper; 5.75 x 7.50 in.",Berger-Cloonan #8239,reformatted digital,art reproduction|nonpareil marbled paper|endpapers,Surface application; Marbled; C2.B4; Previously used as an endpaper in a bookbinding; The sheet is from the Bernard Middleton Collection. Bernard Middleton donated this sheet to Sidney E. Berger and Michele V. Cloonan circa 1990.; Section(s) from the Decorated and Decorative Paper Terms Thesaurus: VIII.F.1.e; Not signed. Not stamped.,Marbled papers,2021-06-16T15:39:21.067000+00:00,19th century,Texas A & M University. Libraries,https://api.library.tamu.edu/fcrepo/rest/3b/6f/c3/25/3b6fc325-f6ca-41d8-b91e-8c5db3be8c13/berger_cloonan_batch_4_objects/181/pages/page_0/files/08239.jpg,,
Paper,7004,StillImage,"No copyright - United States; For more information, see:  http://rightsstatements.org/vocab/NoC-US/1.0/",Openly accessible,"1 sheet of red, orange, blue, black and white marbled paper; 9.00 x 13.50 in.",Berger-Cloonan #7004,reformatted digital,art reproduction|Stormont marbled paper|endpapers,Surface application; Marbled; C2.B3; Previously used as an endpaper in a bookbinding; glossy finish; Attached page; The sheet is from the Bernard Middleton Collection. Bernard Middleton donated this sheet to Sidney E. Berger and Michele V. Cloonan circa 1990.; Section(s) from the Decorated and Decorative Paper Terms Thesaurus: VIII.F.4.g; Not signed. Not stamped.; Wrinkling; tiny edge tear on attached page.,Marbled papers,2021-06-16T15:28:37.356000+00:00,19th century,Texas A & M University. Libraries,https://api.library.tamu.edu/fcrepo/rest/3b/6f/c3/25/3b6fc325-f6ca-41d8-b91e-8c5db3be8c13/berger_cloonan_batch_4_objects/134/pages/page_0/files/07004.jpg,,
Paper,8255,StillImage,"No copyright - United States; For more information, see:  http://rightsstatements.org/vocab/NoC-US/1.0/",Openly accessible,"1 sheet of dark red, yellow, blue and white marbled paper; 7.00 x 10.75 in.",Berger-Cloonan #8255,reformatted digital,dutch marbled paper|art reproduction|curl marbled paper|endpapers|French snail marbled papers,Surface application; Marbled; C2.B4; Previously used as an endpaper in a bookbinding; The sheet is from the Bernard Middleton Collection. Bernard Middleton donated this sheet to Sidney E. Berger and Michele V. Cloonan circa 1990.; Section(s) from the Decorated and Decorative Paper Terms Thesaurus: VIII.F.1.c; Not signed. Not stamped.; Part of sheet is almost completely detached and crumpled.,Marbled papers,2021-06-16T15:43:00.718000+00:00,19th century,Texas A & M University. Libraries,https://api.library.tamu.edu/fcrepo/rest/3b/6f/c3/25/3b6fc325-f6ca-41d8-b91e-8c5db3be8c13/berger_cloonan_batch_4_objects/197/pages/page_0/files/08255.jpg,,
Paper,8384,StillImage,"No copyright - United States; For more information, see:  http://rightsstatements.org/vocab/NoC-US/1.0/",Openly accessible,"1 sheet of green, black, red, blue and white marbled paper; 7.25 x 10.25 in.",Berger-Cloonan #8384,reformatted digital,Stone marbled papers|agate marbled paper|art reproduction|endpapers,Surface application; Marbled; C2.B4; Previously used as an endpaper in a bookbinding; The sheet is from the Bernard Middleton Collection. Bernard Middleton donated this sheet to Sidney E. Berger and Michele V. Cloonan circa 1990.; Section(s) from the Decorated and Decorative Paper Terms Thesaurus: VIII.F.4.f; Not signed. Not stamped.; Rough binding edge; wrinkled; repaired tear near bottom center.,Marbled papers,2021-06-16T15:58:06.951000+00:00,19th century,Texas A & M University. Libraries,https://api.library.tamu.edu/fcrepo/rest/3b/6f/c3/25/3b6fc325-f6ca-41d8-b91e-8c5db3be8c13/berger_cloonan_batch_4_objects/263/pages/page_0/files/08384.jpg,,
Paper,8205,StillImage,"No copyright - United States; For more information, see:  http://rightsstatements.org/vocab/NoC-US/1.0/",Openly accessible,"1 sheet of blue, pink, yellow, black and white marbled paper; 6.00 x 7.00 in.",Berger-Cloonan #8205,reformatted digital,art reproduction|nonpareil marbled paper|endpapers,Surface application; Marbled; C2.B4; Previously used as an endpaper in a bookbinding; The sheet is from the Bernard Middleton Collection. Bernard Middleton donated this sheet to Sidney E. Berger and Michele V. Cloonan circa 1990.; Section(s) from the Decorated and Decorative Paper Terms Thesaurus: VIII.F.1.e; Not signed. Not stamped.; Edge torn.,Marbled papers,2021-06-16T15:32:17.926000+00:00,19th century,Texas A & M University. Libraries,https://api.library.tamu.edu/fcrepo/rest/3b/6f/c3/25/3b6fc325-f6ca-41d8-b91e-8c5db3be8c13/berger_cloonan_batch_4_objects/150/pages/page_0/files/08205.jpg,,
Paper,6895,StillImage,"No copyright - United States; For more information, see:  http://rightsstatements.org/vocab/NoC-US/1.0/",Openly accessible,"1 sheet of pink, black and white marbled paper; 6.00 x 11.75 in.",Berger-Cloonan #6895,reformatted digital,art reproduction|endpapers|nonpareil marbled paper,Surface application; Marbled; C2.B3; Previously used as an endpaper in a bookbinding; The sheet is from the Bernard Middleton Collection. Bernard Middleton donated this sheet to Sidney E. Berger and Michele V. Cloonan circa 1990.; Section(s) from the Decorated and Decorative Paper Terms Thesaurus: VIII.F.1.e; Not signed. Not stamped.,Marbled papers,2021-06-16T15:03:58.755000+00:00,19th century,Texas A & M University. Libraries,https://api.library.tamu.edu/fcrepo/rest/3b/6f/c3/25/3b6fc325-f6ca-41d8-b91e-8c5db3be8c13/berger_cloonan_batch_4_objects/26/pages/page_0/files/06895.jpg,,
Paper,8228,StillImage,"No copyright - United States; For more information, see:  http://rightsstatements.org/vocab/NoC-US/1.0/",Openly accessible,"1 sheet of dark red, green, blue, yellow and white marbled paper; 4.00 x 6.50 in.",Berger-Cloonan #8228,reformatted digital,art reproduction|endpapers|nonpareil marbled paper,"Surface application; Marbled; C2.B4; Previously used as an endpaper in a bookbinding; Inscription on original piece: ""BOUND BY NUTT, CAMBRIDGE""; The sheet is from the Bernard Middleton Collection. Bernard Middleton donated this sheet to Sidney E. Berger and Michele V. Cloonan circa 1990.; Section(s) from the Decorated and Decorative Paper Terms Thesaurus: VIII.F.1.e; Not signed. stamped.",Marbled papers,2021-06-16T15:36:51.167000+00:00,19th century,Texas A & M University. Libraries,https://api.library.tamu.edu/fcrepo/rest/3b/6f/c3/25/3b6fc325-f6ca-41d8-b91e-8c5db3be8c13/berger_cloonan_batch_4_objects/170/pages/page_0/files/08228.jpg,,
Paper,8304,StillImage,"No copyright - United States; For more information, see:  http://rightsstatements.org/vocab/NoC-US/1.0/",Openly accessible,"1 sheet of blue, orange, gold and white marbled paper; 8.25 x 10.50 in.",Berger-Cloonan #8304,reformatted digital,art reproduction|endpapers|Spanish random marbled papers,Surface application; Marbled; C2.B4; Previously used as an endpaper in a bookbinding; Glossy finish; The sheet is from the Bernard Middleton Collection. Bernard Middleton donated this sheet to Sidney E. Berger and Michele V. Cloonan circa 1990.; Section(s) from the Decorated and Decorative Paper Terms Thesaurus: VIII.F.4.e; Not signed. Not stamped.; One rough edge.,Marbled papers,2021-06-16T15:54:12.847000+00:00,19th century [?],Texas A & M University. Libraries,https://api.library.tamu.edu/fcrepo/rest/3b/6f/c3/25/3b6fc325-f6ca-41d8-b91e-8c5db3be8c13/berger_cloonan_batch_4_objects/246/pages/page_0/files/08304.jpg,,
Paper,8224,StillImage,"No copyright - United States; For more information, see:  http://rightsstatements.org/vocab/NoC-US/1.0/",Openly accessible,"1 sheet of dark red, green, blue, yellow and white marbled paper; 7.25 x 9.25 in.",Berger-Cloonan #8224,reformatted digital,art reproduction|endpapers|nonpareil marbled paper,Surface application; Marbled; C2.B4; Previously used as an endpaper in a bookbinding; The sheet is from the Bernard Middleton Collection. Bernard Middleton donated this sheet to Sidney E. Berger and Michele V. Cloonan circa 1990.; Section(s) from the Decorated and Decorative Paper Terms Thesaurus: VIII.F.1.e; Not signed. Not stamped.; Backing paper attached.,Marbled papers,2021-06-16T15:35:56.548000+00:00,19th century,Texas A & M University. Libraries,https://api.library.tamu.edu/fcrepo/rest/3b/6f/c3/25/3b6fc325-f6ca-41d8-b91e-8c5db3be8c13/berger_cloonan_batch_4_objects/166/pages/page_0/files/08224.jpg,,
Paper,6911,StillImage,"No copyright - United States; For more information, see:  http://rightsstatements.org/vocab/NoC-US/1.0/",Openly accessible,"1 sheet of pink, black and white marbled paper; 9.00 x 14.25 in.",Berger-Cloonan #6911,reformatted digital,art reproduction|nonpareil marbled paper|endpapers,Surface application; Marbled; C2.B3; Previously used as an endpaper in a bookbinding; The sheet is from the Bernard Middleton Collection. Bernard Middleton donated this sheet to Sidney E. Berger and Michele V. Cloonan circa 1990.; Section(s) from the Decorated and Decorative Paper Terms Thesaurus: VIII.F.1.e; Not signed. Not stamped. Not stickered. Not embossed.; Edges torn; creased.,Marbled papers,2021-06-16T15:07:37.025000+00:00,19th century,Texas A & M University. Libraries,https://api.library.tamu.edu/fcrepo/rest/3b/6f/c3/25/3b6fc325-f6ca-41d8-b91e-8c5db3be8c13/berger_cloonan_batch_4_objects/42/pages/page_0/files/06911.jpg,,
Paper,1360,StillImage,"No copyright - United States; For more information, see:  http://rightsstatements.org/vocab/NoC-US/1.0/",Openly accessible,1 sheet of light blue embossed paper; 20.25 x 24.75 in.,Berger-Cloonan #1360,reformatted digital,grained patterns|embossed prints|art reproduction,"Surface treated; Embossed; M4.D2.F5; Inscription on original piece: ""Aschoffenberg""; Karli Frigge donated the sheet to Sidney E. Berger and Michele V. Cloonan.; Section(s) from the Decorated and Decorative Paper Terms Thesaurus: IX.D.1; Not signed. Not stamped. Not stickered. Not embossed.; Slight tears along edge",Decorative paper,2021-06-16T15:02:49.995000+00:00,19th century,Texas A & M University. Libraries,https://api.library.tamu.edu/fcrepo/rest/3b/6f/c3/25/3b6fc325-f6ca-41d8-b91e-8c5db3be8c13/berger_cloonan_batch_4_objects/21/pages/page_0/files/01360.jpg,Aschoffenberg,Germany
Paper,8204,StillImage,"No copyright - United States; For more information, see:  http://rightsstatements.org/vocab/NoC-US/1.0/",Openly accessible,"1 sheet of pink, blue, yellow, gray, black and white marbled paper; 2.75 x 7.25 in.",Berger-Cloonan #8204,reformatted digital,art reproduction|nonpareil marbled paper|endpapers,Surface application; Marbled; C2.B4; Previously used as an endpaper in a bookbinding; The sheet is from the Bernard Middleton Collection. Bernard Middleton donated this sheet to Sidney E. Berger and Michele V. Cloonan circa 1990.; Section(s) from the Decorated and Decorative Paper Terms Thesaurus: VIII.F.1.e; Not signed. Not stamped.,Marbled papers,2021-06-16T15:32:04.327000+00:00,19th century,Texas A & M University. Libraries,https://api.library.tamu.edu/fcrepo/rest/3b/6f/c3/25/3b6fc325-f6ca-41d8-b91e-8c5db3be8c13/berger_cloonan_batch_4_objects/149/pages/page_0/files/08204.jpg,,
Paper,6969,StillImage,"No copyright - United States; For more information, see:  http://rightsstatements.org/vocab/NoC-US/1.0/",Openly accessible,"1 sheet of brown, tan, black and white marbled paper; 8.00 x 12.75 in.",Berger-Cloonan #6969,reformatted digital,art reproduction|Stormont marbled paper|endpapers,Surface application; Marbled; C2.B3; Previously used as an endpaper in a bookbinding; The sheet is from the Bernard Middleton Collection. Bernard Middleton donated this sheet to Sidney E. Berger and Michele V. Cloonan circa 1990.; Section(s) from the Decorated and Decorative Paper Terms Thesaurus: VIII.F.4.g; Not signed. Not stamped.; Abrasion; edge torn.,Marbled papers,2021-06-16T15:21:46.222000+00:00,19th century,Texas A & M University. Libraries,https://api.library.tamu.edu/fcrepo/rest/3b/6f/c3/25/3b6fc325-f6ca-41d8-b91e-8c5db3be8c13/berger_cloonan_batch_4_objects/99/pages/page_0/files/06969.jpg,,
Paper,8243,StillImage,"No copyright - United States; For more information, see:  http://rightsstatements.org/vocab/NoC-US/1.0/",Openly accessible,"1 sheet of pink, blue, yellow, black and white marbled paper; 8.00 x 10.25 in.",Berger-Cloonan #8243,reformatted digital,art reproduction|nonpareil marbled paper|endpapers,Surface application; Marbled; C2.B4; Previously used as an endpaper in a bookbinding; The sheet is from the Bernard Middleton Collection. Bernard Middleton donated this sheet to Sidney E. Berger and Michele V. Cloonan circa 1990.; Section(s) from the Decorated and Decorative Paper Terms Thesaurus: VIII.F.1.e; Not signed. Not stamped.; Creased.,Marbled papers,2021-06-16T15:40:15.832000+00:00,19th century,Texas A & M University. Libraries,https://api.library.tamu.edu/fcrepo/rest/3b/6f/c3/25/3b6fc325-f6ca-41d8-b91e-8c5db3be8c13/berger_cloonan_batch_4_objects/185/pages/page_0/files/08243.jpg,,
Paper,1345,StillImage,"No copyright - United States; For more information, see:  http://rightsstatements.org/vocab/NoC-US/1.0/",Openly accessible,"1 sheet of light brown, dark brown and white paste paper; 17.00 x 27.50  in.",Berger-Cloonan #1345,reformatted digital,paste paper|art reproduction,"Surface application; Paste; M4.D2.F5; Varnished surface; Inscription on original piece: ""aschoffenberg""; Karli Frigge donated the sheet to Sidney E. Berger and Michele V. Cloonan.; Section(s) from the Decorated and Decorative Paper Terms Thesaurus: VIII.G; Not signed. Not stamped. Not stickered. Not embossed.; Somewhat torn along edge; slightly yellowed",Paste papers,2021-06-16T14:59:18.489000+00:00,19th century,Texas A & M University. Libraries,https://api.library.tamu.edu/fcrepo/rest/3b/6f/c3/25/3b6fc325-f6ca-41d8-b91e-8c5db3be8c13/berger_cloonan_batch_4_objects/6/pages/page_0/files/01345.jpg,Aschoffenberg,Germany
Paper,6988,StillImage,"No copyright - United States; For more information, see:  http://rightsstatements.org/vocab/NoC-US/1.0/",Openly accessible,"1 sheet of green, red, yellow, black and white marbled paper; 9.00 x 11.25 in.",Berger-Cloonan #6988,reformatted digital,art reproduction|Stormont marbled paper|endpapers,"Surface application; Marbled; C2.B3; Previously used as an endpaper in a bookbinding; The sheet is from the Bernard Middleton Collection. Bernard Middleton donated this sheet to Sidney E. Berger and Michele V. Cloonan circa 1990.; Section(s) from the Decorated and Decorative Paper Terms Thesaurus: VIII.F.4.g; Not signed. Not stamped.; Slightly yellowed and stained on verso; creased corner; rough, worn area on recto.",Marbled papers,2021-06-16T15:24:58.187000+00:00,19th century,Texas A & M University. Libraries,https://api.library.tamu.edu/fcrepo/rest/3b/6f/c3/25/3b6fc325-f6ca-41d8-b91e-8c5db3be8c13/berger_cloonan_batch_4_objects/118/pages/page_0/files/06988.jpg,,
Paper,8309,StillImage,"No copyright - United States; For more information, see:  http://rightsstatements.org/vocab/NoC-US/1.0/",Openly accessible,"1 sheet of green, red, yellow, pink, black and white marbled paper; 8.50 x 10.25 in.",Berger-Cloonan #8309,reformatted digital,Stone marbled papers|agate marbled paper|art reproduction|endpapers|Laid lines,"Distribution of fibers; Surface application; Laid; Marbled; C2.B4; Previously used as an endpaper in a bookbinding; Laid paper; Inscription on original piece: ""H[J]""; The sheet is from the Bernard Middleton Collection. Bernard Middleton donated this sheet to Sidney E. Berger and Michele V. Cloonan circa 1990.; Section(s) from the Decorated and Decorative Paper Terms Thesaurus: II.E; VIII.F.4.f; Not signed. Not stamped.; One rough edge; bent corner; minor discoloration.",Marbled papers,2021-06-16T15:55:21.751000+00:00,19th century [?],Texas A & M University. Libraries,https://api.library.tamu.edu/fcrepo/rest/3b/6f/c3/25/3b6fc325-f6ca-41d8-b91e-8c5db3be8c13/berger_cloonan_batch_4_objects/251/pages/page_0/files/08309.jpg,,
Paper,7008,StillImage,"No copyright - United States; For more information, see:  http://rightsstatements.org/vocab/NoC-US/1.0/",Openly accessible,"1 sheet of red, pink, yellow, green, black and white marbled paper; 9.75 x 12.75 in.",Berger-Cloonan #7008,reformatted digital,art reproduction|Stormont marbled paper|endpapers,"Surface application; Marbled; C2.B3; Previously used as an endpaper in a bookbinding; semi-glossy finish; Glossy brown end paper with gilt trim attached; The sheet is from the Bernard Middleton Collection. Bernard Middleton donated this sheet to Sidney E. Berger and Michele V. Cloonan circa 1990.; Section(s) from the Decorated and Decorative Paper Terms Thesaurus: VIII.F.4.f; Not signed. Not stamped.; Faded; torn and worn corners and edges; worn rectangular area on recto (something removed?); stained on verso; end paper is crackled, torn with a section missing.",Marbled papers,2021-06-16T15:29:32.187000+00:00,19th century,Texas A & M University. Libraries,https://api.library.tamu.edu/fcrepo/rest/3b/6f/c3/25/3b6fc325-f6ca-41d8-b91e-8c5db3be8c13/berger_cloonan_batch_4_objects/138/pages/page_0/files/07008.jpg,,
Paper,6905,StillImage,"No copyright - United States; For more information, see:  http://rightsstatements.org/vocab/NoC-US/1.0/",Openly accessible,1 sheet of pink and white marbled paper; 10.00 x 12.75 in.,Berger-Cloonan #6905,reformatted digital,art reproduction|Combed marbled papers|endpapers,Surface application; Marbled; C2.B3; Previously used as an endpaper in a bookbinding; muted colors; The sheet is from the Bernard Middleton Collection. Bernard Middleton donated this sheet to Sidney E. Berger and Michele V. Cloonan circa 1990.; Section(s) from the Decorated and Decorative Paper Terms Thesaurus: VIII.F.1; Not signed. Not stamped.; Staining near edges.,Marbled papers,2021-06-16T15:06:15.550000+00:00,19th century,Texas A & M University. Libraries,https://api.library.tamu.edu/fcrepo/rest/3b/6f/c3/25/3b6fc325-f6ca-41d8-b91e-8c5db3be8c13/berger_cloonan_batch_4_objects/36/pages/page_0/files/06905.jpg,,
Paper,8238,StillImage,"No copyright - United States; For more information, see:  http://rightsstatements.org/vocab/NoC-US/1.0/",Openly accessible,"1 sheet of dark red, blue, yellow and white marbled paper; 5.75 x 7.50 in.",Berger-Cloonan #8238,reformatted digital,endpapers|nonpareil marbled paper|art reproduction,Surface application; Marbled; C2.B4; Previously used as an endpaper in a bookbinding; The sheet is from the Bernard Middleton Collection. Bernard Middleton donated this sheet to Sidney E. Berger and Michele V. Cloonan circa 1990.; Section(s) from the Decorated and Decorative Paper Terms Thesaurus: VIII.F.1.e; Not signed. Not stamped.; Abraded.,Marbled papers,2021-06-16T15:39:07.330000+00:00,19th century,Texas A & M University. Libraries,https://api.library.tamu.edu/fcrepo/rest/3b/6f/c3/25/3b6fc325-f6ca-41d8-b91e-8c5db3be8c13/berger_cloonan_batch_4_objects/180/pages/page_0/files/08238.jpg,,
Paper,8209,StillImage,"No copyright - United States; For more information, see:  http://rightsstatements.org/vocab/NoC-US/1.0/",Openly accessible,"1 sheet of green, brown, black and white marbled paper; 5.25 x 8.50 in.",Berger-Cloonan #8209,reformatted digital,art reproduction|nonpareil marbled paper|endpapers,Surface application; Marbled; C2.B4; Previously used as an endpaper in a bookbinding; The sheet is from the Bernard Middleton Collection. Bernard Middleton donated this sheet to Sidney E. Berger and Michele V. Cloonan circa 1990.; Section(s) from the Decorated and Decorative Paper Terms Thesaurus: VIII.F.1.e; Not signed. Not stamped.; Verso stained.,Marbled papers,2021-06-16T15:33:12.303000+00:00,19th century,Texas A & M University. Libraries,https://api.library.tamu.edu/fcrepo/rest/3b/6f/c3/25/3b6fc325-f6ca-41d8-b91e-8c5db3be8c13/berger_cloonan_batch_4_objects/154/pages/page_0/files/08209.jpg,,
Paper,12314|06942,StillImage,Openly accessible,Openly accessible,"1 sheet of dark red, blue, tan and white marbled paper; 10.00 x 14.00 in.",Berger-Cloonan #6942,reformatted digital,art reproduction|endpapers|French snail marbled papers,"Surface application; Marbled; C2.B3; Previously used as an endpaper in a bookbinding; [written in pencil on verso]: ""coll 109 5-6-[?]"", ""12314""; [printed in blue ink on 4.50 x 7.00 sheet attached to verso]: ""Tower House, Cotham, Bristol.""; [written in black ink on 4.50 x 7.00 sheet attached to verso]: ""This Volume is a copy of ""The Great Bible"" or it may be called Lord J Cromell's Bible ... Francis Fry, August 15th 1879""; The sheet is from the Bernard Middleton Collection. Bernard Middleton donated this sheet to Sidney E. Berger and Michele V. Cloonan circa 1990.; Section(s) from the Decorated and Decorative Paper Terms Thesaurus: VIII.F.1.c; Not signed. Not stamped.",Marbled papers,2021-06-16T15:14:27.917000+00:00,Texas A & M University. Libraries,"No copyright - United States; For more information, see:  http://rightsstatements.org/vocab/NoC-US/1.0/",https://api.library.tamu.edu/fcrepo/rest/3b/6f/c3/25/3b6fc325-f6ca-41d8-b91e-8c5db3be8c13/berger_cloonan_batch_4_objects/72/pages/page_0/files/06942.jpg,,
Paper,6894,StillImage,"No copyright - United States; For more information, see:  http://rightsstatements.org/vocab/NoC-US/1.0/",Openly accessible,"1 sheet of red, blue, green, yellow and white marbled paper; 9.50 x 13.50 in.",Berger-Cloonan #6894,reformatted digital,art reproduction|endpapers,"Surface application; Marbled; C2.B3; Previously used as an endpaper in a bookbinding; Inscription on original piece: ""$ 9550""; The sheet is from the Bernard Middleton Collection. Bernard Middleton donated this sheet to Sidney E. Berger and Michele V. Cloonan circa 1990.; Section(s) from the Decorated and Decorative Paper Terms Thesaurus: VIII.F.1; Not signed. Not stamped.; Insect damage; discolored; creased.",Marbled papers,2021-06-16T15:03:45.139000+00:00,19th century,Texas A & M University. Libraries,https://api.library.tamu.edu/fcrepo/rest/3b/6f/c3/25/3b6fc325-f6ca-41d8-b91e-8c5db3be8c13/berger_cloonan_batch_4_objects/25/pages/page_0/files/06894.jpg,,
Paper,8303,StillImage,"No copyright - United States; For more information, see:  http://rightsstatements.org/vocab/NoC-US/1.0/",Openly accessible,"1 sheet of red, blue, black, gold and white marbled paper; 7.00 x 9.00 in.",Berger-Cloonan #8303,reformatted digital,Random marbled papers|art reproduction|endpapers|moiré (pattern),"Surface application; Marbled; C2.B4; Previously used as an endpaper in a bookbinding; Glossy finish; Inscriptions on original piece: ""5"",""500""; The sheet is from the Bernard Middleton Collection. Bernard Middleton donated this sheet to Sidney E. Berger and Michele V. Cloonan circa 1990.; Section(s) from the Decorated and Decorative Paper Terms Thesaurus: VIII.F.4.d; Not signed. Not stamped.; One rough edge; bent corner.",Marbled papers,2021-06-16T15:53:59.119000+00:00,19th century [?],Texas A & M University. Libraries,https://api.library.tamu.edu/fcrepo/rest/3b/6f/c3/25/3b6fc325-f6ca-41d8-b91e-8c5db3be8c13/berger_cloonan_batch_4_objects/245/pages/page_0/files/08303.jpg,,
Paper,6910,StillImage,"No copyright - United States; For more information, see:  http://rightsstatements.org/vocab/NoC-US/1.0/",Openly accessible,"1 sheet of dark red, blue and white marbled paper; 10.00 x 12.50 in.",Berger-Cloonan #6910,reformatted digital,art reproduction|endpapers|nonpareil marbled paper,"Surface application; Marbled; C2.B3; Previously used as an endpaper in a bookbinding;[stamped in blue ink on verso]: ""BOOK NUMBER""; [written in black ink on verso]: ""PR 2154.B4""; [stamped in black ink on verso]: ""BOUND BY J.B. HAWES CAMBRIDGE""; The sheet is from the Bernard Middleton Collection. Bernard Middleton donated this sheet to Sidney E. Berger and Michele V. Cloonan circa 1990.; Section(s) from the Decorated and Decorative Paper Terms Thesaurus: VIII.F.1.e; Not signed. Stamped. Not stickered. Not embossed.",Marbled papers,2021-06-16T15:07:23.427000+00:00,19th century,Texas A & M University. Libraries,https://api.library.tamu.edu/fcrepo/rest/3b/6f/c3/25/3b6fc325-f6ca-41d8-b91e-8c5db3be8c13/berger_cloonan_batch_4_objects/41/pages/page_0/files/06910.jpg,,
Paper,8203,StillImage,"No copyright - United States; For more information, see:  http://rightsstatements.org/vocab/NoC-US/1.0/",Openly accessible,"1 sheet of pink, blue, yellow, gray, black and white marbled paper; 3.75 x 5.75 in.",Berger-Cloonan #8203,reformatted digital,art reproduction|endpapers|nonpareil marbled paper,Surface application; Marbled; C2.B4; Previously used as an endpaper in a bookbinding; The sheet is from the Bernard Middleton Collection. Bernard Middleton donated this sheet to Sidney E. Berger and Michele V. Cloonan circa 1990.; Section(s) from the Decorated and Decorative Paper Terms Thesaurus: VIII.F.1.e; Not signed. Not stamped.,Marbled papers,2021-06-16T15:31:50.715000+00:00,19th century,Texas A & M University. Libraries,https://api.library.tamu.edu/fcrepo/rest/3b/6f/c3/25/3b6fc325-f6ca-41d8-b91e-8c5db3be8c13/berger_cloonan_batch_4_objects/148/pages/page_0/files/08203.jpg,,
Paper,6968,StillImage,"No copyright - United States; For more information, see:  http://rightsstatements.org/vocab/NoC-US/1.0/",Openly accessible,"1 sheet of orange, blue and white marbled paper; 6.00 x 13.00 in.",Berger-Cloonan #6968,reformatted digital,art reproduction|Stormont marbled paper|endpapers,Surface application; Marbled; C2.B3; Previously used as an endpaper in a bookbinding; The sheet is from the Bernard Middleton Collection. Bernard Middleton donated this sheet to Sidney E. Berger and Michele V. Cloonan circa 1990.; Section(s) from the Decorated and Decorative Paper Terms Thesaurus: VIII.F.4.g; Not signed. Not stamped.; Abrasion; corner missing; edges chipped.,Marbled papers,2021-06-16T15:20:23.873000+00:00,19th century,Texas A & M University. Libraries,https://api.library.tamu.edu/fcrepo/rest/3b/6f/c3/25/3b6fc325-f6ca-41d8-b91e-8c5db3be8c13/berger_cloonan_batch_4_objects/98/pages/page_0/files/06968.jpg,,
Paper,8287,StillImage,"No copyright - United States; For more information, see:  http://rightsstatements.org/vocab/NoC-US/1.0/",Openly accessible,"1 sheet of red, blue, green, yellow and white marbled paper; 7.75 x 10.25 in.",Berger-Cloonan #8287,reformatted digital,Laid lines|nonpareil marbled paper|art reproduction|endpapers,Distribution of fibers; Surface application; Laid; Marbled; C2.B4; Previously used as an endpaper in a bookbinding; Laid paper; The sheet is from the Bernard Middleton Collection. Bernard Middleton donated this sheet to Sidney E. Berger and Michele V. Cloonan circa 1990.; Section(s) from the Decorated and Decorative Paper Terms Thesaurus: II.E; VIII.F.1.e; Not signed. Not stamped.; Very faded; one rough edge.,Marbled papers,2021-06-16T15:50:19.434000+00:00,19th century [?],Texas A & M University. Libraries,https://api.library.tamu.edu/fcrepo/rest/3b/6f/c3/25/3b6fc325-f6ca-41d8-b91e-8c5db3be8c13/berger_cloonan_batch_4_objects/229/pages/page_0/files/08287.jpg,,
Paper,8242,StillImage,"No copyright - United States; For more information, see:  http://rightsstatements.org/vocab/NoC-US/1.0/",Openly accessible,"1 sheet of pink, blue, yellow, black and white marbled paper; 8.25 x 10.50 in.",Berger-Cloonan #8242,reformatted digital,endpapers|nonpareil marbled paper|art reproduction,"Surface application; Marbled; C2.B4; Previously used as an endpaper in a bookbinding; Inscription on original piece: ""6/88 01-1-"", ""Portr. 415, B-I4, K2/W2, B-E4 Lacks 1/2 title""; The sheet is from the Bernard Middleton Collection. Bernard Middleton donated this sheet to Sidney E. Berger and Michele V. Cloonan circa 1990.; Section(s) from the Decorated and Decorative Paper Terms Thesaurus: VIII.F.1.e; Not signed. Not stamped.",Marbled papers,2021-06-16T15:40:02.149000+00:00,19th century,Texas A & M University. Libraries,https://api.library.tamu.edu/fcrepo/rest/3b/6f/c3/25/3b6fc325-f6ca-41d8-b91e-8c5db3be8c13/berger_cloonan_batch_4_objects/184/pages/page_0/files/08242.jpg,,
Paper,1344,StillImage,"No copyright - United States; For more information, see:  http://rightsstatements.org/vocab/NoC-US/1.0/",Openly accessible,"1 sheet of magenta, brown, purple, black and white printed paper; 17.00 x 27.00  in.",Berger-Cloonan #1344,reformatted digital,gift wrap|art reproduction,"Surface application; Printed; M4.D2.F5; Pattern resembles nonpareil marbling; varnished surface; Inscription on original piece: ""aschoffenberg""; Karli Frigge donated the sheet to Sidney E. Berger and Michele V. Cloonan.; Section(s) from the Decorated and Decorative Paper Terms Thesaurus: VIII.H.3; Not signed. Not stamped. Not stickered. Not embossed.; Somewhat torn along edge; slightly yellowed",Gift wraps,2021-06-16T14:59:04.663000+00:00,19th century,Texas A & M University. Libraries,https://api.library.tamu.edu/fcrepo/rest/3b/6f/c3/25/3b6fc325-f6ca-41d8-b91e-8c5db3be8c13/berger_cloonan_batch_4_objects/5/pages/page_0/files/01344.jpg,Aschoffenberg,Germany
Paper,8308,StillImage,"No copyright - United States; For more information, see:  http://rightsstatements.org/vocab/NoC-US/1.0/",Openly accessible,"1 sheet of blue, gray, black and white marbled paper; 6.75 x 10.25 in.",Berger-Cloonan #8308,reformatted digital,art reproduction|endpapers|Spanish random marbled papers,"Surface application; Marbled; C2.B4; Previously used as an endpaper in a bookbinding; Inscription on original piece: ""F8.""; The sheet is from the Bernard Middleton Collection. Bernard Middleton donated this sheet to Sidney E. Berger and Michele V. Cloonan circa 1990.; Section(s) from the Decorated and Decorative Paper Terms Thesaurus: VIII.F.4.e; Not signed. Not stamped.; One rough edge; several tiny tears into edges; line of tiny brown dots on verso.",Marbled papers,2021-06-16T15:55:07.872000+00:00,19th century [?],Texas A & M University. Libraries,https://api.library.tamu.edu/fcrepo/rest/3b/6f/c3/25/3b6fc325-f6ca-41d8-b91e-8c5db3be8c13/berger_cloonan_batch_4_objects/250/pages/page_0/files/08308.jpg,,
Paper,7007,StillImage,"No copyright - United States; For more information, see:  http://rightsstatements.org/vocab/NoC-US/1.0/",Openly accessible,"1 sheet of blue, red, yellow, black and white marbled paper; 9.00 x 14.25 in.",Berger-Cloonan #7007,reformatted digital,art reproduction|Stormont marbled paper|endpapers,Surface application; Marbled; C2.B3; Previously used as an endpaper in a bookbinding; semi-glossy finish; The sheet is from the Bernard Middleton Collection. Bernard Middleton donated this sheet to Sidney E. Berger and Michele V. Cloonan circa 1990.; Section(s) from the Decorated and Decorative Paper Terms Thesaurus: VIII.F.4.f; Not signed. Not stamped. Not stickered. Not embossed.; Creased and torn corners and edges; slightly yellowed and stained on verso.,Marbled papers,2021-06-16T15:29:18.533000+00:00,19th century,Texas A & M University. Libraries,https://api.library.tamu.edu/fcrepo/rest/3b/6f/c3/25/3b6fc325-f6ca-41d8-b91e-8c5db3be8c13/berger_cloonan_batch_4_objects/137/pages/page_0/files/07007.jpg,,
Paper,1352,StillImage,"No copyright - United States; For more information, see:  http://rightsstatements.org/vocab/NoC-US/1.0/",Openly accessible,1 sheet of silver and white embossed paper; 19.50 x 28.00 in.,Berger-Cloonan #1352,reformatted digital,embossed prints|art reproduction,"Surface treated; Embossed; M4.D2.F5; Pattern resembles lattice; Inscription on original piece: ""aschoffenberg""; Karli Frigge donated the sheet to Sidney E. Berger and Michele V. Cloonan.; Section(s) from the Decorated and Decorative Paper Terms Thesaurus: IX.D; Not signed. Not stamped. Not stickered. Not embossed.; Bubble along edge",Decorative paper,2021-06-16T15:00:57.755000+00:00,19th century,Texas A & M University. Libraries,https://api.library.tamu.edu/fcrepo/rest/3b/6f/c3/25/3b6fc325-f6ca-41d8-b91e-8c5db3be8c13/berger_cloonan_batch_4_objects/13/pages/page_0/files/01352.jpg,Aschoffenberg,Germany
Paper,8291,StillImage,"No copyright - United States; For more information, see:  http://rightsstatements.org/vocab/NoC-US/1.0/",Openly accessible,"1 sheet of pink, blue, brown, tan and white marbled paper; 8.25 x 10.50 in.",Berger-Cloonan #8291,reformatted digital,art reproduction|curl marbled paper|endpapers|Chevron marbled papers,Surface application; Marbled; C2.B4; Previously used as an endpaper in a bookbinding; The sheet is from the Bernard Middleton Collection. Bernard Middleton donated this sheet to Sidney E. Berger and Michele V. Cloonan circa 1990.; Section(s) from the Decorated and Decorative Paper Terms Thesaurus: VIII.F.1.b; Not signed. Not stamped.; One rough edge; faded.,Marbled papers,2021-06-16T15:51:14.205000+00:00,19th century [?],Texas A & M University. Libraries,https://api.library.tamu.edu/fcrepo/rest/3b/6f/c3/25/3b6fc325-f6ca-41d8-b91e-8c5db3be8c13/berger_cloonan_batch_4_objects/233/pages/page_0/files/08291.jpg,,
Paper,8208,StillImage,"No copyright - United States; For more information, see:  http://rightsstatements.org/vocab/NoC-US/1.0/",Openly accessible,"1 sheet of green, brown, black and white marbled paper; 5.25 x 8.50 in.",Berger-Cloonan #8208,reformatted digital,art reproduction|nonpareil marbled paper|endpapers,Surface application; Marbled; C2.B4; Previously used as an endpaper in a bookbinding; The sheet is from the Bernard Middleton Collection. Bernard Middleton donated this sheet to Sidney E. Berger and Michele V. Cloonan circa 1990.; Section(s) from the Decorated and Decorative Paper Terms Thesaurus: VIII.F.1.e; Not signed. Not stamped.; Verso stained.,Marbled papers,2021-06-16T15:32:58.701000+00:00,19th century,Texas A & M University. Libraries,https://api.library.tamu.edu/fcrepo/rest/3b/6f/c3/25/3b6fc325-f6ca-41d8-b91e-8c5db3be8c13/berger_cloonan_batch_4_objects/153/pages/page_0/files/08208.jpg,,
Paper,8231,StillImage,"No copyright - United States; For more information, see:  http://rightsstatements.org/vocab/NoC-US/1.0/",Openly accessible,"1 sheet of dark red, blue and white marbled paper; 4.25 x 6.75 in.",Berger-Cloonan #8231,reformatted digital,art reproduction|nonpareil marbled paper|endpapers,"Surface application; Marbled; C2.B4; Previously used as an endpaper in a bookbinding; Inscription on original piece: ""C.Dh Baldwin,"" ""B.J. Boel""; The sheet is from the Bernard Middleton Collection. Bernard Middleton donated this sheet to Sidney E. Berger and Michele V. Cloonan circa 1990.; Section(s) from the Decorated and Decorative Paper Terms Thesaurus: VIII.F.1.e; Not signed. Not stamped.",Marbled papers,2021-06-16T15:37:31.939000+00:00,19th century,Texas A & M University. Libraries,https://api.library.tamu.edu/fcrepo/rest/3b/6f/c3/25/3b6fc325-f6ca-41d8-b91e-8c5db3be8c13/berger_cloonan_batch_4_objects/173/pages/page_0/files/08231.jpg,,
Paper,8307,StillImage,"No copyright - United States; For more information, see:  http://rightsstatements.org/vocab/NoC-US/1.0/",Openly accessible,"1 sheet of blue, red, yellow, dark green and white marbled paper; 8.50 x 10.50 in.",Berger-Cloonan #8307,reformatted digital,marbled paper|Random marbled papers|art reproduction|endpapers,Surface application; Marbled; C2.B4; Previously used as an endpaper in a bookbinding; The sheet is from the Bernard Middleton Collection. Bernard Middleton donated this sheet to Sidney E. Berger and Michele V. Cloonan circa 1990.; Section(s) from the Decorated and Decorative Paper Terms Thesaurus: VIII.F.4; Not signed. Not stamped.; One rough edge.,Marbled papers,2021-06-16T15:54:54.145000+00:00,19th century [?],Texas A & M University. Libraries,https://api.library.tamu.edu/fcrepo/rest/3b/6f/c3/25/3b6fc325-f6ca-41d8-b91e-8c5db3be8c13/berger_cloonan_batch_4_objects/249/pages/page_0/files/08307.jpg,,
Paper,6956,StillImage,"No copyright - United States; For more information, see:  http://rightsstatements.org/vocab/NoC-US/1.0/",Openly accessible,"1 sheet of light green, dark blue, red and white marbled paper; 10.25 x 12.75 in.",Berger-Cloonan #6956,reformatted digital,Spanish random marbled papers|spanish marbled paper|art reproduction|endpapers,Surface application; Marbled; C2.B3; Previously used as an endpaper in a bookbinding; The sheet is from the Bernard Middleton Collection. Bernard Middleton donated this sheet to Sidney E. Berger and Michele V. Cloonan circa 1990.; Section(s) from the Decorated and Decorative Paper Terms Thesaurus: VIII.F.4.e; Not signed. Not stamped. Not stickered. Not embossed.; Corner missing; 2.00 tear; creased.,Marbled papers,2021-06-16T15:17:39.649000+00:00,19th century,Texas A & M University. Libraries,https://api.library.tamu.edu/fcrepo/rest/3b/6f/c3/25/3b6fc325-f6ca-41d8-b91e-8c5db3be8c13/berger_cloonan_batch_4_objects/86/pages/page_0/files/06956.jpg,,
Paper,8275,StillImage,"No copyright - United States; For more information, see:  http://rightsstatements.org/vocab/NoC-US/1.0/",Openly accessible,1 sheet of orange and white printed paper; 4.25 x 6.75 in.,Berger-Cloonan #8275,reformatted digital,art reproduction|Printed papers,"Surface application; Printed; C2.B4; Criss-crossing fine, wavy orange lines; The sheet is from the Bernard Middleton Collection. Bernard Middleton donated this sheet to Sidney E. Berger and Michele V. Cloonan circa 1990.; Section(s) from the Decorated and Decorative Paper Terms Thesaurus: VIII.H; Not signed. Not stamped.; Minor spots and discoloration; one rough edge; small area of printed text offset on verso.",Marbled papers,2021-06-16T15:47:34.603000+00:00,19th century [?],Texas A & M University. Libraries,https://api.library.tamu.edu/fcrepo/rest/3b/6f/c3/25/3b6fc325-f6ca-41d8-b91e-8c5db3be8c13/berger_cloonan_batch_4_objects/217/pages/page_0/files/08275.jpg,,
Paper,6995,StillImage,"No copyright - United States; For more information, see:  http://rightsstatements.org/vocab/NoC-US/1.0/",Openly accessible,"1 sheet of light green, red, yellow, black and white marbled paper; 9.50 x 14.00 in.",Berger-Cloonan #6995,reformatted digital,Stormont marbled paper|art reproduction|endpapers,"Surface application; Marbled; C2.B3; Previously used as an endpaper in a bookbinding; heavy weight paper; Inscription on original piece: ""587""; The sheet is from the Bernard Middleton Collection. Bernard Middleton donated this sheet to Sidney E. Berger and Michele V. Cloonan circa 1990.; Section(s) from the Decorated and Decorative Paper Terms Thesaurus: VIII.F.4.g; Not signed. Not stamped.; Yellowed and stained on verso; edge tear; creased corners; worn area on recto; wrinkling.",Marbled papers,2021-06-16T15:26:33.972000+00:00,19th century,Texas A & M University. Libraries,https://api.library.tamu.edu/fcrepo/rest/3b/6f/c3/25/3b6fc325-f6ca-41d8-b91e-8c5db3be8c13/berger_cloonan_batch_4_objects/125/pages/page_0/files/06995.jpg,,
Paper,1348,StillImage,"No copyright - United States; For more information, see:  http://rightsstatements.org/vocab/NoC-US/1.0/",Openly accessible,"1 sheet of red, black and orange embossed paper; 19.75 x 28.50  in.",Berger-Cloonan #1348,reformatted digital,art reproduction|embossed prints,Surface treated; Embossed leatherette paper; M4.D2.F5; Pattern resembles snake skin; sheet printed in red with black on raised areas; Karli Frigge donated the sheet to Sidney E. Berger and Michele V. Cloonan.; Section(s) from the Decorated and Decorative Paper Terms Thesaurus: IX.D.2; Not signed. Not stamped. Not stickered. Not embossed.; Slightly bent edges,Decorative paper,2021-06-16T15:00:01.246000+00:00,19th century,Texas A & M University. Libraries,https://api.library.tamu.edu/fcrepo/rest/3b/6f/c3/25/3b6fc325-f6ca-41d8-b91e-8c5db3be8c13/berger_cloonan_batch_4_objects/9/pages/page_0/files/01348.jpg,,
Paper,8312,StillImage,"No copyright - United States; For more information, see:  http://rightsstatements.org/vocab/NoC-US/1.0/",Openly accessible,"1 sheet of blue, red, pink, yellow, black and white marbled paper; 4.75 x 7.00 in.",Berger-Cloonan #8312,reformatted digital,Stone marbled papers|agate marbled paper|art reproduction|endpapers|Laid lines,"Distribution of fibers; Surface application; Laid; Marbled; C2.B4; Previously used as an endpaper in a bookbinding; Laid paper; Inscription on original piece: ""f""; The sheet is from the Bernard Middleton Collection. Bernard Middleton donated this sheet to Sidney E. Berger and Michele V. Cloonan circa 1990.; Section(s) from the Decorated and Decorative Paper Terms Thesaurus: II.E; VIII.F.4.f; Not signed. Not stamped.; One rough edge; edges discolored; remnants of binding thread.",Marbled papers,2021-06-16T15:56:03.053000+00:00,19th century [?],Texas A & M University. Libraries,https://api.library.tamu.edu/fcrepo/rest/3b/6f/c3/25/3b6fc325-f6ca-41d8-b91e-8c5db3be8c13/berger_cloonan_batch_4_objects/254/pages/page_0/files/08312.jpg,,
Paper,8196,StillImage,"No copyright - United States; For more information, see:  http://rightsstatements.org/vocab/NoC-US/1.0/",Openly accessible,"1 sheet of red, blue, green, yellow and white marbled paper; 5.25 x 7.25 in.",Berger-Cloonan #8196,reformatted digital,art reproduction|endpapers|nonpareil marbled paper,"Surface application; Marbled; C2.B4; Previously used as an endpaper in a bookbinding; Inscription on original piece: ""/2/2I 30""; Accompanied by two blank sheets of laid paper; The sheet is from the Bernard Middleton Collection. Bernard Middleton donated this sheet to Sidney E. Berger and Michele V. Cloonan circa 1990.; Section(s) from the Decorated and Decorative Paper Terms Thesaurus: VIII.F.1.e; Not signed. Not stamped.",Marbled papers,2021-06-16T15:30:14.043000+00:00,19th century,Texas A & M University. Libraries,https://api.library.tamu.edu/fcrepo/rest/3b/6f/c3/25/3b6fc325-f6ca-41d8-b91e-8c5db3be8c13/berger_cloonan_batch_4_objects/141/pages/page_0/files/08196.jpg,,
Paper,8219,StillImage,"No copyright - United States; For more information, see:  http://rightsstatements.org/vocab/NoC-US/1.0/",Openly accessible,"1 sheet of dark red, blue, yellow and white marbled paper; 6.25 x 10.00 in.",Berger-Cloonan #8219,reformatted digital,art reproduction|endpapers|nonpareil marbled paper,Surface application; Marbled; C2.B4; Previously used as an endpaper in a bookbinding; The sheet is from the Bernard Middleton Collection. Bernard Middleton donated this sheet to Sidney E. Berger and Michele V. Cloonan circa 1990.; Section(s) from the Decorated and Decorative Paper Terms Thesaurus: VIII.F.1.e; Not signed. Not stamped.; Adhesive residue on verso.,Marbled papers,2021-06-16T15:34:47.907000+00:00,19th century,Texas A & M University. Libraries,https://api.library.tamu.edu/fcrepo/rest/3b/6f/c3/25/3b6fc325-f6ca-41d8-b91e-8c5db3be8c13/berger_cloonan_batch_4_objects/161/pages/page_0/files/08219.jpg,,
Paper,8295,StillImage,"No copyright - United States; For more information, see:  http://rightsstatements.org/vocab/NoC-US/1.0/",Openly accessible,"1 sheet of pink, black, yellow and white marbled paper; 8.25 x 10.00 in.",Berger-Cloonan #8295,reformatted digital,marbled paper|Random marbled papers|art reproduction|endpapers,Surface application; Marbled; C2.B4; Previously used as an endpaper in a bookbinding; The sheet is from the Bernard Middleton Collection. Bernard Middleton donated this sheet to Sidney E. Berger and Michele V. Cloonan circa 1990.; Section(s) from the Decorated and Decorative Paper Terms Thesaurus: VIII.F.4; Not signed. Not stamped.; Bent corner; one rough edge; lightly foxed.,Marbled papers,2021-06-16T15:52:09.209000+00:00,19th century [?],Texas A & M University. Libraries,https://api.library.tamu.edu/fcrepo/rest/3b/6f/c3/25/3b6fc325-f6ca-41d8-b91e-8c5db3be8c13/berger_cloonan_batch_4_objects/237/pages/page_0/files/08295.jpg,,
Paper,8256,StillImage,"No copyright - United States; For more information, see:  http://rightsstatements.org/vocab/NoC-US/1.0/",Openly accessible,"1 sheet of red, blue, green, yellow and white marbled paper; 7.00 x 8.25 in.",Berger-Cloonan #8256,reformatted digital,dutch marbled paper|art reproduction|curl marbled paper|endpapers|French snail marbled papers,Surface application; Marbled; C2.B4; Previously used as an endpaper in a bookbinding; The sheet is from the Bernard Middleton Collection. Bernard Middleton donated this sheet to Sidney E. Berger and Michele V. Cloonan circa 1990.; Section(s) from the Decorated and Decorative Paper Terms Thesaurus: VIII.F.1.c; Not signed. Not stamped.,Marbled papers,2021-06-16T15:43:14.323000+00:00,19th century,Texas A & M University. Libraries,https://api.library.tamu.edu/fcrepo/rest/3b/6f/c3/25/3b6fc325-f6ca-41d8-b91e-8c5db3be8c13/berger_cloonan_batch_4_objects/198/pages/page_0/files/08256.jpg,,
Paper,8215,StillImage,"No copyright - United States; For more information, see:  http://rightsstatements.org/vocab/NoC-US/1.0/",Openly accessible,"1 sheet of dark red, blue and white marbled paper; 5.00 x 7.50 in.",Berger-Cloonan #8215,reformatted digital,art reproduction|endpapers|nonpareil marbled paper,"Surface application; Marbled; C2.B4; Previously used as an endpaper in a bookbinding; Inscription on original piece: ""Oct 13/92"", ""3548 90""; The sheet is from the Bernard Middleton Collection. Bernard Middleton donated this sheet to Sidney E. Berger and Michele V. Cloonan circa 1990.; Section(s) from the Decorated and Decorative Paper Terms Thesaurus: VIII.F.1.e; Not signed. Not stamped.; Discolored; edges torn.",Marbled papers,2021-06-16T15:33:53.156000+00:00,19th century,Texas A & M University. Libraries,https://api.library.tamu.edu/fcrepo/rest/3b/6f/c3/25/3b6fc325-f6ca-41d8-b91e-8c5db3be8c13/berger_cloonan_batch_4_objects/157/pages/page_0/files/08215.jpg,,
Paper,1351,StillImage,"No copyright - United States; For more information, see:  http://rightsstatements.org/vocab/NoC-US/1.0/",Openly accessible,1 sheet of silver and white embossed paper; 19.50 x 28.00 in.,Berger-Cloonan #1351,reformatted digital,embossed prints|art reproduction,"Surface treated; Embossed; M4.D2.F5; Pattern resembles lattice; Inscription on original piece: ""aschoffenberg""; Karli Frigge donated the sheet to Sidney E. Berger and Michele V. Cloonan.; Section(s) from the Decorated and Decorative Paper Terms Thesaurus: IX.D; Not signed. Not stamped. Not stickered. Not embossed.; Small tears along edge",Decorative paper,2021-06-16T15:00:43.629000+00:00,19th century,Texas A & M University. Libraries,https://api.library.tamu.edu/fcrepo/rest/3b/6f/c3/25/3b6fc325-f6ca-41d8-b91e-8c5db3be8c13/berger_cloonan_batch_4_objects/12/pages/page_0/files/01351.jpg,Aschoffenberg,Germany
Paper,8290,StillImage,"No copyright - United States; For more information, see:  http://rightsstatements.org/vocab/NoC-US/1.0/",Openly accessible,"1 sheet of red, blue, green, yellow and white marbled paper; 8.25 x 10.50 in.",Berger-Cloonan #8290,reformatted digital,marbled paper|Zigzags|art reproduction|endpapers,Surface application; Marbled; C2.B4; Previously used as an endpaper in a bookbinding; The sheet is from the Bernard Middleton Collection. Bernard Middleton donated this sheet to Sidney E. Berger and Michele V. Cloonan circa 1990.; Section(s) from the Decorated and Decorative Paper Terms Thesaurus: VIII.F.1.j; Not signed. Not stamped.; One rough edge; tiny dark spot on recto.,Marbled papers,2021-06-16T15:51:00.496000+00:00,19th century [?],Texas A & M University. Libraries,https://api.library.tamu.edu/fcrepo/rest/3b/6f/c3/25/3b6fc325-f6ca-41d8-b91e-8c5db3be8c13/berger_cloonan_batch_4_objects/232/pages/page_0/files/08290.jpg,,
Paper,7000,StillImage,"No copyright - United States; For more information, see:  http://rightsstatements.org/vocab/NoC-US/1.0/",Openly accessible,"1 sheet of red, green, yellow, black, white and tan marbled paper; 6.75 x 12.50 in.",Berger-Cloonan #7000,reformatted digital,art reproduction|Stormont marbled paper|endpapers,Surface application; Marbled; C2.B3; Previously used as an endpaper in a bookbinding; light weight paper; semi-glossy finish; The sheet is from the Bernard Middleton Collection. Bernard Middleton donated this sheet to Sidney E. Berger and Michele V. Cloonan circa 1990.; Section(s) from the Decorated and Decorative Paper Terms Thesaurus: VIII.F.4.g; Not signed. Not stamped.; Creased corners and mid-line; tiny edge tears; spot stains on verso.,Marbled papers,2021-06-16T15:27:42.597000+00:00,19th century,Texas A & M University. Libraries,https://api.library.tamu.edu/fcrepo/rest/3b/6f/c3/25/3b6fc325-f6ca-41d8-b91e-8c5db3be8c13/berger_cloonan_batch_4_objects/130/pages/page_0/files/07000.jpg,,
Paper,6938,StillImage,"No copyright - United States; For more information, see:  http://rightsstatements.org/vocab/NoC-US/1.0/",Openly accessible,"1 sheet of gray, green, brown and white marbled paper; 8.75 x 14.75 in.",Berger-Cloonan #6938,reformatted digital,art reproduction|endpapers|curled marbled paper|French snail marbled papers|Dutch marbled paper,Surface application; Marbled; C2.B3; Previously used as an endpaper in a bookbinding; muted colors; The sheet is from the Bernard Middleton Collection. Bernard Middleton donated this sheet to Sidney E. Berger and Michele V. Cloonan circa 1990.; Section(s) from the Decorated and Decorative Paper Terms Thesaurus: VIII.F.1.c; Not signed. Not stamped.; Creased; corner missing.,Marbled papers,2021-06-16T15:13:46.393000+00:00,19th century,Texas A & M University. Libraries,https://api.library.tamu.edu/fcrepo/rest/3b/6f/c3/25/3b6fc325-f6ca-41d8-b91e-8c5db3be8c13/berger_cloonan_batch_4_objects/69/pages/page_0/files/06938.jpg,,
Paper,8300,StillImage,"No copyright - United States; For more information, see:  http://rightsstatements.org/vocab/NoC-US/1.0/",Openly accessible,"1 sheet of blue, red, yellow and white marbled paper; 6.25 x 8.50 in.",Berger-Cloonan #8300,reformatted digital,Laid lines|Combed marbled papers|art reproduction|endpapers,Distribution of fibers; Surface application; Laid; Marbled; C2.B4; Previously used as an endpaper in a bookbinding; Laid paper; The sheet is from the Bernard Middleton Collection. Bernard Middleton donated this sheet to Sidney E. Berger and Michele V. Cloonan circa 1990.; Section(s) from the Decorated and Decorative Paper Terms Thesaurus: II.E; VIII.F.1; Not signed. Not stamped.; One rough edge; faded; major stains and discoloration verso.,Marbled papers,2021-06-16T15:53:17.826000+00:00,19th century [?],Texas A & M University. Libraries,https://api.library.tamu.edu/fcrepo/rest/3b/6f/c3/25/3b6fc325-f6ca-41d8-b91e-8c5db3be8c13/berger_cloonan_batch_4_objects/242/pages/page_0/files/08300.jpg,,
Paper,8278,StillImage,"No copyright - United States; For more information, see:  http://rightsstatements.org/vocab/NoC-US/1.0/",Openly accessible,"1 sheet of blue, pink, yellow and white marbled paper; 9.25 x 11.00 in.",Berger-Cloonan #8278,reformatted digital,art reproduction|curl marbled paper|endpapers|French snail marbled papers|dutch marbled paper,Surface application; Marbled; C2.B4; Previously used as an endpaper in a bookbinding; The sheet is from the Bernard Middleton Collection. Bernard Middleton donated this sheet to Sidney E. Berger and Michele V. Cloonan circa 1990.; Section(s) from the Decorated and Decorative Paper Terms Thesaurus: VIII.F.1.c; Not signed. Not stamped.; Square cut from one corner; creased; torn several inches along one crease; several tears into edges; discolored.,Marbled papers,2021-06-16T15:48:15.763000+00:00,19th century [?],Texas A & M University. Libraries,https://api.library.tamu.edu/fcrepo/rest/3b/6f/c3/25/3b6fc325-f6ca-41d8-b91e-8c5db3be8c13/berger_cloonan_batch_4_objects/220/pages/page_0/files/08278.jpg,,
Paper,6979,StillImage,"No copyright - United States; For more information, see:  http://rightsstatements.org/vocab/NoC-US/1.0/",Openly accessible,"1 sheet of brown, black and white marbled paper; 8.25 x 13.25 in.",Berger-Cloonan #6979,reformatted digital,Random marbled papers|art reproduction|endpapers,Surface application; Marbled; C2.B3; Previously used as an endpaper in a bookbinding; The sheet is from the Bernard Middleton Collection. Bernard Middleton donated this sheet to Sidney E. Berger and Michele V. Cloonan circa 1990.; Section(s) from the Decorated and Decorative Paper Terms Thesaurus: VIII.F.4; Not signed. Not stamped.; Discolored; edges chipped; creased; pinhole.,Marbled papers,2021-06-16T15:22:55.144000+00:00,19th century,Texas A & M University. Libraries,https://api.library.tamu.edu/fcrepo/rest/3b/6f/c3/25/3b6fc325-f6ca-41d8-b91e-8c5db3be8c13/berger_cloonan_batch_4_objects/109/pages/page_0/files/06979.jpg,,
Paper,6955,StillImage,"No copyright - United States; For more information, see:  http://rightsstatements.org/vocab/NoC-US/1.0/",Openly accessible,"1 sheet of blue, red, yellow and white marbled paper; 10.50 x 12.25 in.",Berger-Cloonan #6955,reformatted digital,art reproduction|endpapers|Spanish random marbled papers|spanish marbled paper,Surface application; Marbled; C2.B3; Previously used as an endpaper in a bookbinding; The sheet is from the Bernard Middleton Collection. Bernard Middleton donated this sheet to Sidney E. Berger and Michele V. Cloonan circa 1990.; Section(s) from the Decorated and Decorative Paper Terms Thesaurus: VIII.F.4.e; Not signed. Not stamped.; 3.00 x 5.00 piece missing from corner; edges torn; creased.,Marbled papers,2021-06-16T15:17:26.004000+00:00,19th century,Texas A & M University. Libraries,https://api.library.tamu.edu/fcrepo/rest/3b/6f/c3/25/3b6fc325-f6ca-41d8-b91e-8c5db3be8c13/berger_cloonan_batch_4_objects/85/pages/page_0/files/06955.jpg,,
Paper,6999,StillImage,"No copyright - United States; For more information, see:  http://rightsstatements.org/vocab/NoC-US/1.0/",Openly accessible,"1 sheet of black, brown, tan, green and white marbled paper; 8.75 x 13.50 in.",Berger-Cloonan #6999,reformatted digital,art reproduction|Stormont marbled paper|endpapers,Surface application; Marbled; C2.B3; Previously used as an endpaper in a bookbinding; The sheet is from the Bernard Middleton Collection. Bernard Middleton donated this sheet to Sidney E. Berger and Michele V. Cloonan circa 1990.; Section(s) from the Decorated and Decorative Paper Terms Thesaurus: VIII.F.4.g; Not signed. Not stamped.; Creased corners; torn and creased edges; yellowed and stained on verso; worn area along binding edge.,Marbled papers,2021-06-16T15:27:28.889000+00:00,19th century,Texas A & M University. Libraries,https://api.library.tamu.edu/fcrepo/rest/3b/6f/c3/25/3b6fc325-f6ca-41d8-b91e-8c5db3be8c13/berger_cloonan_batch_4_objects/129/pages/page_0/files/06999.jpg,,
Paper,8274,StillImage,"No copyright - United States; For more information, see:  http://rightsstatements.org/vocab/NoC-US/1.0/",Openly accessible,"1 sheet of red, blue, yellow and white marbled paper; 5.00 x 7.25 in.",Berger-Cloonan #8274,reformatted digital,Laid lines|dutch marbled paper|art reproduction|curl marbled paper|endpapers|French snail marbled papers,"Distribution of fibers; Surface application; Laid; Marbled; C2.B4; Previously used as an endpaper in a bookbinding; Laid paper; Inscriptions on original piece: ""5 v.3 618.23 C768"", ""71/3/83[/2""; The sheet is from the Bernard Middleton Collection. Bernard Middleton donated this sheet to Sidney E. Berger and Michele V. Cloonan circa 1990.; Section(s) from the Decorated and Decorative Paper Terms Thesaurus: II.E; VIII.F.1.c; Not signed. Not stamped.; One rough edge; very faded; discoloration along edges; large white stain on recto.",Marbled papers,2021-06-16T15:47:20.855000+00:00,19th century [?],Texas A & M University. Libraries,https://api.library.tamu.edu/fcrepo/rest/3b/6f/c3/25/3b6fc325-f6ca-41d8-b91e-8c5db3be8c13/berger_cloonan_batch_4_objects/216/pages/page_0/files/08274.jpg,,
Paper,8200,StillImage,"No copyright - United States; For more information, see:  http://rightsstatements.org/vocab/NoC-US/1.0/",Openly accessible,"1 sheet of red, blue, green, yellow and white marbled paper; 7.50 x 9.50 in.",Berger-Cloonan #8200,reformatted digital,art reproduction|nonpareil marbled paper|endpapers,"Surface application; Marbled; C2.B4; All edges gilt; Previously used as an endpaper in a bookbinding; Inscription on original piece: ""BOUND BY MACKENZIE.""; The sheet is from the Bernard Middleton Collection. Bernard Middleton donated this sheet to Sidney E. Berger and Michele V. Cloonan circa 1990.; Section(s) from the Decorated and Decorative Paper Terms Thesaurus: VIII.F.1.e; Not signed. stamped.",Marbled papers,2021-06-16T15:31:09.375000+00:00,19th century,Texas A & M University. Libraries,https://api.library.tamu.edu/fcrepo/rest/3b/6f/c3/25/3b6fc325-f6ca-41d8-b91e-8c5db3be8c13/berger_cloonan_batch_4_objects/145/pages/page_0/files/08200.jpg,,
Paper,6994,StillImage,"No copyright - United States; For more information, see:  http://rightsstatements.org/vocab/NoC-US/1.0/",Openly accessible,"1 sheet of green, red, yellow, black and white marbled paper; 9.00 x 11.00 in.",Berger-Cloonan #6994,reformatted digital,Stormont marbled paper|art reproduction|endpapers,"Surface application; Marbled; C2.B3; Previously used as an endpaper in a bookbinding; Inscription on original piece: ""30 peyers Elih 3 vols + atlas""; The sheet is from the Bernard Middleton Collection. Bernard Middleton donated this sheet to Sidney E. Berger and Michele V. Cloonan circa 1990.; Section(s) from the Decorated and Decorative Paper Terms Thesaurus: VIII.F.4.g; Not signed. Not stamped.; Yellowed and stained on verso; creasing; worn area on recto; slightly worn area along binding edge.",Marbled papers,2021-06-16T15:26:20.283000+00:00,19th century,Texas A & M University. Libraries,https://api.library.tamu.edu/fcrepo/rest/3b/6f/c3/25/3b6fc325-f6ca-41d8-b91e-8c5db3be8c13/berger_cloonan_batch_4_objects/124/pages/page_0/files/06994.jpg,,
Paper,6926,StillImage,"No copyright - United States; For more information, see:  http://rightsstatements.org/vocab/NoC-US/1.0/",Openly accessible,"1 sheet of blue, brown, yellow and gray marbled paper; 9.25 x 11.50 in.",Berger-Cloonan #6926,reformatted digital,art reproduction|curled marbled paper|endpapers|French snail marbled papers|Dutch marbled paper,Surface application; Marbled; C2.B3; Previously used as an endpaper in a bookbinding; The sheet is from the Bernard Middleton Collection. Bernard Middleton donated this sheet to Sidney E. Berger and Michele V. Cloonan circa 1990.; Section(s) from the Decorated and Decorative Paper Terms Thesaurus: VIII.F.1.c; Not signed. Not stamped.,Marbled papers,2021-06-16T15:11:01.956000+00:00,19th century,Texas A & M University. Libraries,https://api.library.tamu.edu/fcrepo/rest/3b/6f/c3/25/3b6fc325-f6ca-41d8-b91e-8c5db3be8c13/berger_cloonan_batch_4_objects/57/pages/page_0/files/06926.jpg,,
Paper,8167,StillImage,"No copyright - United States; For more information, see:  http://rightsstatements.org/vocab/NoC-US/1.0/",Openly accessible,"1 sheet of red, green, brown, yellow and white marbled paper; 7.75 x 11.25 in.",Berger-Cloonan #8167,reformatted digital,Stone marbled papers|agate marbled paper|art reproduction|endpapers,"Surface application; Marbled; C2.B4; Previously used as an endpaper in a bookbinding; Inscription on original piece: ""H. HARRIS BOOKBINDE [?] OXFORD, PLA [?] PLYMOUTH""; The sheet is from the Bernard Middleton Collection. Bernard Middleton donated this sheet to Sidney E. Berger and Michele V. Cloonan circa 1990.; Section(s) from the Decorated and Decorative Paper Terms Thesaurus: VIII.F.4.f; Not signed. Not stamped. Stickered. Not embossed.; Torn; creased.",Marbled papers,2021-06-16T15:30:00.253000+00:00,19th century,Texas A & M University. Libraries,https://api.library.tamu.edu/fcrepo/rest/3b/6f/c3/25/3b6fc325-f6ca-41d8-b91e-8c5db3be8c13/berger_cloonan_batch_4_objects/140/pages/page_0/files/08167.jpg,,England
Paper,1355,StillImage,"No copyright - United States; For more information, see:  http://rightsstatements.org/vocab/NoC-US/1.0/",Openly accessible,1 sheet of green and dark gray embossed paper; 19.75 x 28.00 in.,Berger-Cloonan #1355,reformatted digital,art reproduction|embossed prints,Surface treated; Embossed leatherette paper; M4.D2.F5; Pattern resembles snake skin; Section(s) from the Decorated and Decorative Paper Terms Thesaurus: IX.D.2; Not signed. Not stamped. Not stickered. Not embossed.,Decorative paper,2021-06-16T15:01:40.037000+00:00,19th century,Texas A & M University. Libraries,https://api.library.tamu.edu/fcrepo/rest/3b/6f/c3/25/3b6fc325-f6ca-41d8-b91e-8c5db3be8c13/berger_cloonan_batch_4_objects/16/pages/page_0/files/01355.jpg,,
Paper,8218,StillImage,"No copyright - United States; For more information, see:  http://rightsstatements.org/vocab/NoC-US/1.0/",Openly accessible,"1 sheet of dark red, blue and white marbled paper; 6.00 x 9.25 in.",Berger-Cloonan #8218,reformatted digital,art reproduction|endpapers|nonpareil marbled paper,Surface application; Marbled; C2.B4; Previously used as an endpaper in a bookbinding; The sheet is from the Bernard Middleton Collection. Bernard Middleton donated this sheet to Sidney E. Berger and Michele V. Cloonan circa 1990.; Section(s) from the Decorated and Decorative Paper Terms Thesaurus: VIII.F.1.e; Not signed. Not stamped.; Abraded; corner torn.,Marbled papers,2021-06-16T15:34:34.224000+00:00,19th century,Texas A & M University. Libraries,https://api.library.tamu.edu/fcrepo/rest/3b/6f/c3/25/3b6fc325-f6ca-41d8-b91e-8c5db3be8c13/berger_cloonan_batch_4_objects/160/pages/page_0/files/08218.jpg,,
Paper,8294,StillImage,"No copyright - United States; For more information, see:  http://rightsstatements.org/vocab/NoC-US/1.0/",Openly accessible,"1 sheet of pink, black, yellow and white marbled paper; 8.25 x 10.00 in.",Berger-Cloonan #8294,reformatted digital,Random marbled papers|art reproduction|endpapers|marbled paper,Surface application; Marbled; C2.B4; Previously used as an endpaper in a bookbinding; The sheet is from the Bernard Middleton Collection. Bernard Middleton donated this sheet to Sidney E. Berger and Michele V. Cloonan circa 1990.; Section(s) from the Decorated and Decorative Paper Terms Thesaurus: VIII.F.4; Not signed. Not stamped.; Bent corner; one rough edge; lightly foxed.,Marbled papers,2021-06-16T15:51:55.429000+00:00,19th century [?],Texas A & M University. Libraries,https://api.library.tamu.edu/fcrepo/rest/3b/6f/c3/25/3b6fc325-f6ca-41d8-b91e-8c5db3be8c13/berger_cloonan_batch_4_objects/236/pages/page_0/files/08294.jpg,,
Paper,6943,StillImage,"No copyright - United States; For more information, see:  http://rightsstatements.org/vocab/NoC-US/1.0/",Openly accessible,"1 sheet of green, orange, gray and white marbled paper; 7.75 x 24.25 in.",Berger-Cloonan #6943,reformatted digital,Combed marbled papers|art reproduction|endpapers,Surface application; Marbled; C2.B3; Previously used as an endpaper in a bookbinding; The sheet is from the Bernard Middleton Collection. Bernard Middleton donated this sheet to Sidney E. Berger and Michele V. Cloonan circa 1990.; Section(s) from the Decorated and Decorative Paper Terms Thesaurus: VIII.F.1; Not signed. Not stamped.; Folded; irregular cut edge.,Marbled papers,2021-06-16T15:14:41.516000+00:00,19th century,Texas A & M University. Libraries,https://api.library.tamu.edu/fcrepo/rest/3b/6f/c3/25/3b6fc325-f6ca-41d8-b91e-8c5db3be8c13/berger_cloonan_batch_4_objects/73/pages/page_0/files/06943.jpg,,
Paper,6901,StillImage,"No copyright - United States; For more information, see:  http://rightsstatements.org/vocab/NoC-US/1.0/",Openly accessible,"1 sheet of red, blue, yellow and white marbled paper; 9.00 x 12.50 in.",Berger-Cloonan #6901,reformatted digital,endpapers|Combed marbled papers|art reproduction,Surface application; Marbled; C2.B3; Previously used as an endpaper in a bookbinding; waved pattern; The sheet is from the Bernard Middleton Collection. Bernard Middleton donated this sheet to Sidney E. Berger and Michele V. Cloonan circa 1990.; Section(s) from the Decorated and Decorative Paper Terms Thesaurus: VIII.F.1; Not signed. Not stamped.; Edge torn; creased.,Marbled papers,2021-06-16T15:05:21.179000+00:00,19th century,Texas A & M University. Libraries,https://api.library.tamu.edu/fcrepo/rest/3b/6f/c3/25/3b6fc325-f6ca-41d8-b91e-8c5db3be8c13/berger_cloonan_batch_4_objects/32/pages/page_0/files/06901.jpg,,
Paper,6963,StillImage,"No copyright - United States; For more information, see:  http://rightsstatements.org/vocab/NoC-US/1.0/",Openly accessible,"1 sheet of blue, brown and white marbled paper; 8.75 x 11.50 in.",Berger-Cloonan #6963,reformatted digital,Random marbled papers|art reproduction|endpapers,Surface application; Marbled; C2.B3; Previously used as an endpaper in a bookbinding; The sheet is from the Bernard Middleton Collection. Bernard Middleton donated this sheet to Sidney E. Berger and Michele V. Cloonan circa 1990.; Section(s) from the Decorated and Decorative Paper Terms Thesaurus: VIII.F.4; Not signed. Not stamped.; Creased.,Marbled papers,2021-06-16T15:19:15.590000+00:00,19th century,Texas A & M University. Libraries,https://api.library.tamu.edu/fcrepo/rest/3b/6f/c3/25/3b6fc325-f6ca-41d8-b91e-8c5db3be8c13/berger_cloonan_batch_4_objects/93/pages/page_0/files/06963.jpg,,
Paper,8262,StillImage,"No copyright - United States; For more information, see:  http://rightsstatements.org/vocab/NoC-US/1.0/",Openly accessible,"1 sheet of blue, pink, light green and white marbled paper; 5.50 x 8.75 in.",Berger-Cloonan #8262,reformatted digital,art reproduction|curl marbled paper|endpapers|French snail marbled papers|dutch marbled paper,Surface application; Marbled; C2.B4; Previously used as an endpaper in a bookbinding; The sheet is from the Bernard Middleton Collection. Bernard Middleton donated this sheet to Sidney E. Berger and Michele V. Cloonan circa 1990.; Section(s) from the Decorated and Decorative Paper Terms Thesaurus: VIII.F.1.c; Not signed. Not stamped.,Marbled papers,2021-06-16T15:44:36.262000+00:00,19th century,Texas A & M University. Libraries,https://api.library.tamu.edu/fcrepo/rest/3b/6f/c3/25/3b6fc325-f6ca-41d8-b91e-8c5db3be8c13/berger_cloonan_batch_4_objects/204/pages/page_0/files/08262.jpg,,
Paper,6959,StillImage,"No copyright - United States; For more information, see:  http://rightsstatements.org/vocab/NoC-US/1.0/",Openly accessible,"1 sheet of yellow, pink, black and white marbled paper; 7.50 x 10.75 in.",Berger-Cloonan #6959,reformatted digital,Stone marbled papers|agate marbled paper|art reproduction|endpapers,"Distribution of fibers; Surface application; Laid; Watermarked; Marbled; C2.B3; Previously used as an endpaper in a bookbinding; backed with blank sheet of laid and watermarked paper; Inscription on original piece: ""Vrdr col al [?] of Supplement 1496 to 366; A rare & valuable book RGSK. The First Collected Edition of Petrarch's Works. Edited by Sebastian Bandt, only collected Ed. in XV Century; SEE HARPER""; The sheet is from the Bernard Middleton Collection. Bernard Middleton donated this sheet to Sidney E. Berger and Michele V. Cloonan circa 1990.; Section(s) from the Decorated and Decorative Paper Terms Thesaurus: II.E; II.H; VIII.F.4.f; Not signed. Not stamped.; Stained; separating from backing sheet.",Marbled papers,2021-06-16T15:18:20.656000+00:00,19th century,Texas A & M University. Libraries,https://api.library.tamu.edu/fcrepo/rest/3b/6f/c3/25/3b6fc325-f6ca-41d8-b91e-8c5db3be8c13/berger_cloonan_batch_4_objects/89/pages/page_0/files/06959.jpg,,
Paper,8282,StillImage,"No copyright - United States; For more information, see:  http://rightsstatements.org/vocab/NoC-US/1.0/",Openly accessible,"1 sheet of red, blue, green, yellow and white marbled paper; 8.75 x 11.00 in.",Berger-Cloonan #8282,reformatted digital,endpapers|French snail marbled papers|Laid lines|art reproduction,"Distribution of fibers; Surface application; Laid; Marbled; C2.B4; Previously used as an endpaper in a bookbinding; Laid paper; Inscriptions on original piece: ""John: Geo: Lossin[?]1788"", ""Vallance"", ""1st edition, 3 folding plates, L.P."", ""Collated D.J.S. ?""; The sheet is from the Bernard Middleton Collection. Bernard Middleton donated this sheet to Sidney E. Berger and Michele V. Cloonan circa 1990.; Section(s) from the Decorated and Decorative Paper Terms Thesaurus: II.E; VIII.F.1.c; Not signed. Not stamped.; Very faded; minor spots and discoloration; one rough edge.",Marbled papers,2021-06-16T15:49:10.774000+00:00,18th century [?],Texas A & M University. Libraries,https://api.library.tamu.edu/fcrepo/rest/3b/6f/c3/25/3b6fc325-f6ca-41d8-b91e-8c5db3be8c13/berger_cloonan_batch_4_objects/224/pages/page_0/files/08282.jpg,,
Paper,6982,StillImage,"No copyright - United States; For more information, see:  http://rightsstatements.org/vocab/NoC-US/1.0/",Openly accessible,"1 sheet of green, pink, yellow, red, black and white marbled paper; 8.75 x 10.00 in.",Berger-Cloonan #6982,reformatted digital,art reproduction|Combed marbled papers|endpapers,"Surface application; Marbled; C2.B3; Previously used as an endpaper in a bookbinding; Inscription on original piece: ""complete [?] presentation[?]""; The sheet is from the Bernard Middleton Collection. Bernard Middleton donated this sheet to Sidney E. Berger and Michele V. Cloonan circa 1990.; Section(s) from the Decorated and Decorative Paper Terms Thesaurus: VIII.F.1; Not signed. Not stamped.",Marbled papers,2021-06-16T15:23:36.035000+00:00,19th century,Texas A & M University. Libraries,https://api.library.tamu.edu/fcrepo/rest/3b/6f/c3/25/3b6fc325-f6ca-41d8-b91e-8c5db3be8c13/berger_cloonan_batch_4_objects/112/pages/page_0/files/06982.jpg,,
Paper,6931,StillImage,"No copyright - United States; For more information, see:  http://rightsstatements.org/vocab/NoC-US/1.0/",Openly accessible,"1 sheet of blue, brown, yellow and gray marbled paper; 9.25 x 11.50 in.",Berger-Cloonan #6931,reformatted digital,endpapers|curled marbled paper|French snail marbled papers|Dutch marbled paper|art reproduction,Surface application; Marbled; C2.B3; Previously used as an endpaper in a bookbinding; The sheet is from the Bernard Middleton Collection. Bernard Middleton donated this sheet to Sidney E. Berger and Michele V. Cloonan circa 1990.; Section(s) from the Decorated and Decorative Paper Terms Thesaurus: VIII.F.1.c; Not signed. Not stamped.,Marbled papers,2021-06-16T15:12:10.446000+00:00,19th century,Texas A & M University. Libraries,https://api.library.tamu.edu/fcrepo/rest/3b/6f/c3/25/3b6fc325-f6ca-41d8-b91e-8c5db3be8c13/berger_cloonan_batch_4_objects/62/pages/page_0/files/06931.jpg,,
Paper,6978,StillImage,"No copyright - United States; For more information, see:  http://rightsstatements.org/vocab/NoC-US/1.0/",Openly accessible,"1 sheet of brown, black and white marbled paper; 8.25 x 13.25 in.",Berger-Cloonan #6978,reformatted digital,endpapers|Random marbled papers|art reproduction,Surface application; Marbled; C2.B3; Previously used as an endpaper in a bookbinding; The sheet is from the Bernard Middleton Collection. Bernard Middleton donated this sheet to Sidney E. Berger and Michele V. Cloonan circa 1990.; Section(s) from the Decorated and Decorative Paper Terms Thesaurus: VIII.F.4; Not signed. Not stamped.; Discolored; edges chipped; creased.,Marbled papers,2021-06-16T15:22:41.456000+00:00,19th century,Texas A & M University. Libraries,https://api.library.tamu.edu/fcrepo/rest/3b/6f/c3/25/3b6fc325-f6ca-41d8-b91e-8c5db3be8c13/berger_cloonan_batch_4_objects/108/pages/page_0/files/06978.jpg,,
Paper,8299,StillImage,"No copyright - United States; For more information, see:  http://rightsstatements.org/vocab/NoC-US/1.0/",Openly accessible,"1 sheet of green, red and white marbled paper; 6.00 x 8.75 in.",Berger-Cloonan #8299,reformatted digital,endpapers|Spanish random marbled papers|art reproduction,"Surface application; Marbled; C2.B4; Previously used as an endpaper in a bookbinding; Inscription on original piece: ""J[... ...a?] edition""; The sheet is from the Bernard Middleton Collection. Bernard Middleton donated this sheet to Sidney E. Berger and Michele V. Cloonan circa 1990.; Section(s) from the Decorated and Decorative Paper Terms Thesaurus: VIII.F.4.e; Not signed. Not stamped.; One rough edge; very wrinkled.",Marbled papers,2021-06-16T15:53:04.034000+00:00,19th century [?],Texas A & M University. Libraries,https://api.library.tamu.edu/fcrepo/rest/3b/6f/c3/25/3b6fc325-f6ca-41d8-b91e-8c5db3be8c13/berger_cloonan_batch_4_objects/241/pages/page_0/files/08299.jpg,,
Paper,6998,StillImage,"No copyright - United States; For more information, see:  http://rightsstatements.org/vocab/NoC-US/1.0/",Openly accessible,"1 sheet of red, blue and white marbled paper; 9.00 x 14.50 in.",Berger-Cloonan #6998,reformatted digital,Stormont marbled paper|art reproduction|endpapers,Surface application; Marbled; C2.B3; Previously used as an endpaper in a bookbinding; The sheet is from the Bernard Middleton Collection. Bernard Middleton donated this sheet to Sidney E. Berger and Michele V. Cloonan circa 1990.; Section(s) from the Decorated and Decorative Paper Terms Thesaurus: VIII.F.4.g; Not signed. Not stamped.; Faded; torn and creased corners and edges with one corner almost detached;  staining on verso; color shift on recto.,Marbled papers,2021-06-16T15:27:15.164000+00:00,19th century,Texas A & M University. Libraries,https://api.library.tamu.edu/fcrepo/rest/3b/6f/c3/25/3b6fc325-f6ca-41d8-b91e-8c5db3be8c13/berger_cloonan_batch_4_objects/128/pages/page_0/files/06998.jpg,,
Paper,8199,StillImage,"No copyright - United States; For more information, see:  http://rightsstatements.org/vocab/NoC-US/1.0/",Openly accessible,"1 sheet of red, blue, green, yellow and white marbled paper; 7.50 x 9.50 in.",Berger-Cloonan #8199,reformatted digital,nonpareil marbled paper|endpapers|art reproduction,"Surface application; Marbled; C2.B4; All edges gilt. Previously used as an endpaper in a bookbinding; Inscription on original piece: ""BOUND BY MACKENZIE.""; The sheet is from the Bernard Middleton Collection. Bernard Middleton donated this sheet to Sidney E. Berger and Michele V. Cloonan circa 1990.; Section(s) from the Decorated and Decorative Paper Terms Thesaurus: VIII.F.1.e; Not signed. Stamped.; Corner stained.",Marbled papers,2021-06-16T15:30:55.521000+00:00,19th century,Texas A & M University. Libraries,https://api.library.tamu.edu/fcrepo/rest/3b/6f/c3/25/3b6fc325-f6ca-41d8-b91e-8c5db3be8c13/berger_cloonan_batch_4_objects/144/pages/page_0/files/08199.jpg,,
Paper,6947,StillImage,"No copyright - United States; For more information, see:  http://rightsstatements.org/vocab/NoC-US/1.0/",Openly accessible,"1 sheet of light blue, dark blue, brown, tan and white marbled paper; 10.00 x 12.50 in.",Berger-Cloonan #6947,reformatted digital,endpapers|Stone marbled papers|agate marbled paper|art reproduction,Surface application; Marbled; C2.B3; Previously used as an endpaper in a bookbinding; The sheet is from the Bernard Middleton Collection. Bernard Middleton donated this sheet to Sidney E. Berger and Michele V. Cloonan circa 1990.; Section(s) from the Decorated and Decorative Paper Terms Thesaurus: VIII.F.4.f; Not signed. Not stamped.; Two corners missing; torn; creased.,Marbled papers,2021-06-16T15:15:36.107000+00:00,19th century,Texas A & M University. Libraries,https://api.library.tamu.edu/fcrepo/rest/3b/6f/c3/25/3b6fc325-f6ca-41d8-b91e-8c5db3be8c13/berger_cloonan_batch_4_objects/77/pages/page_0/files/06947.jpg,,
Paper,8266,StillImage,"No copyright - United States; For more information, see:  http://rightsstatements.org/vocab/NoC-US/1.0/",Openly accessible,"1 sheet of pink, green and white marbled paper; 6.75 x 8.75 in.",Berger-Cloonan #8266,reformatted digital,art reproduction|curl marbled paper|endpapers|French snail marbled papers|dutch marbled paper,Distribution of fibers; Surface application; Laid; Marbled; C2.B4; Previously used as an endpaper in a bookbinding; Laid paper; The sheet is from the Bernard Middleton Collection. Bernard Middleton donated this sheet to Sidney E. Berger and Michele V. Cloonan circa 1990.; Section(s) from the Decorated and Decorative Paper Terms Thesaurus: II.E; VIII.F.1.c; Not signed. Not stamped.; Edges discolored.,Marbled papers,2021-06-16T15:45:31.107000+00:00,19th century,Texas A & M University. Libraries,https://api.library.tamu.edu/fcrepo/rest/3b/6f/c3/25/3b6fc325-f6ca-41d8-b91e-8c5db3be8c13/berger_cloonan_batch_4_objects/208/pages/page_0/files/08266.jpg,,
Paper,8232,StillImage,"No copyright - United States; For more information, see:  http://rightsstatements.org/vocab/NoC-US/1.0/",Openly accessible,"1 sheet of dark red, blue, yellow and white marbled paper; 7.25 x 8.75 in.",Berger-Cloonan #8232,reformatted digital,nonpareil marbled paper|art reproduction|endpapers,Surface application; Marbled; C2.B4; Previously used as an endpaper in a bookbinding; The sheet is from the Bernard Middleton Collection. Bernard Middleton donated this sheet to Sidney E. Berger and Michele V. Cloonan circa 1990.; Section(s) from the Decorated and Decorative Paper Terms Thesaurus: VIII.F.1.e; Not signed. Not stamped.; Creased; torn.,Marbled papers,2021-06-16T15:37:45.588000+00:00,19th century,Texas A & M University. Libraries,https://api.library.tamu.edu/fcrepo/rest/3b/6f/c3/25/3b6fc325-f6ca-41d8-b91e-8c5db3be8c13/berger_cloonan_batch_4_objects/174/pages/page_0/files/08232.jpg,,
Paper,7003,StillImage,"No copyright - United States; For more information, see:  http://rightsstatements.org/vocab/NoC-US/1.0/",Openly accessible,"1 sheet of red, green, yellow, black and white marbled paper; 7.50 x 12.50 in.",Berger-Cloonan #7003,reformatted digital,art reproduction|Stormont marbled paper|endpapers,Surface application; Marbled; C2.B3; Previously used as an endpaper in a bookbinding; heavier weight paper; glossy finish; The sheet is from the Bernard Middleton Collection. Bernard Middleton donated this sheet to Sidney E. Berger and Michele V. Cloonan circa 1990.; Section(s) from the Decorated and Decorative Paper Terms Thesaurus: VIII.F.4.g; Not signed. Not stamped.; Creased corners; edge tears; wrinkling; edge with red binding material on verso.,Marbled papers,2021-06-16T15:28:23.704000+00:00,19th century,Texas A & M University. Libraries,https://api.library.tamu.edu/fcrepo/rest/3b/6f/c3/25/3b6fc325-f6ca-41d8-b91e-8c5db3be8c13/berger_cloonan_batch_4_objects/133/pages/page_0/files/07003.jpg,,
Paper,6986,StillImage,"No copyright - United States; For more information, see:  http://rightsstatements.org/vocab/NoC-US/1.0/",Openly accessible,"1 sheet of green, pink, yellow, gray, black and white marbled paper; 8.75 x 13.50 in.",Berger-Cloonan #6986,reformatted digital,Stone marbled papers|agate marbled paper|art reproduction|endpapers,Surface application; Marbled; C2.B3; Previously used as an endpaper in a bookbinding; The sheet is from the Bernard Middleton Collection. Bernard Middleton donated this sheet to Sidney E. Berger and Michele V. Cloonan circa 1990.; Section(s) from the Decorated and Decorative Paper Terms Thesaurus: VIII.F.4.f; Not signed. Not stamped.; Faded; creased corners and mid-line; tiny edge tears; yellowed and spot stained on verso; worn edge on recto.,Marbled papers,2021-06-16T15:24:30.769000+00:00,19th century,Texas A & M University. Libraries,https://api.library.tamu.edu/fcrepo/rest/3b/6f/c3/25/3b6fc325-f6ca-41d8-b91e-8c5db3be8c13/berger_cloonan_batch_4_objects/116/pages/page_0/files/06986.jpg,,
Paper,6962,StillImage,"No copyright - United States; For more information, see:  http://rightsstatements.org/vocab/NoC-US/1.0/",Openly accessible,"1 sheet of blue, red, brown, light green and white marbled paper; 7.75 x 12.75 in.",Berger-Cloonan #6962,reformatted digital,hair vein marbled patterns|endpapers|art reproduction,Surface application; Marbled; C2.B3; Previously used as an endpaper in a bookbinding; The sheet is from the Bernard Middleton Collection. Bernard Middleton donated this sheet to Sidney E. Berger and Michele V. Cloonan circa 1990.; Section(s) from the Decorated and Decorative Paper Terms Thesaurus: VIII.F.4.c; Not signed. Not stamped.; Edges chipped; discolored.,Marbled papers,2021-06-16T15:19:01.827000+00:00,19th century,Texas A & M University. Libraries,https://api.library.tamu.edu/fcrepo/rest/3b/6f/c3/25/3b6fc325-f6ca-41d8-b91e-8c5db3be8c13/berger_cloonan_batch_4_objects/92/pages/page_0/files/06962.jpg,,
Paper,6935,StillImage,"No copyright - United States; For more information, see:  http://rightsstatements.org/vocab/NoC-US/1.0/",Openly accessible,"1 sheet of pink, yellow, green, black and white marbled paper; 9.00 x 12.25 in.",Berger-Cloonan #6935,reformatted digital,art reproduction|curled marbled paper|endpapers|French snail marbled papers|Dutch marbled paper,Surface application; Marbled; C2.B3; Previously used as an endpaper in a bookbinding; white spots; The sheet is from the Bernard Middleton Collection. Bernard Middleton donated this sheet to Sidney E. Berger and Michele V. Cloonan circa 1990.; Section(s) from the Decorated and Decorative Paper Terms Thesaurus: VIII.F.1.c; Not signed. Not stamped.; Edges torn.,Marbled papers,2021-06-16T15:13:05.408000+00:00,19th century,Texas A & M University. Libraries,https://api.library.tamu.edu/fcrepo/rest/3b/6f/c3/25/3b6fc325-f6ca-41d8-b91e-8c5db3be8c13/berger_cloonan_batch_4_objects/66/pages/page_0/files/06935.jpg,,
Paper,8261,StillImage,"No copyright - United States; For more information, see:  http://rightsstatements.org/vocab/NoC-US/1.0/",Openly accessible,"1 sheet of light blue, light red, yellow and white marbled paper; 7.25 x 9.50 in.",Berger-Cloonan #8261,reformatted digital,French snail marbled papers|curl marbled paper|dutch marbled paper|art reproduction|endpapers,Surface application; Marbled; C2.B4; Previously used as an endpaper in a bookbinding; The sheet is from the Bernard Middleton Collection. Bernard Middleton donated this sheet to Sidney E. Berger and Michele V. Cloonan circa 1990.; Section(s) from the Decorated and Decorative Paper Terms Thesaurus: VIII.F.1.c; Not signed. Not stamped.; Creased.,Marbled papers,2021-06-16T15:44:22.604000+00:00,19th century,Texas A & M University. Libraries,https://api.library.tamu.edu/fcrepo/rest/3b/6f/c3/25/3b6fc325-f6ca-41d8-b91e-8c5db3be8c13/berger_cloonan_batch_4_objects/203/pages/page_0/files/08261.jpg,,
Paper,8281,StillImage,"No copyright - United States; For more information, see:  http://rightsstatements.org/vocab/NoC-US/1.0/",Openly accessible,"1 sheet of blue, red, green, yellow and white marbled paper; 7.00 x 9.25 in.",Berger-Cloonan #8281,reformatted digital,art reproduction|endpapers|French snail marbled papers,"Surface application; Marbled; C2.B4; Previously used as an endpaper in a bookbinding; Inscription on original piece: ""53 728""; The sheet is from the Bernard Middleton Collection. Bernard Middleton donated this sheet to Sidney E. Berger and Michele V. Cloonan circa 1990.; Section(s) from the Decorated and Decorative Paper Terms Thesaurus: VIII.F.1.c; Not signed. Not stamped.; Edges faded; minor spots; one rough edge.",Marbled papers,2021-06-16T15:48:57.013000+00:00,19th century [?],Texas A & M University. Libraries,https://api.library.tamu.edu/fcrepo/rest/3b/6f/c3/25/3b6fc325-f6ca-41d8-b91e-8c5db3be8c13/berger_cloonan_batch_4_objects/223/pages/page_0/files/08281.jpg,,
Paper,6981,StillImage,"No copyright - United States; For more information, see:  http://rightsstatements.org/vocab/NoC-US/1.0/",Openly accessible,"1 sheet of blue, green, pink, yellow, black and white marbled paper; 7.25 x 10.50 in.",Berger-Cloonan #6981,reformatted digital,Combed marbled papers|art reproduction|endpapers,Surface application; Marbled; C2.B3; Previously used as an endpaper in a bookbinding; white speckles; The sheet is from the Bernard Middleton Collection. Bernard Middleton donated this sheet to Sidney E. Berger and Michele V. Cloonan circa 1990.; Section(s) from the Decorated and Decorative Paper Terms Thesaurus: VIII.F.1; Not signed. Not stamped.; Abrasion; stained.,Marbled papers,2021-06-16T15:23:22.417000+00:00,19th century,Texas A & M University. Libraries,https://api.library.tamu.edu/fcrepo/rest/3b/6f/c3/25/3b6fc325-f6ca-41d8-b91e-8c5db3be8c13/berger_cloonan_batch_4_objects/111/pages/page_0/files/06981.jpg,,
Paper,6930,StillImage,"No copyright - United States; For more information, see:  http://rightsstatements.org/vocab/NoC-US/1.0/",Openly accessible,"1 sheet of blue, brown, yellow and gray marbled paper; 9.25 x 11.50 in.",Berger-Cloonan #6930,reformatted digital,endpapers|curled marbled paper|French snail marbled papers|Dutch marbled paper|art reproduction,Surface application; Marbled; C2.B3; Previously used as an endpaper in a bookbinding; The sheet is from the Bernard Middleton Collection. Bernard Middleton donated this sheet to Sidney E. Berger and Michele V. Cloonan circa 1990.; Section(s) from the Decorated and Decorative Paper Terms Thesaurus: VIII.F.1.c; Not signed. Not stamped.; Edge torn; small piece of another marbled sheet adhered to verso.,Marbled papers,2021-06-16T15:11:56.834000+00:00,19th century,Texas A & M University. Libraries,https://api.library.tamu.edu/fcrepo/rest/3b/6f/c3/25/3b6fc325-f6ca-41d8-b91e-8c5db3be8c13/berger_cloonan_batch_4_objects/61/pages/page_0/files/06930.jpg,,
Paper,8247,StillImage,"No copyright - United States; For more information, see:  http://rightsstatements.org/vocab/NoC-US/1.0/",Openly accessible,"1 sheet of gray, pink, blue, yellow, black and white marbled paper; 7.50 x 9.00 in.",Berger-Cloonan #8247,reformatted digital,art reproduction|nonpareil marbled paper|endpapers,Surface application; Marbled; C2.B4; Previously used as an endpaper in a bookbinding; The sheet is from the Bernard Middleton Collection. Bernard Middleton donated this sheet to Sidney E. Berger and Michele V. Cloonan circa 1990.; Section(s) from the Decorated and Decorative Paper Terms Thesaurus: VIII.F.1.e; Not signed. Not stamped.; Creased.,Marbled papers,2021-06-16T15:41:10.757000+00:00,19th century,Texas A & M University. Libraries,https://api.library.tamu.edu/fcrepo/rest/3b/6f/c3/25/3b6fc325-f6ca-41d8-b91e-8c5db3be8c13/berger_cloonan_batch_4_objects/189/pages/page_0/files/08247.jpg,,
Paper,6991,StillImage,"No copyright - United States; For more information, see:  http://rightsstatements.org/vocab/NoC-US/1.0/",Openly accessible,"1 sheet of green, red, yellow, black and white marbled paper; 9.00 x 11.00 in.",Berger-Cloonan #6991,reformatted digital,Stormont marbled paper|art reproduction|endpapers,Surface application; Marbled; C2.B3; Previously used as an endpaper in a bookbinding; The sheet is from the Bernard Middleton Collection. Bernard Middleton donated this sheet to Sidney E. Berger and Michele V. Cloonan circa 1990.; Section(s) from the Decorated and Decorative Paper Terms Thesaurus: VIII.F.4.g; Not signed. Not stamped.; Yellowed and stained on verso; wrinkling; slightly worn area along binding edge.,Marbled papers,2021-06-16T15:25:39.248000+00:00,19th century,Texas A & M University. Libraries,https://api.library.tamu.edu/fcrepo/rest/3b/6f/c3/25/3b6fc325-f6ca-41d8-b91e-8c5db3be8c13/berger_cloonan_batch_4_objects/121/pages/page_0/files/06991.jpg,,
Paper,8236,StillImage,"No copyright - United States; For more information, see:  http://rightsstatements.org/vocab/NoC-US/1.0/",Openly accessible,"1 sheet of dark red, blue, yellow, black and white marbled paper; 5.00 x 8.25 in.",Berger-Cloonan #8236,reformatted digital,art reproduction|endpapers|nonpareil marbled paper,Surface application; Marbled; C2.B4; Previously used as an endpaper in a bookbinding; The sheet is from the Bernard Middleton Collection. Bernard Middleton donated this sheet to Sidney E. Berger and Michele V. Cloonan circa 1990.; Section(s) from the Decorated and Decorative Paper Terms Thesaurus: VIII.F.1.e; Not signed. Not stamped.; Abraded.,Marbled papers,2021-06-16T15:38:40.113000+00:00,19th century,Texas A & M University. Libraries,https://api.library.tamu.edu/fcrepo/rest/3b/6f/c3/25/3b6fc325-f6ca-41d8-b91e-8c5db3be8c13/berger_cloonan_batch_4_objects/178/pages/page_0/files/08236.jpg,,
Paper,6950,StillImage,"No copyright - United States; For more information, see:  http://rightsstatements.org/vocab/NoC-US/1.0/",Openly accessible,"1 sheet of blue, yellow, pink, black and white marbled paper; 7.75 x 12.00 in.",Berger-Cloonan #6950,reformatted digital,marbled paper|Random marbled papers|art reproduction|endpapers,Surface application; Marbled; C2.B3; Previously used as an endpaper in a bookbinding; printed text visible at edges; The sheet is from the Bernard Middleton Collection. Bernard Middleton donated this sheet to Sidney E. Berger and Michele V. Cloonan circa 1990.; Section(s) from the Decorated and Decorative Paper Terms Thesaurus: VIII.F.4; Not signed. Not stamped.; Mold stains; creased; crumpled; edges chipped.,Marbled papers,2021-06-16T15:16:17.031000+00:00,19th century,Texas A & M University. Libraries,https://api.library.tamu.edu/fcrepo/rest/3b/6f/c3/25/3b6fc325-f6ca-41d8-b91e-8c5db3be8c13/berger_cloonan_batch_4_objects/80/pages/page_0/files/06950.jpg,,
Paper,6946,StillImage,"No copyright - United States; For more information, see:  http://rightsstatements.org/vocab/NoC-US/1.0/",Openly accessible,"1 sheet of light blue, dark blue, pink, light green and white marbled paper; 7.75 x 12.50 in.",Berger-Cloonan #6946,reformatted digital,endpapers|Stone marbled papers|agate marbled paper|art reproduction,Surface application; Marbled; C2.B3; Previously used as an endpaper in a bookbinding; The sheet is from the Bernard Middleton Collection. Bernard Middleton donated this sheet to Sidney E. Berger and Michele V. Cloonan circa 1990.; Section(s) from the Decorated and Decorative Paper Terms Thesaurus: VIII.F.4.f; Not signed. Not stamped.; Creased.,Marbled papers,2021-06-16T15:15:22.426000+00:00,19th century,Texas A & M University. Libraries,https://api.library.tamu.edu/fcrepo/rest/3b/6f/c3/25/3b6fc325-f6ca-41d8-b91e-8c5db3be8c13/berger_cloonan_batch_4_objects/76/pages/page_0/files/06946.jpg,,
Paper,8269,StillImage,"No copyright - United States; For more information, see:  http://rightsstatements.org/vocab/NoC-US/1.0/",Openly accessible,"1 sheet of red, blue, yellow and white marbled paper; 7.00 x 10.50 in.",Berger-Cloonan #8269,reformatted digital,French snail marbled papers|dutch marbled paper|art reproduction|curl marbled paper|endpapers,"Surface application; Marbled; C2.B4; Previously used as an endpaper in a bookbinding; Glossy finish; Inscriptions on original piece: ""Mod. 56"", ""52""; The sheet is from the Bernard Middleton Collection. Bernard Middleton donated this sheet to Sidney E. Berger and Michele V. Cloonan circa 1990.; Section(s) from the Decorated and Decorative Paper Terms Thesaurus: VIII.F.1.c; Not signed. Not stamped.; One rough edge; corners torn.",Marbled papers,2021-06-16T15:46:12.373000+00:00,19th century [?],Texas A & M University. Libraries,https://api.library.tamu.edu/fcrepo/rest/3b/6f/c3/25/3b6fc325-f6ca-41d8-b91e-8c5db3be8c13/berger_cloonan_batch_4_objects/211/pages/page_0/files/08269.jpg,,
Paper,6966,StillImage,"No copyright - United States; For more information, see:  http://rightsstatements.org/vocab/NoC-US/1.0/",Openly accessible,"1 sheet of brown, red, yellow and white marbled paper; 8.00 x 10.50 in.",Berger-Cloonan #6966,reformatted digital,art reproduction|Stormont marbled paper|endpapers,"Surface application; Marbled; C2.B3; Previously used as an endpaper in a bookbinding; Inscription on original piece: ""E12/12/-C [CTA] 3 3/9 aff. 18/1 complete leah Brown plates misnumbered""; The sheet is from the Bernard Middleton Collection. Bernard Middleton donated this sheet to Sidney E. Berger and Michele V. Cloonan circa 1990.; Section(s) from the Decorated and Decorative Paper Terms Thesaurus: VIII.F.4.g; Not signed. Not stamped.; Abrasion; edge torn; creased.",Marbled papers,2021-06-16T15:19:56.579000+00:00,19th century,Texas A & M University. Libraries,https://api.library.tamu.edu/fcrepo/rest/3b/6f/c3/25/3b6fc325-f6ca-41d8-b91e-8c5db3be8c13/berger_cloonan_batch_4_objects/96/pages/page_0/files/06966.jpg,,
Paper,6898,StillImage,"No copyright - United States; For more information, see:  http://rightsstatements.org/vocab/NoC-US/1.0/",Openly accessible,"1 sheet of dark red, blue, yellow and white marbled paper; 8.00 x 13.00 in.",Berger-Cloonan #6898,reformatted digital,endpapers|art reproduction,Surface application; Marbled; C2.B3; Previously used as an endpaper in a bookbinding; waved pattern; The sheet is from the Bernard Middleton Collection. Bernard Middleton donated this sheet to Sidney E. Berger and Michele V. Cloonan circa 1990.; Section(s) from the Decorated and Decorative Paper Terms Thesaurus: VIII.F.1.e; Not signed. Not stamped.; Edges torn.,Marbled papers,2021-06-16T15:04:39.724000+00:00,19th century,Texas A & M University. Libraries,https://api.library.tamu.edu/fcrepo/rest/3b/6f/c3/25/3b6fc325-f6ca-41d8-b91e-8c5db3be8c13/berger_cloonan_batch_4_objects/29/pages/page_0/files/06898.jpg,,
Paper,8265,StillImage,"No copyright - United States; For more information, see:  http://rightsstatements.org/vocab/NoC-US/1.0/",Openly accessible,"1 sheet of blue, pink, light green and white marbled paper; 5.50 x 8.75 in.",Berger-Cloonan #8265,reformatted digital,dutch marbled paper|art reproduction|curl marbled paper|endpapers|French snail marbled papers,Surface application; Marbled; C2.B4; Previously used as an endpaper in a bookbinding; The sheet is from the Bernard Middleton Collection. Bernard Middleton donated this sheet to Sidney E. Berger and Michele V. Cloonan circa 1990.; Section(s) from the Decorated and Decorative Paper Terms Thesaurus: VIII.F.1.c; Not signed. Not stamped.,Marbled papers,2021-06-16T15:45:17.299000+00:00,19th century,Texas A & M University. Libraries,https://api.library.tamu.edu/fcrepo/rest/3b/6f/c3/25/3b6fc325-f6ca-41d8-b91e-8c5db3be8c13/berger_cloonan_batch_4_objects/207/pages/page_0/files/08265.jpg,,
Paper,12811,StillImage,"No copyright - United States; For more information, see:  http://rightsstatements.org/vocab/NoC-US/1.0/",Openly accessible,"1 sheet of red, green, brown, yellow and white marbled paper; 7.75 x 11.25 in.",Berger-Cloonan #12811,reformatted digital,Stone marbled papers|agate marbled paper|art reproduction|endpapers,Surface application; Marbled; C2.B4; Previously used as an endpaper in a bookbinding; The sheet is from the Bernard Middleton Collection. Bernard Middleton donated this sheet to Sidney E. Berger and Michele V. Cloonan circa 1990.; Section(s) from the Decorated and Decorative Paper Terms Thesaurus: VIII.F.4.f; Not signed. Not stamped. Not stickered. Not embossed.; Creased corner; curling.,Marbled papers,2021-06-16T15:59:29.941000+00:00,19th century,Texas A & M University. Libraries,https://api.library.tamu.edu/fcrepo/rest/3b/6f/c3/25/3b6fc325-f6ca-41d8-b91e-8c5db3be8c13/berger_cloonan_batch_4_objects/269/pages/page_0/files/12811.jpg,,England
Paper,6985,StillImage,"No copyright - United States; For more information, see:  http://rightsstatements.org/vocab/NoC-US/1.0/",Openly accessible,"1 sheet of blue, red, pink, yellow, black and white marbled paper; 9.50 x 15.00 in.",Berger-Cloonan #6985,reformatted digital,Stone marbled papers|agate marbled paper|art reproduction|endpapers,Surface application; Marbled; C2.B3; Previously used as an endpaper in a bookbinding; Attached page; The sheet is from the Bernard Middleton Collection. Bernard Middleton donated this sheet to Sidney E. Berger and Michele V. Cloonan circa 1990.; Section(s) from the Decorated and Decorative Paper Terms Thesaurus: VIII.F.4.f; Not signed. Not stamped.; Creased and torn corners; wrinkling; staining on verso of attached page.,Marbled papers,2021-06-16T15:24:17.048000+00:00,19th century,Texas A & M University. Libraries,https://api.library.tamu.edu/fcrepo/rest/3b/6f/c3/25/3b6fc325-f6ca-41d8-b91e-8c5db3be8c13/berger_cloonan_batch_4_objects/115/pages/page_0/files/06985.jpg,,
Paper,6934,StillImage,"No copyright - United States; For more information, see:  http://rightsstatements.org/vocab/NoC-US/1.0/",Openly accessible,"1 sheet of red, blue, green, tan and white marbled paper; 9.00 x 12.50 in.",Berger-Cloonan #6934,reformatted digital,art reproduction|endpapers|curled marbled paper|French snail marbled papers|Dutch marbled paper,Surface application; Marbled; C2.B3; Previously used as an endpaper in a bookbinding; The sheet is from the Bernard Middleton Collection. Bernard Middleton donated this sheet to Sidney E. Berger and Michele V. Cloonan circa 1990.; Section(s) from the Decorated and Decorative Paper Terms Thesaurus: VIII.F.1.c; Not signed. Not stamped.; Corner missing; edge discolored.,Marbled papers,2021-06-16T15:12:51.654000+00:00,19th century,Texas A & M University. Libraries,https://api.library.tamu.edu/fcrepo/rest/3b/6f/c3/25/3b6fc325-f6ca-41d8-b91e-8c5db3be8c13/berger_cloonan_batch_4_objects/65/pages/page_0/files/06934.jpg,,
Paper,6917,StillImage,"No copyright - United States; For more information, see:  http://rightsstatements.org/vocab/NoC-US/1.0/",Openly accessible,"1 sheet of red, blue, tan, green and white marbled paper; 9.25 x 12.00 in.",Berger-Cloonan #6917,reformatted digital,endpapers|laid lines|art reproduction,Distribution of fibers; Surface application; Laid; Marbled; C2.B3; Previously used as an endpaper in a bookbinding; attached to blank sheet of laid paper; The sheet is from the Bernard Middleton Collection. Bernard Middleton donated this sheet to Sidney E. Berger and Michele V. Cloonan circa 1990.; Section(s) from the Decorated and Decorative Paper Terms Thesaurus: II.E; VIII.F.1.e; Not signed. Not stamped.; Edge torn.,Marbled papers,2021-06-16T15:08:58.946000+00:00,19th century,Texas A & M University. Libraries,https://api.library.tamu.edu/fcrepo/rest/3b/6f/c3/25/3b6fc325-f6ca-41d8-b91e-8c5db3be8c13/berger_cloonan_batch_4_objects/48/pages/page_0/files/06917.jpg,,
Paper,8250,StillImage,"No copyright - United States; For more information, see:  http://rightsstatements.org/vocab/NoC-US/1.0/",Openly accessible,"1 sheet of dark red, blue, green, yellow and white marbled paper; 8.50 x 10.50 in.",Berger-Cloonan #8250,reformatted digital,art reproduction|nonpareil marbled paper|endpapers,Surface application; Marbled; C2.B4; Previously used as an endpaper in a bookbinding; Binding tape and blank white sheet attached; The sheet is from the Bernard Middleton Collection. Bernard Middleton donated this sheet to Sidney E. Berger and Michele V. Cloonan circa 1990.; Section(s) from the Decorated and Decorative Paper Terms Thesaurus: VIII.F.1.e; Not signed. Not stamped.,Marbled papers,2021-06-16T15:41:52.080000+00:00,19th century,Texas A & M University. Libraries,https://api.library.tamu.edu/fcrepo/rest/3b/6f/c3/25/3b6fc325-f6ca-41d8-b91e-8c5db3be8c13/berger_cloonan_batch_4_objects/192/pages/page_0/files/08250.jpg,,
Paper,8246,StillImage,"No copyright - United States; For more information, see:  http://rightsstatements.org/vocab/NoC-US/1.0/",Openly accessible,"1 sheet of blue, pink, yellow, black and white marbled paper; 8.00 x 10.25 in.",Berger-Cloonan #8246,reformatted digital,endpapers|nonpareil marbled paper|art reproduction,Surface application; Marbled; C2.B4; Previously used as an endpaper in a bookbinding; The sheet is from the Bernard Middleton Collection. Bernard Middleton donated this sheet to Sidney E. Berger and Michele V. Cloonan circa 1990.; Section(s) from the Decorated and Decorative Paper Terms Thesaurus: VIII.F.1.e; Not signed. Not stamped.; Edge torn.,Marbled papers,2021-06-16T15:40:57.076000+00:00,19th century,Texas A & M University. Libraries,https://api.library.tamu.edu/fcrepo/rest/3b/6f/c3/25/3b6fc325-f6ca-41d8-b91e-8c5db3be8c13/berger_cloonan_batch_4_objects/188/pages/page_0/files/08246.jpg,,
Paper,6954,StillImage,"No copyright - United States; For more information, see:  http://rightsstatements.org/vocab/NoC-US/1.0/",Openly accessible,"1 sheet of dark red, pink, gold and white marbled paper; 9.00 x 11.00 in.",Berger-Cloonan #6954,reformatted digital,spanish marbled paper|art reproduction|endpapers|Spanish random marbled papers,Surface application; Marbled; C2.B3; Previously used as an endpaper in a bookbinding; waved pattern; slight metallic sheen; The sheet is from the Bernard Middleton Collection. Bernard Middleton donated this sheet to Sidney E. Berger and Michele V. Cloonan circa 1990.; Section(s) from the Decorated and Decorative Paper Terms Thesaurus: VIII.F.4.e; Not signed. Not stamped.; Edges torn.,Marbled papers,2021-06-16T15:17:12.301000+00:00,19th century,Texas A & M University. Libraries,https://api.library.tamu.edu/fcrepo/rest/3b/6f/c3/25/3b6fc325-f6ca-41d8-b91e-8c5db3be8c13/berger_cloonan_batch_4_objects/84/pages/page_0/files/06954.jpg,,
Paper,1356,StillImage,"No copyright - United States; For more information, see:  http://rightsstatements.org/vocab/NoC-US/1.0/",Openly accessible,1 sheet of dark brown and light brown embossed paper; 19.75 x 28.00 in.,Berger-Cloonan #1356,reformatted digital,embossed prints|art reproduction,"Surface treated; Embossed leatherette paper; M4.D2.F5; Inscription on original piece: ""19th Cent. Aschoffenberg paper, Gift from Karli Frigge 7/11/00""; Section(s) from the Decorated and Decorative Paper Terms Thesaurus: IX.D.2; Not signed. Not stamped. Not stickered. Not embossed.",Decorative paper,2021-06-16T15:01:54.074000+00:00,19th century,Texas A & M University. Libraries,https://api.library.tamu.edu/fcrepo/rest/3b/6f/c3/25/3b6fc325-f6ca-41d8-b91e-8c5db3be8c13/berger_cloonan_batch_4_objects/17/pages/page_0/files/01356.jpg,Aschoffenberg,Germany
Paper,6990,StillImage,"No copyright - United States; For more information, see:  http://rightsstatements.org/vocab/NoC-US/1.0/",Openly accessible,"1 sheet of green, red, yellow, black and white marbled paper; 9.00 x 11.00 in.",Berger-Cloonan #6990,reformatted digital,art reproduction|Stormont marbled paper|endpapers,"Surface application; Marbled; C2.B3; Previously used as an endpaper in a bookbinding; Inscription on original piece: ""? repair"" [written in pencil on verso]; The sheet is from the Bernard Middleton Collection. Bernard Middleton donated this sheet to Sidney E. Berger and Michele V. Cloonan circa 1990.; Section(s) from the Decorated and Decorative Paper Terms Thesaurus: VIII.F.4.g; Not signed. Not stamped.; Yellowed and stained on verso; wrinkling; slightly worn area along binding edge.",Marbled papers,2021-06-16T15:25:25.539000+00:00,19th century,Texas A & M University. Libraries,https://api.library.tamu.edu/fcrepo/rest/3b/6f/c3/25/3b6fc325-f6ca-41d8-b91e-8c5db3be8c13/berger_cloonan_batch_4_objects/120/pages/page_0/files/06990.jpg,,
Paper,8315,StillImage,"No copyright - United States; For more information, see:  http://rightsstatements.org/vocab/NoC-US/1.0/",Openly accessible,"1 sheet of blue, yellow, pink, black and white marbled paper; 7.50 x 9.25 in.",Berger-Cloonan #8315,reformatted digital,Laid lines|Stone marbled papers|agate marbled paper|art reproduction|endpapers,"Distribution of fibers; Surface application; Laid; Marbled; C2.B4; Previously used as an endpaper in a bookbinding; Laid paper; Inscriptiond on original piece: ""X"", ""Y"", ""back""; The sheet is from the Bernard Middleton Collection. Bernard Middleton donated this sheet to Sidney E. Berger and Michele V. Cloonan circa 1990.; Section(s) from the Decorated and Decorative Paper Terms Thesaurus: II.E; VIII.F.4.f; Not signed. Not stamped.; Folded in half; faded; scuffed; wrinkled.",Marbled papers,2021-06-16T15:56:44.278000+00:00,19th century [?],Texas A & M University. Libraries,https://api.library.tamu.edu/fcrepo/rest/3b/6f/c3/25/3b6fc325-f6ca-41d8-b91e-8c5db3be8c13/berger_cloonan_batch_4_objects/257/pages/page_0/files/08315.jpg,,
Paper,8235,StillImage,"No copyright - United States; For more information, see:  http://rightsstatements.org/vocab/NoC-US/1.0/",Openly accessible,"1 sheet of dark red, black and white marbled paper; 5.50 x 8.00 in.",Berger-Cloonan #8235,reformatted digital,art reproduction|nonpareil marbled paper|endpapers,"Surface application; Marbled; C2.B4; Previously used as an endpaper in a bookbinding; Inscription on original piece: ""10158""; The sheet is from the Bernard Middleton Collection. Bernard Middleton donated this sheet to Sidney E. Berger and Michele V. Cloonan circa 1990.; Section(s) from the Decorated and Decorative Paper Terms Thesaurus: VIII.F.1.e; Not signed. Not stamped.",Marbled papers,2021-06-16T15:38:26.485000+00:00,19th century,Texas A & M University. Libraries,https://api.library.tamu.edu/fcrepo/rest/3b/6f/c3/25/3b6fc325-f6ca-41d8-b91e-8c5db3be8c13/berger_cloonan_batch_4_objects/177/pages/page_0/files/08235.jpg,,
Paper,6973,StillImage,"No copyright - United States; For more information, see:  http://rightsstatements.org/vocab/NoC-US/1.0/",Openly accessible,1 sheet of brown and white marbled paper; 7.25 x 11.25 in.,Berger-Cloonan #6973,reformatted digital,art reproduction|endpapers|Random marbled papers,Surface application; Marbled; C2.B3; Previously used as an endpaper in a bookbinding; The sheet is from the Bernard Middleton Collection. Bernard Middleton donated this sheet to Sidney E. Berger and Michele V. Cloonan circa 1990.; Section(s) from the Decorated and Decorative Paper Terms Thesaurus: VIII.F.4; Not signed. Not stamped.; Creased.,Marbled papers,2021-06-16T15:21:18.774000+00:00,19th century,Texas A & M University. Libraries,https://api.library.tamu.edu/fcrepo/rest/3b/6f/c3/25/3b6fc325-f6ca-41d8-b91e-8c5db3be8c13/berger_cloonan_batch_4_objects/103/pages/page_0/files/06973.jpg,,
Paper,6922,StillImage,"No copyright - United States; For more information, see:  http://rightsstatements.org/vocab/NoC-US/1.0/",Openly accessible,"1 sheet of dark red, green, yellow, black and gray marbled paper; 7.00 x 14.50 in.",Berger-Cloonan #6922,reformatted digital,art reproduction|endpapers|curled marbled paper|French snail marbled papers|Dutch marbled paper,Surface application; Marbled; C2.B3; Previously used as an endpaper in a bookbinding; The sheet is from the Bernard Middleton Collection. Bernard Middleton donated this sheet to Sidney E. Berger and Michele V. Cloonan circa 1990.; Section(s) from the Decorated and Decorative Paper Terms Thesaurus: VIII.F.1.c; Not signed. Not stamped.; Corner missing; edge chipped.,Marbled papers,2021-06-16T15:10:06.883000+00:00,19th century,Texas A & M University. Libraries,https://api.library.tamu.edu/fcrepo/rest/3b/6f/c3/25/3b6fc325-f6ca-41d8-b91e-8c5db3be8c13/berger_cloonan_batch_4_objects/53/pages/page_0/files/06922.jpg,,
Paper,12815,StillImage,"No copyright - United States; For more information, see:  http://rightsstatements.org/vocab/NoC-US/1.0/",Openly accessible,"1 sheet of red, green, brown, yellow and white marbled paper; 7.75 x 11.25 in.",Berger-Cloonan #12815,reformatted digital,Stone marbled papers|agate marbled paper|art reproduction|endpapers,Surface application; Marbled; C2.B4; Previously used as an endpaper in a bookbinding; The sheet is from the Bernard Middleton Collection. Bernard Middleton donated this sheet to Sidney E. Berger and Michele V. Cloonan circa 1990.; Section(s) from the Decorated and Decorative Paper Terms Thesaurus: VIII.F.4.f; Not signed. Not stamped. Not stickered. Not embossed.; Curling; staining on verso.,Marbled papers,2021-06-16T16:00:26.335000+00:00,19th century,Texas A & M University. Libraries,https://api.library.tamu.edu/fcrepo/rest/3b/6f/c3/25/3b6fc325-f6ca-41d8-b91e-8c5db3be8c13/berger_cloonan_batch_4_objects/273/pages/page_0/files/12815.jpg,,England
Paper,8268,StillImage,"No copyright - United States; For more information, see:  http://rightsstatements.org/vocab/NoC-US/1.0/",Openly accessible,"1 sheet of black, dark blue, dark green and white marbled paper; 5.75 x 9.50 in.",Berger-Cloonan #8268,reformatted digital,dutch marbled paper|art reproduction|curl marbled paper|endpapers|French snail marbled papers,"Surface application; Marbled; C2.B4; Previously used as an endpaper in a bookbinding; Glossy finish; Inscriptions on original piece: ""527' [in triangle], ""7-2"", ""43""; The sheet is from the Bernard Middleton Collection. Bernard Middleton donated this sheet to Sidney E. Berger and Michele V. Cloonan circa 1990.; Section(s) from the Decorated and Decorative Paper Terms Thesaurus: VIII.F.1.c; Not signed. Not stamped.; One rough edge; minor crease down center.",Marbled papers,2021-06-16T15:45:58.645000+00:00,19th century [?],Texas A & M University. Libraries,https://api.library.tamu.edu/fcrepo/rest/3b/6f/c3/25/3b6fc325-f6ca-41d8-b91e-8c5db3be8c13/berger_cloonan_batch_4_objects/210/pages/page_0/files/08268.jpg,,
Paper,8254,StillImage,"No copyright - United States; For more information, see:  http://rightsstatements.org/vocab/NoC-US/1.0/",Openly accessible,"1 sheet of blue, red, yellow, green and white marbled paper; 7.75 x 10.00 in.",Berger-Cloonan #8254,reformatted digital,endpapers|French snail marbled papers|dutch marbled paper|art reproduction|curl marbled paper,Surface application; Marbled; C2.B4; Previously used as an endpaper in a bookbinding; The sheet is from the Bernard Middleton Collection. Bernard Middleton donated this sheet to Sidney E. Berger and Michele V. Cloonan circa 1990.; Section(s) from the Decorated and Decorative Paper Terms Thesaurus: VIII.F.1.c; Not signed. Not stamped.; Torn; discolored; holes.,Marbled papers,2021-06-16T15:42:46.982000+00:00,19th century,Texas A & M University. Libraries,https://api.library.tamu.edu/fcrepo/rest/3b/6f/c3/25/3b6fc325-f6ca-41d8-b91e-8c5db3be8c13/berger_cloonan_batch_4_objects/196/pages/page_0/files/08254.jpg,,
Paper,8383,StillImage,"No copyright - United States; For more information, see:  http://rightsstatements.org/vocab/NoC-US/1.0/",Openly accessible,"1 sheet of brown, red, yellow and white marbled paper; 6.00 x 10.50 in.",Berger-Cloonan #8383,reformatted digital,Stone marbled papers|agate marbled paper|art reproduction|endpapers,Surface application; Marbled; C2.B4; Previously used as an endpaper in a bookbinding; Thin paper; The sheet is from the Bernard Middleton Collection. Bernard Middleton donated this sheet to Sidney E. Berger and Michele V. Cloonan circa 1990.; Section(s) from the Decorated and Decorative Paper Terms Thesaurus: VIII.F.4.f; Not signed. Not stamped.; One rough torn edge; bent corner.,Marbled papers,2021-06-16T15:57:53.233000+00:00,19th century,Texas A & M University. Libraries,https://api.library.tamu.edu/fcrepo/rest/3b/6f/c3/25/3b6fc325-f6ca-41d8-b91e-8c5db3be8c13/berger_cloonan_batch_4_objects/262/pages/page_0/files/08383.jpg,,
Paper,6916,StillImage,"No copyright - United States; For more information, see:  http://rightsstatements.org/vocab/NoC-US/1.0/",Openly accessible,"1 sheet of red, blue, tan, green and white marbled paper; 9.25 x 12.00 in.",Berger-Cloonan #6916,reformatted digital,laid lines|art reproduction|endpapers,Distribution of fibers; Surface application; Laid; Marbled; C2.B3; Previously used as an endpaper in a bookbinding; attached to blank sheet of laid paper; The sheet is from the Bernard Middleton Collection. Bernard Middleton donated this sheet to Sidney E. Berger and Michele V. Cloonan circa 1990.; Section(s) from the Decorated and Decorative Paper Terms Thesaurus: II.E; VIII.F.1.e; Not signed. Not stamped.; Edge torn.,Marbled papers,2021-06-16T15:08:45.311000+00:00,19th century,Texas A & M University. Libraries,https://api.library.tamu.edu/fcrepo/rest/3b/6f/c3/25/3b6fc325-f6ca-41d8-b91e-8c5db3be8c13/berger_cloonan_batch_4_objects/47/pages/page_0/files/06916.jpg,,
Paper,8249,StillImage,"No copyright - United States; For more information, see:  http://rightsstatements.org/vocab/NoC-US/1.0/",Openly accessible,"1 sheet of black, gray and white marbled paper; 8.25 x 10.75 in.",Berger-Cloonan #8249,reformatted digital,art reproduction|endpapers|nonpareil marbled paper,Surface application; Marbled; C2.B4; Previously used as an endpaper in a bookbinding; The sheet is from the Bernard Middleton Collection. Bernard Middleton donated this sheet to Sidney E. Berger and Michele V. Cloonan circa 1990.; Section(s) from the Decorated and Decorative Paper Terms Thesaurus: VIII.F.1.e; Not signed. Not stamped.,Marbled papers,2021-06-16T15:41:38.408000+00:00,19th century,Texas A & M University. Libraries,https://api.library.tamu.edu/fcrepo/rest/3b/6f/c3/25/3b6fc325-f6ca-41d8-b91e-8c5db3be8c13/berger_cloonan_batch_4_objects/191/pages/page_0/files/08249.jpg,,
Paper,8223,StillImage,"No copyright - United States; For more information, see:  http://rightsstatements.org/vocab/NoC-US/1.0/",Openly accessible,"1 sheet of dark red, green, blue, yellow and white marbled paper; 7.25 x 9.25 in.",Berger-Cloonan #8223,reformatted digital,art reproduction|nonpareil marbled paper|endpapers,Surface application; Marbled; C2.B4; Previously used as an endpaper in a bookbinding; The sheet is from the Bernard Middleton Collection. Bernard Middleton donated this sheet to Sidney E. Berger and Michele V. Cloonan circa 1990.; Section(s) from the Decorated and Decorative Paper Terms Thesaurus: VIII.F.1.e; Not signed. Not stamped.; Torn; backing paper attached.,Marbled papers,2021-06-16T15:35:42.819000+00:00,19th century,Texas A & M University. Libraries,https://api.library.tamu.edu/fcrepo/rest/3b/6f/c3/25/3b6fc325-f6ca-41d8-b91e-8c5db3be8c13/berger_cloonan_batch_4_objects/165/pages/page_0/files/08223.jpg,,
Paper,6953,StillImage,"No copyright - United States; For more information, see:  http://rightsstatements.org/vocab/NoC-US/1.0/",Openly accessible,"1 sheet of dark red, pink, gold and white marbled paper; 8.00 x 10.00 in.",Berger-Cloonan #6953,reformatted digital,spanish marbled paper|art reproduction|endpapers|Spanish random marbled papers,Surface application; Marbled; C2.B3; Previously used as an endpaper in a bookbinding; waved pattern; slight metallic sheen; The sheet is from the Bernard Middleton Collection. Bernard Middleton donated this sheet to Sidney E. Berger and Michele V. Cloonan circa 1990.; Section(s) from the Decorated and Decorative Paper Terms Thesaurus: VIII.F.4.e; Not signed. Not stamped.; Edges torn.,Marbled papers,2021-06-16T15:16:58.549000+00:00,19th century,Texas A & M University. Libraries,https://api.library.tamu.edu/fcrepo/rest/3b/6f/c3/25/3b6fc325-f6ca-41d8-b91e-8c5db3be8c13/berger_cloonan_batch_4_objects/83/pages/page_0/files/06953.jpg,,
Paper,8272,StillImage,"No copyright - United States; For more information, see:  http://rightsstatements.org/vocab/NoC-US/1.0/",Openly accessible,"1 sheet of red, blue, yellow and white marbled paper; 7.50 x 11.75 in.",Berger-Cloonan #8272,reformatted digital,art reproduction|curl marbled paper|endpapers|French snail marbled papers|dutch marbled paper,"Surface application; Marbled; C2.B4; Previously used as an endpaper in a bookbinding; Inscription on original piece: ""Bonnington B.F. 15-1-84 xx [two symbols]""; The sheet is from the Bernard Middleton Collection. Bernard Middleton donated this sheet to Sidney E. Berger and Michele V. Cloonan circa 1990.; Section(s) from the Decorated and Decorative Paper Terms Thesaurus: VIII.F.1.c; Not signed. Not stamped.; One rough edge.",Marbled papers,2021-06-16T15:46:53.537000+00:00,19th century [?],Texas A & M University. Libraries,https://api.library.tamu.edu/fcrepo/rest/3b/6f/c3/25/3b6fc325-f6ca-41d8-b91e-8c5db3be8c13/berger_cloonan_batch_4_objects/214/pages/page_0/files/08272.jpg,,
Paper,8314,StillImage,"No copyright - United States; For more information, see:  http://rightsstatements.org/vocab/NoC-US/1.0/",Openly accessible,"1 sheet of blue, yellow, pink, black and white marbled paper; 7.50 x 9.75 in.",Berger-Cloonan #8314,reformatted digital,art reproduction|Stormont marbled paper|endpapers,"Surface application; Marbled; C2.B4; Previously used as an endpaper in a bookbinding; Inscriptions on original piece: ""POPAX 8[7[11]"", ""5[?]82"", ""Gu[...]s""; The sheet is from the Bernard Middleton Collection. Bernard Middleton donated this sheet to Sidney E. Berger and Michele V. Cloonan circa 1990.; Section(s) from the Decorated and Decorative Paper Terms Thesaurus: VIII.F.4.g; Not signed. Not stamped.; Folded in half; faded; scuffed.",Marbled papers,2021-06-16T15:56:30.540000+00:00,19th century [?],Texas A & M University. Libraries,https://api.library.tamu.edu/fcrepo/rest/3b/6f/c3/25/3b6fc325-f6ca-41d8-b91e-8c5db3be8c13/berger_cloonan_batch_4_objects/256/pages/page_0/files/08314.jpg,,
Paper,6972,StillImage,"No copyright - United States; For more information, see:  http://rightsstatements.org/vocab/NoC-US/1.0/",Openly accessible,"1 sheet of gray, black, dark red and white marbled paper; 8.50 x 12.75 in.",Berger-Cloonan #6972,reformatted digital,Hair vein marbled papers|art reproduction|endpapers,Surface application; Marbled; C2.B3; Previously used as an endpaper in a bookbinding; The sheet is from the Bernard Middleton Collection. Bernard Middleton donated this sheet to Sidney E. Berger and Michele V. Cloonan circa 1990.; Section(s) from the Decorated and Decorative Paper Terms Thesaurus: VIII.F.4.c; Not signed. Not stamped.; Edges torn; pinholes; discolored; folded; small piece of another marbled sheet adhered to recto.,Marbled papers,2021-06-16T15:21:05.082000+00:00,19th century,Texas A & M University. Libraries,https://api.library.tamu.edu/fcrepo/rest/3b/6f/c3/25/3b6fc325-f6ca-41d8-b91e-8c5db3be8c13/berger_cloonan_batch_4_objects/102/pages/page_0/files/06972.jpg,,
Paper,6921,StillImage,"No copyright - United States; For more information, see:  http://rightsstatements.org/vocab/NoC-US/1.0/",Openly accessible,"1 sheet of blue, light pink, dark pink and white marbled paper; 8.50 x 12.50 in.",Berger-Cloonan #6921,reformatted digital,Dutch marbled paper|art reproduction|curled marbled paper|endpapers|French snail marbled papers,Surface application; Marbled; C2.B3; Previously used as an endpaper in a bookbinding; The sheet is from the Bernard Middleton Collection. Bernard Middleton donated this sheet to Sidney E. Berger and Michele V. Cloonan circa 1990.; Section(s) from the Decorated and Decorative Paper Terms Thesaurus: VIII.F.1.c; Not signed. Not stamped.; Edge torn; creased.,Marbled papers,2021-06-16T15:09:53.286000+00:00,19th century,Texas A & M University. Libraries,https://api.library.tamu.edu/fcrepo/rest/3b/6f/c3/25/3b6fc325-f6ca-41d8-b91e-8c5db3be8c13/berger_cloonan_batch_4_objects/52/pages/page_0/files/06921.jpg,,
Paper,12814,StillImage,"No copyright - United States; For more information, see:  http://rightsstatements.org/vocab/NoC-US/1.0/",Openly accessible,"1 sheet of red, green, brown, yellow and white marbled paper; 7.75 x 11.25 in.",Berger-Cloonan #12814,reformatted digital,art reproduction|endpapers|Stone marbled papers|agate marbled paper,"Surface application; Marbled; C2.B4; Previously used as an endpaper in a bookbinding; Inscription on original piece: ""H. HARR BOOKBINDE OXFORD, PL PLYMOUT""; The sheet is from the Bernard Middleton Collection. Bernard Middleton donated this sheet to Sidney E. Berger and Michele V. Cloonan circa 1990.; Section(s) from the Decorated and Decorative Paper Terms Thesaurus: VIII.F.4.f; Not signed. Not stamped. Stickered. Not embossed.; Curling; staining on recto and verso.",Marbled papers,2021-06-16T16:00:12.241000+00:00,19th century,Texas A & M University. Libraries,https://api.library.tamu.edu/fcrepo/rest/3b/6f/c3/25/3b6fc325-f6ca-41d8-b91e-8c5db3be8c13/berger_cloonan_batch_4_objects/272/pages/page_0/files/12814.jpg,,England
Paper,8217,StillImage,"No copyright - United States; For more information, see:  http://rightsstatements.org/vocab/NoC-US/1.0/",Openly accessible,"1 sheet of dark red, blue and white marbled paper; 6.00 x 9.25 in.",Berger-Cloonan #8217,reformatted digital,art reproduction|endpapers|nonpareil marbled paper,"Surface application; Marbled; C2.B4; Previously used as an endpaper in a bookbinding; Inscription on original piece: ""Scarce R 257"", ""a/t"", ""46 Orig Photos""; The sheet is from the Bernard Middleton Collection. Bernard Middleton donated this sheet to Sidney E. Berger and Michele V. Cloonan circa 1990.; Section(s) from the Decorated and Decorative Paper Terms Thesaurus: VIII.F.1.e; Not signed. Not stamped.; Edges chipped.",Marbled papers,2021-06-16T15:34:20.588000+00:00,19th century,Texas A & M University. Libraries,https://api.library.tamu.edu/fcrepo/rest/3b/6f/c3/25/3b6fc325-f6ca-41d8-b91e-8c5db3be8c13/berger_cloonan_batch_4_objects/159/pages/page_0/files/08217.jpg,,
Paper,6904,StillImage,"No copyright - United States; For more information, see:  http://rightsstatements.org/vocab/NoC-US/1.0/",Openly accessible,"1 sheet of pink, light blue and white marbled paper; 10.00 x 13.75 in.",Berger-Cloonan #6904,reformatted digital,endpapers|art reproduction|Bouquet marbled papers,Surface application; Marbled; C2.B3; Previously used as an endpaper in a bookbinding; waved pattern; pastel colors; The sheet is from the Bernard Middleton Collection. Bernard Middleton donated this sheet to Sidney E. Berger and Michele V. Cloonan circa 1990.; Section(s) from the Decorated and Decorative Paper Terms Thesaurus: VIII.F.1.a; Not signed. Not stamped.; Corner missing; edges torn; creased.,Marbled papers,2021-06-16T15:06:02.008000+00:00,19th century,Texas A & M University. Libraries,https://api.library.tamu.edu/fcrepo/rest/3b/6f/c3/25/3b6fc325-f6ca-41d8-b91e-8c5db3be8c13/berger_cloonan_batch_4_objects/35/pages/page_0/files/06904.jpg,,
Paper,8387,StillImage,"No copyright - United States; For more information, see:  http://rightsstatements.org/vocab/NoC-US/1.0/",Openly accessible,"1 sheet of red, blue, black and white marbled paper; 8.50 x 11.00 in.",Berger-Cloonan #8387,reformatted digital,art reproduction|endpapers|Stone marbled papers|agate marbled paper,"Surface application; Marbled; C2.B4; Previously used as an endpaper in a bookbinding; [written in pencil on verso]: ""A"" [written in black ink on verso];""I. J. 10.""; The sheet is from the Bernard Middleton Collection. Bernard Middleton donated this sheet to Sidney E. Berger and Michele V. Cloonan circa 1990.; Section(s) from the Decorated and Decorative Paper Terms Thesaurus: VIII.F.4.f; Not signed. Not stamped.; Rough binding edge, several small tears into edges.",Marbled papers,2021-06-16T15:58:48.401000+00:00,19th century,Texas A & M University. Libraries,https://api.library.tamu.edu/fcrepo/rest/3b/6f/c3/25/3b6fc325-f6ca-41d8-b91e-8c5db3be8c13/berger_cloonan_batch_4_objects/266/pages/page_0/files/08387.jpg,,
Paper,8253,StillImage,"No copyright - United States; For more information, see:  http://rightsstatements.org/vocab/NoC-US/1.0/",Openly accessible,"1 sheet of black, brown, gray, green and white marbled paper; 7.75 x 10.25 in.",Berger-Cloonan #8253,reformatted digital,art reproduction|curl marbled paper|endpapers|French snail marbled papers|dutch marbled paper,Surface application; Marbled; C2.B4; Previously used as an endpaper in a bookbinding; The sheet is from the Bernard Middleton Collection. Bernard Middleton donated this sheet to Sidney E. Berger and Michele V. Cloonan circa 1990.; Section(s) from the Decorated and Decorative Paper Terms Thesaurus: VIII.F.1.c; Not signed. Not stamped.,Marbled papers,2021-06-16T15:42:33.268000+00:00,19th century,Texas A & M University. Libraries,https://api.library.tamu.edu/fcrepo/rest/3b/6f/c3/25/3b6fc325-f6ca-41d8-b91e-8c5db3be8c13/berger_cloonan_batch_4_objects/195/pages/page_0/files/08253.jpg,,
Paper,8227,StillImage,"No copyright - United States; For more information, see:  http://rightsstatements.org/vocab/NoC-US/1.0/",Openly accessible,"1 sheet of dark red, green, blue, yellow and white marbled paper; 4.00 x 6.50 in.",Berger-Cloonan #8227,reformatted digital,nonpareil marbled paper|endpapers|art reproduction,"Surface application; Marbled; C2.B4; Previously used as an endpaper in a bookbinding; Inscription on original piece: ""BOUND BY NUTT, CAMBRIDGE""; The sheet is from the Bernard Middleton Collection. Bernard Middleton donated this sheet to Sidney E. Berger and Michele V. Cloonan circa 1990.; Section(s) from the Decorated and Decorative Paper Terms Thesaurus: VIII.F.1.e; Not signed. stamped.",Marbled papers,2021-06-16T15:36:37.594000+00:00,19th century,Texas A & M University. Libraries,https://api.library.tamu.edu/fcrepo/rest/3b/6f/c3/25/3b6fc325-f6ca-41d8-b91e-8c5db3be8c13/berger_cloonan_batch_4_objects/169/pages/page_0/files/08227.jpg,,
Paper,6941,StillImage,"No copyright - United States; For more information, see:  http://rightsstatements.org/vocab/NoC-US/1.0/",Openly accessible,"1 sheet of dark red, blue, tan and white marbled paper; 10.00 x 13.50 in.",Berger-Cloonan #6941,reformatted digital,French snail marbled papers|Dutch marbled paper|art reproduction|endpapers|curled marbled paper,Surface application; Marbled; C2.B3; Previously used as an endpaper in a bookbinding; The sheet is from the Bernard Middleton Collection. Bernard Middleton donated this sheet to Sidney E. Berger and Michele V. Cloonan circa 1990.; Section(s) from the Decorated and Decorative Paper Terms Thesaurus: VIII.F.1.c; Not signed. Not stamped.; Edges chipped and torn; abrasion.,Marbled papers,2021-06-16T15:14:13.995000+00:00,19th century,Texas A & M University. Libraries,https://api.library.tamu.edu/fcrepo/rest/3b/6f/c3/25/3b6fc325-f6ca-41d8-b91e-8c5db3be8c13/berger_cloonan_batch_4_objects/71/pages/page_0/files/06941.jpg,,
Paper,8382,StillImage,"No copyright - United States; For more information, see:  http://rightsstatements.org/vocab/NoC-US/1.0/",Openly accessible,"1 sheet of blue, red and white marbled paper; 6.00 x 10.75 in.",Berger-Cloonan #8382,reformatted digital,art reproduction|endpapers|Stone marbled papers|agate marbled paper,"Surface application; Marbled; C2.B4; Previously used as an endpaper in a bookbinding; Inscription on original piece: ""Alfred Wilkinson""; The sheet is from the Bernard Middleton Collection. Bernard Middleton donated this sheet to Sidney E. Berger and Michele V. Cloonan circa 1990.; Section(s) from the Decorated and Decorative Paper Terms Thesaurus: VIII.F.4.f; Signed. Not stamped.; Creased corner; minor spots and discoloration.",Marbled papers,2021-06-16T15:57:39.320000+00:00,19th century,Texas A & M University. Libraries,https://api.library.tamu.edu/fcrepo/rest/3b/6f/c3/25/3b6fc325-f6ca-41d8-b91e-8c5db3be8c13/berger_cloonan_batch_4_objects/261/pages/page_0/files/08382.jpg,,
Paper,6893,StillImage,"No copyright - United States; For more information, see:  http://rightsstatements.org/vocab/NoC-US/1.0/",Openly accessible,"1 sheet of red, blue, green, yellow and white marbled paper; 10.00 x 13.25 in.",Berger-Cloonan #6893,reformatted digital,art reproduction|endpapers,"Surface application; Marbled; C2.B3; Previously used as an endpaper in a bookbinding; Inscription on original piece: ""SD 187 7LIS""; The sheet is from the Bernard Middleton Collection. Bernard Middleton donated this sheet to Sidney E. Berger and Michele V. Cloonan circa 1990.; Section(s) from the Decorated and Decorative Paper Terms Thesaurus: VIII.F.1; Not signed. Not stamped.; Insect damage; discolored; creased; 3.00"" piece of white cardstock attached to verso.",Marbled papers,2021-06-16T15:03:31.433000+00:00,19th century,Texas A & M University. Libraries,https://api.library.tamu.edu/fcrepo/rest/3b/6f/c3/25/3b6fc325-f6ca-41d8-b91e-8c5db3be8c13/berger_cloonan_batch_4_objects/24/pages/page_0/files/06893.jpg,,
Paper,8260,StillImage,"No copyright - United States; For more information, see:  http://rightsstatements.org/vocab/NoC-US/1.0/",Openly accessible,"1 sheet of light blue, light red, yellow and white marbled paper; 7.25 x 9.50 in.",Berger-Cloonan #8260,reformatted digital,dutch marbled paper|art reproduction|curl marbled paper|endpapers|French snail marbled papers,Surface application; Marbled; C2.B4; Previously used as an endpaper in a bookbinding; The sheet is from the Bernard Middleton Collection. Bernard Middleton donated this sheet to Sidney E. Berger and Michele V. Cloonan circa 1990.; Section(s) from the Decorated and Decorative Paper Terms Thesaurus: VIII.F.1.c; Not signed. Not stamped.,Marbled papers,2021-06-16T15:44:08.954000+00:00,19th century,Texas A & M University. Libraries,https://api.library.tamu.edu/fcrepo/rest/3b/6f/c3/25/3b6fc325-f6ca-41d8-b91e-8c5db3be8c13/berger_cloonan_batch_4_objects/202/pages/page_0/files/08260.jpg,,
Paper,8302,StillImage,"No copyright - United States; For more information, see:  http://rightsstatements.org/vocab/NoC-US/1.0/",Openly accessible,"1 sheet of blue, light yellow, gold and white marbled paper; 6.00 x 8.75 in.",Berger-Cloonan #8302,reformatted digital,Random marbled papers|art reproduction|endpapers|moiré (pattern),Surface application; Marbled; C2.B4; Previously used as an endpaper in a bookbinding; Glossy finish; The sheet is from the Bernard Middleton Collection. Bernard Middleton donated this sheet to Sidney E. Berger and Michele V. Cloonan circa 1990.; Section(s) from the Decorated and Decorative Paper Terms Thesaurus: VIII.F.4.d; Not signed. Not stamped.; One rough edge; bent corner; several tiny tears into edges; attached to blank flyleaf; large piece torn from flyleaf.,Marbled papers,2021-06-16T15:53:45.402000+00:00,19th century [?],Texas A & M University. Libraries,https://api.library.tamu.edu/fcrepo/rest/3b/6f/c3/25/3b6fc325-f6ca-41d8-b91e-8c5db3be8c13/berger_cloonan_batch_4_objects/244/pages/page_0/files/08302.jpg,,
