format,contributor,geographic_subject_local,content_type,temporal_subject_local,physical_collection,title,abstract,identifier,genre_form_local,rights_statement,date_created,date_digital_creation,Image,description,description.1,creator
reformatted digital,Texas A & M University. College of Veterinary Medicine & Biomedical Sciences,"['Texas', 'College Station']",StillImage,1990s,College of Veterinary Medicine Image Collection,"Stevenson Center Pet Residents, number 080","Feline resident ""Bubba Kitty"" who arrived at the Stevenson Companion Animal Life-Care Center in 1997.",0362-07,Photographs,In copyright - educational use permitted; see http://rightsstatements.org/vocab/InC-EDU/1.0/ for more information,1999-09-14,2022-12-21T16:40:21.572000+00:00,https://api.library.tamu.edu/fcrepo/rest/4a/7d/ff/c4/4a7dffc4-04ec-4e1f-8f9e-ac661b9f328d/cvm-batch-2_objects/81/pages/page_0/files/CVM_0362-7.jpg,,,
reformatted digital,Texas A & M University. College of Veterinary Medicine & Biomedical Sciences,"['Texas', 'College Station']",StillImage,1990s,College of Veterinary Medicine Image Collection,"Stevenson Center Pet Residents, number 060","Feline resident ""Jessica"" who arrived at the Stevenson Companion Animal Life-Care Center in 1998.",0361-24,Photographs,In copyright - educational use permitted; see http://rightsstatements.org/vocab/InC-EDU/1.0/ for more information,1999-09-14,2022-12-21T16:33:59.503000+00:00,https://api.library.tamu.edu/fcrepo/rest/4a/7d/ff/c4/4a7dffc4-04ec-4e1f-8f9e-ac661b9f328d/cvm-batch-2_objects/61/pages/page_0/files/CVM_0361-24.jpg,,,
reformatted digital,Texas A & M University. College of Veterinary Medicine & Biomedical Sciences,"['College Station', 'Texas']",StillImage,,College of Veterinary Medicine Image Collection,"George Shelton, number 8",George Calvin Shelton (right) with an unknown man (left). Dr. George Shelton became Dean of the College of Veterinary Medicine in 1973.,0406,Photographs,In copyright - educational use permitted; see http://rightsstatements.org/vocab/InC-EDU/1.0/ for more information,,2022-12-21T16:53:53.727000+00:00,https://api.library.tamu.edu/fcrepo/rest/4a/7d/ff/c4/4a7dffc4-04ec-4e1f-8f9e-ac661b9f328d/cvm-batch-2_objects/198/pages/page_0/files/CVM_0406.jpg,"Written on photograph: George Shelton 73-88, Dean",,
reformatted digital,Texas A & M University. College of Veterinary Medicine & Biomedical Sciences,"['College Station', 'Texas']",StillImage,1990s,College of Veterinary Medicine Image Collection,"Stevenson Center Pet Residents, number 058","Feline resident ""Jessica"" who arrived at the Stevenson Companion Animal Life-Care Center in 1998.",0361-22,Photographs,In copyright - educational use permitted; see http://rightsstatements.org/vocab/InC-EDU/1.0/ for more information,1999-09-14,2022-12-21T16:33:21.135000+00:00,https://api.library.tamu.edu/fcrepo/rest/4a/7d/ff/c4/4a7dffc4-04ec-4e1f-8f9e-ac661b9f328d/cvm-batch-2_objects/59/pages/page_0/files/CVM_0361-22.jpg,,,
reformatted digital,Texas A & M University. College of Veterinary Medicine & Biomedical Sciences,"['College Station', 'Texas']",StillImage,1990s,College of Veterinary Medicine Image Collection,"Womack Reception, number 32","Three men are seen in this image; left to right is Dr. Clint Magill (Soil & Crop Sciences), Dr. James Womack, Dr. Gary Hart (Soil & Crop Sciences), and an unnamed woman in left background.",0618,Photographs,In copyright - educational use permitted; see http://rightsstatements.org/vocab/InC-EDU/1.0/ for more information,1999-07-15,2022-12-21T18:01:57.997000+00:00,https://api.library.tamu.edu/fcrepo/rest/4a/7d/ff/c4/4a7dffc4-04ec-4e1f-8f9e-ac661b9f328d/cvm-batch-2_objects/401/pages/page_0/files/CVM_0618.jpg,Written on photograph: Roll 1 frame 32,,
reformatted digital,Texas A & M University. College of Veterinary Medicine & Biomedical Sciences,"['Texas', 'College Station']",StillImage,1990s,College of Veterinary Medicine Image Collection,"Canine Amputee, number 8","Mischief, the four-year-old miniature schnauzer, was featured on the first ""The Doc Is In"" segment on television, after having his leg amputated at the Texas A&M University College of Veterinary Medicine. ""The Doc Is In"" was a segment of the Public Broadcasting Service program, ""Cure and Caring,"" that featured the College of Veterinary Medicine. It first aired during the latter's second season in 1999 and was hosted by Dr. Dawn Boothe. This segment featured actual medical cases and discussed how the animals were treated. The show was broadcast from the studios of KAMU at Texas A&M and was produced by TeleVentures Productions.",0676,Photographs,In copyright - educational use permitted; see http://rightsstatements.org/vocab/InC-EDU/1.0/ for more information,1999-09-28,2022-12-21T18:21:36.328000+00:00,https://api.library.tamu.edu/fcrepo/rest/4a/7d/ff/c4/4a7dffc4-04ec-4e1f-8f9e-ac661b9f328d/cvm-batch-2_objects/459/pages/page_0/files/CVM_0676.jpg,,,
reformatted digital,Texas A & M University. College of Veterinary Medicine & Biomedical Sciences,"['Texas', 'College Station']",StillImage,1990s,College of Veterinary Medicine Image Collection,"Womack Reception, number 02",Dr. H. P. Hobson on left speaking with  Dr. Womack (center). An unnamed man shown on the right speaking to Ann Kier.,0588,Photographs,In copyright - educational use permitted; see http://rightsstatements.org/vocab/InC-EDU/1.0/ for more information,1999-07-15,2022-12-21T17:51:52.873000+00:00,https://api.library.tamu.edu/fcrepo/rest/4a/7d/ff/c4/4a7dffc4-04ec-4e1f-8f9e-ac661b9f328d/cvm-batch-2_objects/371/pages/page_0/files/CVM_0588.jpg,Written on photograph: Roll 1 frame2,,
reformatted digital,Texas A & M University. College of Veterinary Medicine & Biomedical Sciences,"['College Station', 'Texas']",StillImage,,College of Veterinary Medicine Image Collection,"Student with horse, number 2",Student holds a horse's harness outside a building.,0687,Photographs,In copyright - educational use permitted; see http://rightsstatements.org/vocab/InC-EDU/1.0/ for more information,,2022-12-21T18:25:04.913000+00:00,https://api.library.tamu.edu/fcrepo/rest/4a/7d/ff/c4/4a7dffc4-04ec-4e1f-8f9e-ac661b9f328d/cvm-batch-2_objects/469/pages/page_0/files/CVM_0687.jpg,,,
reformatted digital,Texas A & M University. College of Veterinary Medicine & Biomedical Sciences,"['Texas', 'College Station']",StillImage,1990s,College of Veterinary Medicine Image Collection,"Clinical Hospital Rounds, number 19",Librarian Joe Jaros listens at a meeting.,0584,Photographs,In copyright - educational use permitted; see http://rightsstatements.org/vocab/InC-EDU/1.0/ for more information,Between 1995 and 2000,2022-12-21T17:51:13.180000+00:00,https://api.library.tamu.edu/fcrepo/rest/4a/7d/ff/c4/4a7dffc4-04ec-4e1f-8f9e-ac661b9f328d/cvm-batch-2_objects/369/pages/page_0/files/CVM_0584.jpg,,,
reformatted digital,Texas A & M University. College of Veterinary Medicine & Biomedical Sciences,"['College Station', 'Texas']",StillImage,1990s,College of Veterinary Medicine Image Collection,"Playter Retirement, number 27",Dr. Robert Playter speaks with Richard Adams.,0536,Photographs,In copyright - educational use permitted; see http://rightsstatements.org/vocab/InC-EDU/1.0/ for more information,1999-06,2022-12-21T17:37:10.239000+00:00,https://api.library.tamu.edu/fcrepo/rest/4a/7d/ff/c4/4a7dffc4-04ec-4e1f-8f9e-ac661b9f328d/cvm-batch-2_objects/327/pages/page_0/files/CVM_0536.jpg,,Photograph taken during June 1999.,
reformatted digital,Texas A & M University. College of Veterinary Medicine & Biomedical Sciences,"['College Station', 'Texas']",StillImage,,College of Veterinary Medicine Image Collection,"Dean Adams, number 08",Richard Adams- Images taken during a conversation or interview.,0444,Photographs,In copyright - educational use permitted; see http://rightsstatements.org/vocab/InC-EDU/1.0/ for more information,,2022-12-21T17:06:54.720000+00:00,https://api.library.tamu.edu/fcrepo/rest/4a/7d/ff/c4/4a7dffc4-04ec-4e1f-8f9e-ac661b9f328d/cvm-batch-2_objects/237/pages/page_0/files/CVM_0444.jpg,,,
reformatted digital,Texas A & M University. College of Veterinary Medicine & Biomedical Sciences,"['College Station', 'Texas']",StillImage,1990s,College of Veterinary Medicine Image Collection,"Stevenson Center Pet Residents, number 038","Canine resident ""Orphan Annie,"" who first came to the center in 1997.",0361-02,Photographs,In copyright - educational use permitted; see http://rightsstatements.org/vocab/InC-EDU/1.0/ for more information,1999-09-14,2022-12-21T16:09:52.947000+00:00,https://api.library.tamu.edu/fcrepo/rest/4a/7d/ff/c4/4a7dffc4-04ec-4e1f-8f9e-ac661b9f328d/cvm-batch-2_objects/39/pages/page_0/files/CVM_0361-2.jpg,,,
reformatted digital,Texas A & M University. College of Veterinary Medicine & Biomedical Sciences,"['College Station', 'Texas']",StillImage,1990s,College of Veterinary Medicine Image Collection,"Womack Reception, number 41",Dr. Womack and Dr. Skow appear to be discussing what Dr. Skow is holding.,0627,Photographs,In copyright - educational use permitted; see http://rightsstatements.org/vocab/InC-EDU/1.0/ for more information,1999-07-15,2022-12-21T18:04:59.933000+00:00,https://api.library.tamu.edu/fcrepo/rest/4a/7d/ff/c4/4a7dffc4-04ec-4e1f-8f9e-ac661b9f328d/cvm-batch-2_objects/410/pages/page_0/files/CVM_0627.jpg,Written on photograph: Roll 2 frame 6,,
reformatted digital,Texas A & M University. College of Veterinary Medicine & Biomedical Sciences,"['College Station', 'Texas']",StillImage,1990s,College of Veterinary Medicine Image Collection,"Stevenson Center Special Events, number 02","Three men standing in a room decorated for the holidays. Left to right: Charles Vrooman, Dr. Henry L. (Sonny) Presnal, Henry C. Reinhard.",0366,Photographs,In copyright - educational use permitted; see http://rightsstatements.org/vocab/InC-EDU/1.0/ for more information,1999-12,2022-12-21T15:57:47.824000+00:00,https://api.library.tamu.edu/fcrepo/rest/4a/7d/ff/c4/4a7dffc4-04ec-4e1f-8f9e-ac661b9f328d/cvm-batch-2_objects/157/pages/page_0/files/CVM_0366.jpg,,Photograph taken during December 1999.,
reformatted digital,Texas A & M University. College of Veterinary Medicine & Biomedical Sciences,"['Texas', 'College Station']",StillImage,1980s,College of Veterinary Medicine Image Collection,"Equine Ear Twitch, number 7",Demonstration of mild restraint.,0496,Photographs,In copyright - educational use permitted; see http://rightsstatements.org/vocab/InC-EDU/1.0/ for more information,1982-01-22,2022-12-21T17:23:55.029000+00:00,https://api.library.tamu.edu/fcrepo/rest/4a/7d/ff/c4/4a7dffc4-04ec-4e1f-8f9e-ac661b9f328d/cvm-batch-2_objects/287/pages/page_0/files/CVM_0496.jpg,"Written on photograph: photograph REQUEST (slip) : Sam Wigington, for the Dept. Large Animal Med. & Surg., TAMU, Breed: Appaloosa, 1 set in B W.",,
reformatted digital,Texas A & M University. College of Veterinary Medicine & Biomedical Sciences,"['College Station', 'Texas']",StillImage,,College of Veterinary Medicine Image Collection,"George Shelton, number 1","Faculty photograph of George Calvin Shelton (View 1), looking down with pencil in hand.",0396,"['Portraits', 'Photographs']",In copyright - educational use permitted; see http://rightsstatements.org/vocab/InC-EDU/1.0/ for more information,,2022-12-21T16:50:10.111000+00:00,https://api.library.tamu.edu/fcrepo/rest/4a/7d/ff/c4/4a7dffc4-04ec-4e1f-8f9e-ac661b9f328d/cvm-batch-2_objects/187/pages/page_0/files/CVM_0396.jpg,Written on photograph: George Shelton,,
reformatted digital,Texas A & M University. College of Veterinary Medicine & Biomedical Sciences,,StillImage,,College of Veterinary Medicine Image Collection,"Hunting, number 21",Two unnamed men and one hunting dog. Shadow of photographer is seen on the ground.,0663,"['Portraits', 'Photographs']",In copyright - educational use permitted; see http://rightsstatements.org/vocab/InC-EDU/1.0/ for more information,,2022-12-21T18:17:13.239000+00:00,https://api.library.tamu.edu/fcrepo/rest/4a/7d/ff/c4/4a7dffc4-04ec-4e1f-8f9e-ac661b9f328d/cvm-batch-2_objects/446/pages/page_0/files/CVM_0663.jpg,,,
reformatted digital,Texas A & M University. College of Veterinary Medicine & Biomedical Sciences,"['College Station', 'Texas']",StillImage,1990s,College of Veterinary Medicine Image Collection,"Stevenson Center, number 005","Ellie Greenbaum with unnamed woman and pets. The Stevenson Companion Animal Life-Care Center provides the physical, emotional, and medical needs of companion animals whose owners are no longer able to provide that care. Clients of the center include pet owners who want to assure their pet's future prior to entering a retirement home, being hospitalized for an extended period, or predeceasing a pet.",0364-19,Photographs,In copyright - educational use permitted; see http://rightsstatements.org/vocab/InC-EDU/1.0/ for more information,1999-09-14,2022-12-21T15:51:30.358000+00:00,https://api.library.tamu.edu/fcrepo/rest/4a/7d/ff/c4/4a7dffc4-04ec-4e1f-8f9e-ac661b9f328d/cvm-batch-2_objects/137/pages/page_0/files/CVM_0364-19.jpg,,,
reformatted digital,Texas A & M University. College of Veterinary Medicine & Biomedical Sciences,"['Texas', 'College Station']",StillImage,1990s,College of Veterinary Medicine Image Collection,"Stevenson Center Pet Residents, number 071","Feline resident ""Priscilla"" who arrived at the Stevenson Companion Animal Life-Care Center in 1997.",0361-35,Photographs,In copyright - educational use permitted; see http://rightsstatements.org/vocab/InC-EDU/1.0/ for more information,1999-09-14,2022-12-21T16:37:29.589000+00:00,https://api.library.tamu.edu/fcrepo/rest/4a/7d/ff/c4/4a7dffc4-04ec-4e1f-8f9e-ac661b9f328d/cvm-batch-2_objects/72/pages/page_0/files/CVM_0361-35.jpg,,,
reformatted digital,Texas A & M University. College of Veterinary Medicine & Biomedical Sciences,"['College Station', 'Texas']",StillImage,2000s,College of Veterinary Medicine Image Collection,"New Paddocks and Hay Barn, number 3",New paddocks and hay barn - 21 Nov 03.,0390,Photographs,In copyright - educational use permitted; see http://rightsstatements.org/vocab/InC-EDU/1.0/ for more information,2003-11-21,2022-12-21T16:48:09.890000+00:00,https://api.library.tamu.edu/fcrepo/rest/4a/7d/ff/c4/4a7dffc4-04ec-4e1f-8f9e-ac661b9f328d/cvm-batch-2_objects/181/pages/page_0/files/CVM_0390.jpg,Written on photograph: 2003 New Equine Paddocks and Barns,,
reformatted digital,Texas A & M University. College of Veterinary Medicine & Biomedical Sciences,"['College Station', 'Texas']",StillImage,1990s,College of Veterinary Medicine Image Collection,"Canine Amputee, number 7","Mischief, the four-year-old miniature schnauzer, was featured on the first ""The Doc Is In"" segment on television, after having his leg amputated at the Texas A&M University College of Veterinary Medicine. ""The Doc Is In"" was a segment of the Public Broadcasting Service program, ""Cure and Caring,"" that featured the College of Veterinary Medicine. It first aired during the latter's second season in 1999 and was hosted by Dr. Dawn Boothe. This segment featured actual medical cases and discussed how the animals were treated. The show was broadcast from the studios of KAMU at Texas A&M and was produced by TeleVentures Productions.",0675,Photographs,In copyright - educational use permitted; see http://rightsstatements.org/vocab/InC-EDU/1.0/ for more information,1999-09-28,2022-12-21T18:21:16.266000+00:00,https://api.library.tamu.edu/fcrepo/rest/4a/7d/ff/c4/4a7dffc4-04ec-4e1f-8f9e-ac661b9f328d/cvm-batch-2_objects/458/pages/page_0/files/CVM_0675.jpg,,,
reformatted digital,Texas A & M University. College of Veterinary Medicine & Biomedical Sciences,"['College Station', 'Texas']",StillImage,1990s,College of Veterinary Medicine Image Collection,"Playter Retirement, number 14",Dr. Adams at the podium and Sherry Adams wearing black present Mrs. Kay Playter with roses.,0523,Photographs,In copyright - educational use permitted; see http://rightsstatements.org/vocab/InC-EDU/1.0/ for more information,1999-06,2022-12-21T17:32:50.887000+00:00,https://api.library.tamu.edu/fcrepo/rest/4a/7d/ff/c4/4a7dffc4-04ec-4e1f-8f9e-ac661b9f328d/cvm-batch-2_objects/314/pages/page_0/files/CVM_0523.jpg,,Photograph taken during June 1999.,
reformatted digital,Texas A & M University. College of Veterinary Medicine & Biomedical Sciences,"['College Station', 'Texas']",StillImage,1980s,College of Veterinary Medicine Image Collection,"Equine Ear Twitch, number 4",Demonstration of mild restraint.,0493,Photographs,In copyright - educational use permitted; see http://rightsstatements.org/vocab/InC-EDU/1.0/ for more information,1982-01-22,2022-12-21T17:22:55.971000+00:00,https://api.library.tamu.edu/fcrepo/rest/4a/7d/ff/c4/4a7dffc4-04ec-4e1f-8f9e-ac661b9f328d/cvm-batch-2_objects/284/pages/page_0/files/CVM_0493.jpg,"Written on photograph: photograph REQUEST (slip) : Sam Wigington, for the Dept. Large Animal Med. & Surg., TAMU, Breed: Appaloosa, 1 set in B W.",,
reformatted digital,Texas A & M University. College of Veterinary Medicine & Biomedical Sciences,"['Texas', 'College Station']",StillImage,,College of Veterinary Medicine Image Collection,"George Shelton, number 7",A head shot of Dr. George Shelton in a dark suit.,0402,"['Portraits', 'Photographs']",In copyright - educational use permitted; see http://rightsstatements.org/vocab/InC-EDU/1.0/ for more information,,2022-12-21T16:52:10.154000+00:00,https://api.library.tamu.edu/fcrepo/rest/4a/7d/ff/c4/4a7dffc4-04ec-4e1f-8f9e-ac661b9f328d/cvm-batch-2_objects/193/pages/page_0/files/CVM_0402.jpg,"Written on photograph: Dr. George Shelton, Dean of Veterinary Medicine (wo31682)",,
reformatted digital,Texas A & M University. College of Veterinary Medicine & Biomedical Sciences,"['College Station', 'Texas']",StillImage,1990s,College of Veterinary Medicine Image Collection,"Playter Retirement, number 26","Ms. Ann Kier (woman on right facing from camera), and Friedhelm Schroeder (in the plaid shirt on the right) converse with Chuck Vrooman on the left.",0535,Photographs,In copyright - educational use permitted; see http://rightsstatements.org/vocab/InC-EDU/1.0/ for more information,1999-06,2022-12-21T17:36:50.235000+00:00,https://api.library.tamu.edu/fcrepo/rest/4a/7d/ff/c4/4a7dffc4-04ec-4e1f-8f9e-ac661b9f328d/cvm-batch-2_objects/326/pages/page_0/files/CVM_0535.jpg,,Photograph taken during June 1999.,
reformatted digital,Texas A & M University. College of Veterinary Medicine & Biomedical Sciences,"['College Station', 'Texas']",StillImage,1990s,College of Veterinary Medicine Image Collection,"Stevenson Center, number 020","Either ""Lovey"" or ""Yummy.""",0364-34,Photographs,In copyright - educational use permitted; see http://rightsstatements.org/vocab/InC-EDU/1.0/ for more information,1999-09-14,2022-12-21T15:56:12.405000+00:00,https://api.library.tamu.edu/fcrepo/rest/4a/7d/ff/c4/4a7dffc4-04ec-4e1f-8f9e-ac661b9f328d/cvm-batch-2_objects/152/pages/page_0/files/CVM_0364-34.jpg,,,
reformatted digital,Texas A & M University. College of Veterinary Medicine & Biomedical Sciences,"['College Station', 'Texas']",StillImage,1990s,College of Veterinary Medicine Image Collection,"Stevenson Center Pet Residents, number 022","Canine resident ""Algernon"" who arrived at the center in 1997.",0360-22,Photographs,In copyright - educational use permitted; see http://rightsstatements.org/vocab/InC-EDU/1.0/ for more information,1999-09-14,2022-12-21T16:04:49.385000+00:00,https://api.library.tamu.edu/fcrepo/rest/4a/7d/ff/c4/4a7dffc4-04ec-4e1f-8f9e-ac661b9f328d/cvm-batch-2_objects/23/pages/page_0/files/CVM_0360-22.jpg,,,
reformatted digital,Texas A & M University. College of Veterinary Medicine & Biomedical Sciences,"['San Antonio', 'Texas']",StillImage,1970s,College of Veterinary Medicine Image Collection,"Awards Presented at a Convention, number 2","1973 awards presentation at a 1974 convention held in San Antonio, Hilton Palacio Del Rio. Two men are standing facing each other to the left of the podium.",0473,Photographs,In copyright - educational use permitted; see http://rightsstatements.org/vocab/InC-EDU/1.0/ for more information,1974,2022-12-21T17:16:02.332000+00:00,https://api.library.tamu.edu/fcrepo/rest/4a/7d/ff/c4/4a7dffc4-04ec-4e1f-8f9e-ac661b9f328d/cvm-batch-2_objects/264/pages/page_0/files/CVM_0473.jpg,"Written on photograph: 74 Conv. , 1973 Award",,
reformatted digital,Texas A & M University. College of Veterinary Medicine & Biomedical Sciences,"['Texas', 'College Station']",StillImage,1990s,College of Veterinary Medicine Image Collection,"Clinical Rounds, number 2",Large animal rounds. Unnamed veterinary staff explains care of animal. Librarian Katherine McNeil (white jacket) with other veterinary students listen.,0377,Photographs,In copyright - educational use permitted; see http://rightsstatements.org/vocab/InC-EDU/1.0/ for more information,1998-02-24,2022-12-21T16:01:20.553000+00:00,https://api.library.tamu.edu/fcrepo/rest/4a/7d/ff/c4/4a7dffc4-04ec-4e1f-8f9e-ac661b9f328d/cvm-batch-2_objects/168/pages/page_0/files/CVM_0377.jpg,,,
reformatted digital,Texas A & M University. College of Veterinary Medicine & Biomedical Sciences,,StillImage,,College of Veterinary Medicine Image Collection,Group of Men in Front of a Statue,Unidentified group of men standing in front of a statue.,0485,"['Portraits', 'Photographs']",In copyright - educational use permitted; see http://rightsstatements.org/vocab/InC-EDU/1.0/ for more information,,2022-12-21T17:20:10.687000+00:00,https://api.library.tamu.edu/fcrepo/rest/4a/7d/ff/c4/4a7dffc4-04ec-4e1f-8f9e-ac661b9f328d/cvm-batch-2_objects/276/pages/page_0/files/CVM_0485.jpg,,,
reformatted digital,Texas A & M University. College of Veterinary Medicine & Biomedical Sciences,"['Texas', 'College Station']",StillImage,1990s,College of Veterinary Medicine Image Collection,"Stevenson Center Pet Residents, number 131","Student resident of the Stevenson Companion Animal Life-Care Center, Kathleen Harris bathes ""Orphan Annie.""",0364-13,Photographs,In copyright - educational use permitted; see http://rightsstatements.org/vocab/InC-EDU/1.0/ for more information,1999-09-14,2022-12-21T15:49:56.501000+00:00,https://api.library.tamu.edu/fcrepo/rest/4a/7d/ff/c4/4a7dffc4-04ec-4e1f-8f9e-ac661b9f328d/cvm-batch-2_objects/132/pages/page_0/files/CVM_0364-13.jpg,,,
reformatted digital,Texas A & M University. College of Veterinary Medicine & Biomedical Sciences,"['College Station', 'Texas']",StillImage,1990s,College of Veterinary Medicine Image Collection,"Canine Amputee, number 2","Mischief, the four-year-old miniature schnauzer, was featured on the first ""The Doc Is In"" segment on television, after having his leg amputated at the Texas A&M University College of Veterinary Medicine. ""The Doc Is In"" was a segment of the Public Broadcasting Service program, ""Cure and Caring,"" that featured the College of Veterinary Medicine. It first aired during the latter's second season in 1999 and was hosted by Dr. Dawn Boothe. This segment featured actual medical cases and discussed how the animals were treated. The show was broadcast from the studios of KAMU at Texas A&M and was produced by TeleVentures Productions.",0670,Photographs,In copyright - educational use permitted; see http://rightsstatements.org/vocab/InC-EDU/1.0/ for more information,1999-09-28,2022-12-21T18:19:36.033000+00:00,https://api.library.tamu.edu/fcrepo/rest/4a/7d/ff/c4/4a7dffc4-04ec-4e1f-8f9e-ac661b9f328d/cvm-batch-2_objects/453/pages/page_0/files/CVM_0670.jpg,,,
reformatted digital,Texas A & M University. College of Veterinary Medicine & Biomedical Sciences,"['Texas', 'College Station']",StillImage,1990s,College of Veterinary Medicine Image Collection,"Stevenson Center, number 012",Ellie Greenbaum and student with pets.,0364-26,Photographs,In copyright - educational use permitted; see http://rightsstatements.org/vocab/InC-EDU/1.0/ for more information,1999-09-14,2022-12-21T15:53:41.955000+00:00,https://api.library.tamu.edu/fcrepo/rest/4a/7d/ff/c4/4a7dffc4-04ec-4e1f-8f9e-ac661b9f328d/cvm-batch-2_objects/144/pages/page_0/files/CVM_0364-26.jpg,,,
reformatted digital,Texas A & M University. College of Veterinary Medicine & Biomedical Sciences,"['College Station', 'Texas']",StillImage,1990s,College of Veterinary Medicine Image Collection,"Playter Retirement, number 03","Dr. Playter and Dr. David A. Williams shake hands while others applaud. Dr. Adams is seen seated in left frame of picture. David Williams founded the GI Lab in 1985 at the University of Florida, when he introduced the assay of serum trypsin-like immunoreactivity (TLI) in the dog to the United States. Over the next two decades students and staff working in the GI Laboratories at Kansas State, Purdue, and most recently Texas A&M Universities established several other novel tests for gastrointestinal diseases for use by veterinarians internationally. His research has been focused on the development and application of new tests for gastrointestinal diseases, particularly those affecting the pancreas, small intestine, stomach and liver of dogs and cats. Dr. Playter joined the faculty in 1970 as an assistant professor in the small animal clinic after earning his master's degree in veterinary medicine and surgery at Texas A&M. Later becoming a full professor and then department head of Small Animal Medicine and Surgery. He left College Station to become the director of the Veterinary Health Center at Cornell University, Ithaca, N.Y. from 1985-1990. Dr. Playter returned to TAMU, College of Veterinary Medicine as the associate dean for Clinical & Outreach Programs, hospital director and director of the continuing education program from 1990-1996. He then resumed teaching, but in 1997 was asked to serve as the interim dean for the college. From 1998 to 1999 he was appointed Executive Associate Dean and then retired in June of 1999.",0512,Photographs,In copyright - educational use permitted; see http://rightsstatements.org/vocab/InC-EDU/1.0/ for more information,1999-06,2022-12-21T17:29:10.474000+00:00,https://api.library.tamu.edu/fcrepo/rest/4a/7d/ff/c4/4a7dffc4-04ec-4e1f-8f9e-ac661b9f328d/cvm-batch-2_objects/303/pages/page_0/files/CVM_0512.jpg,,Photograph taken during June 1999.,
reformatted digital,Texas A & M University. College of Veterinary Medicine & Biomedical Sciences,"['College Station', 'Texas']",StillImage,,College of Veterinary Medicine Image Collection,"W. Terry Stiles, Administrator, Teaching Hospital","Faculty Photo of Director of the Veterinary Medical Teaching Hospital, W. Terry Stiles who retired in March 26, 2016 after over 40 years of service.","['0416', '0109']","['Photographs', 'Portraits']",In copyright - educational use permitted; see http://rightsstatements.org/vocab/InC-EDU/1.0/ for more information,,2022-12-21T16:57:32.902000+00:00,https://api.library.tamu.edu/fcrepo/rest/4a/7d/ff/c4/4a7dffc4-04ec-4e1f-8f9e-ac661b9f328d/cvm-batch-2_objects/209/pages/page_0/files/CVM_0416.jpg,,,
reformatted digital,Texas A & M University. College of Veterinary Medicine & Biomedical Sciences,"['College Station', 'Texas']",StillImage,1990s,College of Veterinary Medicine Image Collection,"Stevenson Center, number 009",Cat tower at the Stevenson Companion Animal Life-Care Center.,0364-23,Photographs,In copyright - educational use permitted; see http://rightsstatements.org/vocab/InC-EDU/1.0/ for more information,1999-09-14,2022-12-21T15:52:45.487000+00:00,https://api.library.tamu.edu/fcrepo/rest/4a/7d/ff/c4/4a7dffc4-04ec-4e1f-8f9e-ac661b9f328d/cvm-batch-2_objects/141/pages/page_0/files/CVM_0364-23.jpg,,,
reformatted digital,Texas A & M University. College of Veterinary Medicine & Biomedical Sciences,"['Texas', 'College Station']",StillImage,1980s,College of Veterinary Medicine Image Collection,"Appaloosa, number 07",A woman with a horse.,0504,Photographs,In copyright - educational use permitted; see http://rightsstatements.org/vocab/InC-EDU/1.0/ for more information,1982-01-22,2022-12-21T17:26:31.564000+00:00,https://api.library.tamu.edu/fcrepo/rest/4a/7d/ff/c4/4a7dffc4-04ec-4e1f-8f9e-ac661b9f328d/cvm-batch-2_objects/295/pages/page_0/files/CVM_0504.jpg,"Written on photograph: photograph REQUEST (slip) : Sam Wigington, for the Dept. Large Animal Med. & Surg., TAMU, Breed: Appaloosa, 1 set in B W.",,
reformatted digital,Texas A & M University. College of Veterinary Medicine & Biomedical Sciences,,StillImage,,College of Veterinary Medicine Image Collection,"Hunting, number 08",Three men stand behind the cab of a white truck. Man on the right is Richard Adams.,0650,"['Portraits', 'Photographs']",In copyright - educational use permitted; see http://rightsstatements.org/vocab/InC-EDU/1.0/ for more information,,2022-12-21T18:12:49.005000+00:00,https://api.library.tamu.edu/fcrepo/rest/4a/7d/ff/c4/4a7dffc4-04ec-4e1f-8f9e-ac661b9f328d/cvm-batch-2_objects/433/pages/page_0/files/CVM_0650.jpg,,,
reformatted digital,"['Texas A & M University. College of Veterinary Medicine & Biomedical Sciences', 'Texas A & M University Graphic Services']","['College Station', 'Texas']",StillImage,1990s,College of Veterinary Medicine Image Collection,"Visit from Laura Bush, number 2",Close-up of Laura Bush speaking at the Texas Folic Acid Council.,0548,Photographs,In copyright - educational use permitted; see http://rightsstatements.org/vocab/InC-EDU/1.0/ for more information,1999,2022-12-21T17:41:11.081000+00:00,https://api.library.tamu.edu/fcrepo/rest/4a/7d/ff/c4/4a7dffc4-04ec-4e1f-8f9e-ac661b9f328d/cvm-batch-2_objects/339/pages/page_0/files/CVM_0548.jpg,,,
reformatted digital,Texas A & M University. College of Veterinary Medicine & Biomedical Sciences,"['College Station', 'Texas']",StillImage,,College of Veterinary Medicine Image Collection,"Dean Adams, number 10",Richard Adams- Images taken during a conversation or interview.,0446,Photographs,In copyright - educational use permitted; see http://rightsstatements.org/vocab/InC-EDU/1.0/ for more information,,2022-12-21T17:07:35.486000+00:00,https://api.library.tamu.edu/fcrepo/rest/4a/7d/ff/c4/4a7dffc4-04ec-4e1f-8f9e-ac661b9f328d/cvm-batch-2_objects/239/pages/page_0/files/CVM_0446.jpg,,,
reformatted digital,Texas A & M University. College of Veterinary Medicine & Biomedical Sciences,"['College Station', 'Texas']",StillImage,1990s,College of Veterinary Medicine Image Collection,"Stevenson Center Pet Residents, number 007","Canine resident ""Lovey"" who arrived at the center in 1998.",0360-07,Photographs,In copyright - educational use permitted; see http://rightsstatements.org/vocab/InC-EDU/1.0/ for more information,1999-09-14,2022-12-21T15:39:15.253000+00:00,https://api.library.tamu.edu/fcrepo/rest/4a/7d/ff/c4/4a7dffc4-04ec-4e1f-8f9e-ac661b9f328d/cvm-batch-2_objects/8/pages/page_0/files/CVM_0360-7.jpg,,,
reformatted digital,Texas A & M University. College of Veterinary Medicine & Biomedical Sciences,"['College Station', 'Texas']",StillImage,1990s,College of Veterinary Medicine Image Collection,Gerald Bratton,"Gerald Bratton, Department Head for Veterinary Anatomy and Public Health. Dr. Gerald Bratton was long time professor and department head of Veterinary Anatomy and Public Health at the time this photography was taken.","['0456', '0117']","['Portraits', 'Photographs']",In copyright - educational use permitted; see http://rightsstatements.org/vocab/InC-EDU/1.0/ for more information,Between 1990 and 1995,2022-12-21T17:10:56.927000+00:00,https://api.library.tamu.edu/fcrepo/rest/4a/7d/ff/c4/4a7dffc4-04ec-4e1f-8f9e-ac661b9f328d/cvm-batch-2_objects/249/pages/page_0/files/CVM_0456.jpg,,,
reformatted digital,Texas A & M University. College of Veterinary Medicine & Biomedical Sciences,"['College Station', 'Texas']",StillImage,1990s,College of Veterinary Medicine Image Collection,"Stevenson Center Pet Residents, number 106","Student resident of the Stevenson Companion Animal Life-Care Center, Kathleen Harris bathes ""Orphan Annie.""",0363-09,Photographs,In copyright - educational use permitted; see http://rightsstatements.org/vocab/InC-EDU/1.0/ for more information,1999-09-14,2022-12-21T15:42:05.222000+00:00,https://api.library.tamu.edu/fcrepo/rest/4a/7d/ff/c4/4a7dffc4-04ec-4e1f-8f9e-ac661b9f328d/cvm-batch-2_objects/107/pages/page_0/files/CVM_0363-9.jpg,,,
reformatted digital,Texas A & M University. College of Veterinary Medicine & Biomedical Sciences,"['College Station', 'Texas']",StillImage,1970s,College of Veterinary Medicine Image Collection,"Dr. James W. Dollahite, number 03",Dr. James W. Dollahite and his wife shown in center are presented a certificate for 23 years of outstanding service. The two men on either side are unidentified.,0480,Photographs,In copyright - educational use permitted; see http://rightsstatements.org/vocab/InC-EDU/1.0/ for more information,1975-01,2022-12-21T17:18:26.878000+00:00,https://api.library.tamu.edu/fcrepo/rest/4a/7d/ff/c4/4a7dffc4-04ec-4e1f-8f9e-ac661b9f328d/cvm-batch-2_objects/271/pages/page_0/files/CVM_0480.jpg,Written on photograph: Dr. James W. Dollahite,Photographed during January 1975.,
reformatted digital,Texas A & M University. College of Veterinary Medicine & Biomedical Sciences,"['Texas', 'College Station']",StillImage,1990s,College of Veterinary Medicine Image Collection,"Stevenson Center Pet Residents, number 120","Student resident of the Stevenson Companion Animal Life-Care Center, Kathleen Harris bathes ""Orphan Annie.""",0364-02,Photographs,In copyright - educational use permitted; see http://rightsstatements.org/vocab/InC-EDU/1.0/ for more information,1999-09-14,2022-12-21T15:46:29.396000+00:00,https://api.library.tamu.edu/fcrepo/rest/4a/7d/ff/c4/4a7dffc4-04ec-4e1f-8f9e-ac661b9f328d/cvm-batch-2_objects/121/pages/page_0/files/CVM_0364-2.jpg,,,
reformatted digital,Texas A & M University. College of Veterinary Medicine & Biomedical Sciences,"['College Station', 'Texas']",StillImage,1990s,College of Veterinary Medicine Image Collection,"Stevenson Center Pet Residents, number 009","Canine resident ""Lovey"" who arrived at the center in 1998.",0360-09,Photographs,In copyright - educational use permitted; see http://rightsstatements.org/vocab/InC-EDU/1.0/ for more information,1999-09-14,2022-12-21T15:34:09.098000+00:00,https://api.library.tamu.edu/fcrepo/rest/4a/7d/ff/c4/4a7dffc4-04ec-4e1f-8f9e-ac661b9f328d/cvm-batch-2_objects/10/pages/page_0/files/CVM_0360-9.jpg,,,
reformatted digital,Texas A & M University. College of Veterinary Medicine & Biomedical Sciences,"['College Station', 'Texas']",StillImage,1990s,College of Veterinary Medicine Image Collection,"Stevenson Center Pet Residents, number 065","Feline resident ""Jessica"" who arrived at the Stevenson Companion Animal Life-Care Center in 1998.",0361-29,Photographs,In copyright - educational use permitted; see http://rightsstatements.org/vocab/InC-EDU/1.0/ for more information,1999-09-14,2022-12-21T16:35:34.889000+00:00,https://api.library.tamu.edu/fcrepo/rest/4a/7d/ff/c4/4a7dffc4-04ec-4e1f-8f9e-ac661b9f328d/cvm-batch-2_objects/66/pages/page_0/files/CVM_0361-29.jpg,,,
reformatted digital,Texas A & M University. College of Veterinary Medicine & Biomedical Sciences,"['College Station', 'Texas']",StillImage,,College of Veterinary Medicine Image Collection,"Fred Jaggi, number 2",Dr. Jaggi stands in front of an open cabinet. Specimen dishes and magnify tool shown in image left.,0407,Photographs,In copyright - educational use permitted; see http://rightsstatements.org/vocab/InC-EDU/1.0/ for more information,,2022-12-21T16:54:13.372000+00:00,https://api.library.tamu.edu/fcrepo/rest/4a/7d/ff/c4/4a7dffc4-04ec-4e1f-8f9e-ac661b9f328d/cvm-batch-2_objects/199/pages/page_0/files/CVM_0407.jpg,Written on photograph: Dr. Fred Jaggi- Public Health until retirement,,
reformatted digital,Texas A & M University. College of Veterinary Medicine & Biomedical Sciences,"['College Station', 'Texas']",StillImage,1990s,College of Veterinary Medicine Image Collection,"Womack Reception, number 15","Four men are shown, left to right; unnamed man, E. Murl Bailey, Dr. James Womack, and Loren C. Skow.",0601,Photographs,In copyright - educational use permitted; see http://rightsstatements.org/vocab/InC-EDU/1.0/ for more information,1999-07-15,2022-12-21T17:56:14.195000+00:00,https://api.library.tamu.edu/fcrepo/rest/4a/7d/ff/c4/4a7dffc4-04ec-4e1f-8f9e-ac661b9f328d/cvm-batch-2_objects/384/pages/page_0/files/CVM_0601.jpg,Written on photograph: -Roll 1 frame 11,,
reformatted digital,Texas A & M University. College of Veterinary Medicine & Biomedical Sciences,"['College Station', 'Texas']",StillImage,1990s,College of Veterinary Medicine Image Collection,"Womack Reception, number 07",Dr. Deborah Kochevar and Dr. James Womack.,0593,Photographs,In copyright - educational use permitted; see http://rightsstatements.org/vocab/InC-EDU/1.0/ for more information,1999-07-15,2022-12-21T17:53:32.697000+00:00,https://api.library.tamu.edu/fcrepo/rest/4a/7d/ff/c4/4a7dffc4-04ec-4e1f-8f9e-ac661b9f328d/cvm-batch-2_objects/376/pages/page_0/files/CVM_0593.jpg,Written on photograph: Roll 1 frame 7,,
reformatted digital,Texas A & M University. College of Veterinary Medicine & Biomedical Sciences,"['Texas', 'College Station']",StillImage,1990s,College of Veterinary Medicine Image Collection,"Playter Retirement, number 16",Standing ovation in honor of the unknown man in light blue suit jacket.,0525,Photographs,In copyright - educational use permitted; see http://rightsstatements.org/vocab/InC-EDU/1.0/ for more information,1999-06,2022-12-21T17:33:30.919000+00:00,https://api.library.tamu.edu/fcrepo/rest/4a/7d/ff/c4/4a7dffc4-04ec-4e1f-8f9e-ac661b9f328d/cvm-batch-2_objects/316/pages/page_0/files/CVM_0525.jpg,,Photograph taken during June 1999.,
reformatted digital,Texas A & M University. College of Veterinary Medicine & Biomedical Sciences,"['College Station', 'Texas']",StillImage,1990s,College of Veterinary Medicine Image Collection,"Richard H. Adams at Event, number 1","Dean Adams with a young boy, a fiddler and another man standing in front of a horse or mule team inside a rodeo arena.",0433,Photographs,In copyright - educational use permitted; see http://rightsstatements.org/vocab/InC-EDU/1.0/ for more information,1997-11-20,2022-12-21T17:03:12.080000+00:00,https://api.library.tamu.edu/fcrepo/rest/4a/7d/ff/c4/4a7dffc4-04ec-4e1f-8f9e-ac661b9f328d/cvm-batch-2_objects/226/pages/page_0/files/CVM_0433.jpg,,,
reformatted digital,Texas A & M University. College of Veterinary Medicine & Biomedical Sciences,"['College Station', 'Texas']",StillImage,1990s,College of Veterinary Medicine Image Collection,"Playter Retirement, number 28",Attendees of event are shown as a group socializing in a reception area from a higher vantage point.,0537,Photographs,In copyright - educational use permitted; see http://rightsstatements.org/vocab/InC-EDU/1.0/ for more information,1999-06,2022-12-21T17:37:30.089000+00:00,https://api.library.tamu.edu/fcrepo/rest/4a/7d/ff/c4/4a7dffc4-04ec-4e1f-8f9e-ac661b9f328d/cvm-batch-2_objects/328/pages/page_0/files/CVM_0537.jpg,,Photograph taken during June 1999.,
reformatted digital,"['Texas A & M University. College of Veterinary Medicine. Media Resources', 'Texas A & M University. College of Veterinary Medicine & Biomedical Sciences']","['College Station', 'Texas']",StillImage,1990s,College of Veterinary Medicine Image Collection,Miniature Horses,"Dr. Dickson Varner, in squatting pose and students with miniature horses.","['0131', '0706']",Photographs,In copyright - educational use permitted; see http://rightsstatements.org/vocab/InC-EDU/1.0/ for more information,1990-08,2022-12-21T18:31:42.646000+00:00,https://api.library.tamu.edu/fcrepo/rest/4a/7d/ff/c4/4a7dffc4-04ec-4e1f-8f9e-ac661b9f328d/cvm-batch-2_objects/488/pages/page_0/files/CVM_0706.jpg,"Written on photograph: Equine: Dr. Dixon Varner and Students with miniature horses. Aug. 1990, 35mm Color Slide",Photograph taken during August 1990.,"Rydzewski, Tony"
reformatted digital,Texas A & M University. College of Veterinary Medicine & Biomedical Sciences,"['College Station', 'Texas']",StillImage,1990s,College of Veterinary Medicine Image Collection,"Stevenson Center Pet Residents, number 045","Canine resident ""Orphan Annie,"" who first came to the center in 1997.",0361-09,Photographs,In copyright - educational use permitted; see http://rightsstatements.org/vocab/InC-EDU/1.0/ for more information,1999-09-14,2022-12-21T16:29:10.356000+00:00,https://api.library.tamu.edu/fcrepo/rest/4a/7d/ff/c4/4a7dffc4-04ec-4e1f-8f9e-ac661b9f328d/cvm-batch-2_objects/46/pages/page_0/files/CVM_0361-9.jpg,,,
reformatted digital,Texas A & M University. College of Veterinary Medicine & Biomedical Sciences,"['College Station', 'Texas']",StillImage,,College of Veterinary Medicine Image Collection,"Dean Adams, number 09",Richard Adams- Images taken during a conversation or interview.,0445,Photographs,In copyright - educational use permitted; see http://rightsstatements.org/vocab/InC-EDU/1.0/ for more information,,2022-12-21T17:07:14.960000+00:00,https://api.library.tamu.edu/fcrepo/rest/4a/7d/ff/c4/4a7dffc4-04ec-4e1f-8f9e-ac661b9f328d/cvm-batch-2_objects/238/pages/page_0/files/CVM_0445.jpg,,,
reformatted digital,Texas A & M University. College of Veterinary Medicine & Biomedical Sciences,"['Texas', 'College Station']",StillImage,1990s,College of Veterinary Medicine Image Collection,"Stevenson Center Pet Residents, number 006","Canine resident ""Lovey"" who arrived at the center in 1998.",0360-06,Photographs,In copyright - educational use permitted; see http://rightsstatements.org/vocab/InC-EDU/1.0/ for more information,1999-09-14,2022-12-21T15:38:56.455000+00:00,https://api.library.tamu.edu/fcrepo/rest/4a/7d/ff/c4/4a7dffc4-04ec-4e1f-8f9e-ac661b9f328d/cvm-batch-2_objects/7/pages/page_0/files/CVM_0360-6.jpg,,,
reformatted digital,Texas A & M University. College of Veterinary Medicine & Biomedical Sciences,"['College Station', 'Texas']",StillImage,1990s,College of Veterinary Medicine Image Collection,"Stevenson Center Pet Residents, number 057","Feline resident ""Jessica"" who arrived at the Stevenson Companion Animal Life-Care Center in 1998.",0361-21,Photographs,In copyright - educational use permitted; see http://rightsstatements.org/vocab/InC-EDU/1.0/ for more information,1999-09-14,2022-12-21T16:33:01.804000+00:00,https://api.library.tamu.edu/fcrepo/rest/4a/7d/ff/c4/4a7dffc4-04ec-4e1f-8f9e-ac661b9f328d/cvm-batch-2_objects/58/pages/page_0/files/CVM_0361-21.jpg,,,
reformatted digital,Texas A & M University. College of Veterinary Medicine & Biomedical Sciences,"['College Station', 'Texas']",StillImage,,College of Veterinary Medicine Image Collection,"Fred Jaggi, number 5",Different view of Dr. Jaggi standing in front of an open cabinet with left arm reaching door. Magnify tool shown in image left.,0410,Photographs,In copyright - educational use permitted; see http://rightsstatements.org/vocab/InC-EDU/1.0/ for more information,,2022-12-21T16:55:12.810000+00:00,https://api.library.tamu.edu/fcrepo/rest/4a/7d/ff/c4/4a7dffc4-04ec-4e1f-8f9e-ac661b9f328d/cvm-batch-2_objects/202/pages/page_0/files/CVM_0410.jpg,Written on photograph: Dr. Fred Jaggi- Public Health until retirement,,
reformatted digital,Texas A & M University. College of Veterinary Medicine & Biomedical Sciences,"['College Station', 'Texas']",StillImage,1990s,College of Veterinary Medicine Image Collection,"Stevenson Center Pet Residents, number 105","Student resident of the Stevenson Companion Animal Life-Care Center, Kathleen Harris bathes ""Orphan Annie.""",0363-08,Photographs,In copyright - educational use permitted; see http://rightsstatements.org/vocab/InC-EDU/1.0/ for more information,1999-09-14,2022-12-21T15:41:46.345000+00:00,https://api.library.tamu.edu/fcrepo/rest/4a/7d/ff/c4/4a7dffc4-04ec-4e1f-8f9e-ac661b9f328d/cvm-batch-2_objects/106/pages/page_0/files/CVM_0363-8.jpg,,,
reformatted digital,Texas A & M University. College of Veterinary Medicine & Biomedical Sciences,"['College Station', 'Texas']",StillImage,2000s,College of Veterinary Medicine Image Collection,Womack Wins Wolf Prize 10,"Shown in a social setting. Left to right: Dr. James Womack, Raby Womack, unnamed man sitting, unnamed man.",0565,Photographs,In copyright - educational use permitted; see http://rightsstatements.org/vocab/InC-EDU/1.0/ for more information,2001,2022-12-21T17:46:54.608000+00:00,https://api.library.tamu.edu/fcrepo/rest/4a/7d/ff/c4/4a7dffc4-04ec-4e1f-8f9e-ac661b9f328d/cvm-batch-2_objects/356/pages/page_0/files/CVM_0565.jpg,,,
reformatted digital,Texas A & M University. College of Veterinary Medicine & Biomedical Sciences,"['College Station', 'Texas']",StillImage,1990s,College of Veterinary Medicine Image Collection,"Clinical Hospital Rounds, number 18",Librarian Joe Jaros sits at the table facing Dr. Allen Roussel.,0583,Photographs,In copyright - educational use permitted; see http://rightsstatements.org/vocab/InC-EDU/1.0/ for more information,Between 1995 and 2000,2022-12-21T17:50:53.446000+00:00,https://api.library.tamu.edu/fcrepo/rest/4a/7d/ff/c4/4a7dffc4-04ec-4e1f-8f9e-ac661b9f328d/cvm-batch-2_objects/368/pages/page_0/files/CVM_0583.jpg,,,
reformatted digital,Texas A & M University. College of Veterinary Medicine & Biomedical Sciences,"['College Station', 'Texas']",StillImage,1990s,College of Veterinary Medicine Image Collection,"Stevenson Center Pet Residents, number 054","Feline resident ""Jessica"" who arrived at the Stevenson Companion Animal Life-Care Center in 1998.",0361-18,Photographs,In copyright - educational use permitted; see http://rightsstatements.org/vocab/InC-EDU/1.0/ for more information,1999-09-14,2022-12-21T16:32:04.436000+00:00,https://api.library.tamu.edu/fcrepo/rest/4a/7d/ff/c4/4a7dffc4-04ec-4e1f-8f9e-ac661b9f328d/cvm-batch-2_objects/55/pages/page_0/files/CVM_0361-18.jpg,,,
reformatted digital,Texas A & M University. College of Veterinary Medicine & Biomedical Sciences,"['Texas', 'College Station']",StillImage,1930s,College of Veterinary Medicine Image Collection,"Veterinary Students in a Laboratory, number 3",Veterinary students in class with microscopes. Dr. John Milliff instructing pathology.,"['0682', '0074']",Photographs,In copyright - educational use permitted; see http://rightsstatements.org/vocab/InC-EDU/1.0/ for more information,1938,2022-12-21T18:23:40.226000+00:00,https://api.library.tamu.edu/fcrepo/rest/4a/7d/ff/c4/4a7dffc4-04ec-4e1f-8f9e-ac661b9f328d/cvm-batch-2_objects/465/pages/page_0/files/CVM_0682.jpg,"Written on photograph: Historical. Vet Students in class with microscopes. Dr. John Milliff instructing, Pathology. Circa 1938.",,
reformatted digital,Texas A & M University. College of Veterinary Medicine & Biomedical Sciences,"['College Station', 'Texas']",StillImage,1990s,College of Veterinary Medicine Image Collection,"Clinical Hospital Rounds, number 14","Five people are shown in a meeting. Man in dark suit is Joe Jaros, to the left of him is Dr. David Duton, and on the far right is Dr. Allen Roussel.",0579,Photographs,In copyright - educational use permitted; see http://rightsstatements.org/vocab/InC-EDU/1.0/ for more information,Between 1995 and 2000,2022-12-21T17:49:53.662000+00:00,https://api.library.tamu.edu/fcrepo/rest/4a/7d/ff/c4/4a7dffc4-04ec-4e1f-8f9e-ac661b9f328d/cvm-batch-2_objects/365/pages/page_0/files/CVM_0579.jpg,,,
reformatted digital,Texas A & M University. College of Veterinary Medicine & Biomedical Sciences,"['College Station', 'Texas']",StillImage,1990s,College of Veterinary Medicine Image Collection,"Stevenson Center Pet Residents, number 081","Feline resident ""Bubba Kitty"" who arrived at the Stevenson Companion Animal Life-Care Center in 1997.",0362-08,Photographs,In copyright - educational use permitted; see http://rightsstatements.org/vocab/InC-EDU/1.0/ for more information,1999-09-14,2022-12-21T16:40:40.795000+00:00,https://api.library.tamu.edu/fcrepo/rest/4a/7d/ff/c4/4a7dffc4-04ec-4e1f-8f9e-ac661b9f328d/cvm-batch-2_objects/82/pages/page_0/files/CVM_0362-8.jpg,,,
reformatted digital,Texas A & M University. College of Veterinary Medicine & Biomedical Sciences,"['College Station', 'Texas']",StillImage,1990s,College of Veterinary Medicine Image Collection,"Playter Retirement, number 15",Dr. Melvin Ray Calliham stands near table while a woman in background applauds.,0524,Photographs,In copyright - educational use permitted; see http://rightsstatements.org/vocab/InC-EDU/1.0/ for more information,1999-06,2022-12-21T17:33:11.014000+00:00,https://api.library.tamu.edu/fcrepo/rest/4a/7d/ff/c4/4a7dffc4-04ec-4e1f-8f9e-ac661b9f328d/cvm-batch-2_objects/315/pages/page_0/files/CVM_0524.jpg,,Photograph taken during June 1999.,
reformatted digital,Texas A & M University. College of Veterinary Medicine & Biomedical Sciences,"['Texas', 'College Station']",StillImage,,College of Veterinary Medicine Image Collection,"Dean Adams, number 04",Richard Adams- Images taken during a conversation or interview.,0440,Photographs,In copyright - educational use permitted; see http://rightsstatements.org/vocab/InC-EDU/1.0/ for more information,,2022-12-21T17:05:34.119000+00:00,https://api.library.tamu.edu/fcrepo/rest/4a/7d/ff/c4/4a7dffc4-04ec-4e1f-8f9e-ac661b9f328d/cvm-batch-2_objects/233/pages/page_0/files/CVM_0440.jpg,,,
reformatted digital,Texas A & M University. College of Veterinary Medicine & Biomedical Sciences,"['College Station', 'Texas']",StillImage,1990s,College of Veterinary Medicine Image Collection,"Stevenson Center Pet Residents, number 034","Canine resident ""Jill,"" one of the original pets to enter the center in 1994.",0360-34,Photographs,In copyright - educational use permitted; see http://rightsstatements.org/vocab/InC-EDU/1.0/ for more information,1999-09-14,2022-12-21T16:08:37.047000+00:00,https://api.library.tamu.edu/fcrepo/rest/4a/7d/ff/c4/4a7dffc4-04ec-4e1f-8f9e-ac661b9f328d/cvm-batch-2_objects/35/pages/page_0/files/CVM_0360-34.jpg,,,
reformatted digital,Texas A & M University. College of Veterinary Medicine & Biomedical Sciences,"['College Station', 'Texas']",StillImage,1990s,College of Veterinary Medicine Image Collection,"Stevenson Center, number 021","Student resident with ""Lovey"" and ""Yummy.""",0364-35,Photographs,In copyright - educational use permitted; see http://rightsstatements.org/vocab/InC-EDU/1.0/ for more information,1999-09-14,2022-12-21T15:56:31.257000+00:00,https://api.library.tamu.edu/fcrepo/rest/4a/7d/ff/c4/4a7dffc4-04ec-4e1f-8f9e-ac661b9f328d/cvm-batch-2_objects/153/pages/page_0/files/CVM_0364-35.jpg,,,
reformatted digital,"['Texas A & M University. College of Veterinary Medicine. Media Resources', 'Texas A & M University. College of Veterinary Medicine & Biomedical Sciences']","['College Station', 'Texas']",StillImage,1990s,College of Veterinary Medicine Image Collection,Equine Hoof Care,Dr. Bill McMullan instructs a student on hoof care while a tech holds horse's lead.,"['0137', '0713']",Photographs,In copyright - educational use permitted; see http://rightsstatements.org/vocab/InC-EDU/1.0/ for more information,1990-05,2022-12-21T18:34:10.954000+00:00,https://api.library.tamu.edu/fcrepo/rest/4a/7d/ff/c4/4a7dffc4-04ec-4e1f-8f9e-ac661b9f328d/cvm-batch-2_objects/495/pages/page_0/files/CVM_0713.jpg,Written on photograph: Equine-Dr. Bill McMullan / student and tech examining horse's foot,Photograph taken during May 1990.,"Rydzewski, Tony"
reformatted digital,Texas A & M University. College of Veterinary Medicine & Biomedical Sciences,,StillImage,,College of Veterinary Medicine Image Collection,"Hunting, number 20",Two unnamed men shake hands while a third man kneels to show the stance of his hunting dog. Shadow of photographer is seen on the ground.,0662,"['Portraits', 'Photographs']",In copyright - educational use permitted; see http://rightsstatements.org/vocab/InC-EDU/1.0/ for more information,,2022-12-21T18:16:52.883000+00:00,https://api.library.tamu.edu/fcrepo/rest/4a/7d/ff/c4/4a7dffc4-04ec-4e1f-8f9e-ac661b9f328d/cvm-batch-2_objects/445/pages/page_0/files/CVM_0662.jpg,,,
reformatted digital,Texas A & M University. College of Veterinary Medicine & Biomedical Sciences,"['College Station', 'Texas']",StillImage,1990s,College of Veterinary Medicine Image Collection,Corps of Cadets,"The Corps of Cadets stand ready during a drill. A&M's Main Drill Field is a testament to the school's beginnings as a military and academic institution, as well as a symbol of Aggies' service to their state and nation.",0554,Photographs,In copyright - educational use permitted; see http://rightsstatements.org/vocab/InC-EDU/1.0/ for more information,1998,2022-12-21T17:43:11.882000+00:00,https://api.library.tamu.edu/fcrepo/rest/4a/7d/ff/c4/4a7dffc4-04ec-4e1f-8f9e-ac661b9f328d/cvm-batch-2_objects/345/pages/page_0/files/CVM_0554.jpg,Written on photograph: Copyright 1998-TAMU photographic Services.,,ADS
reformatted digital,Texas A & M University. College of Veterinary Medicine & Biomedical Sciences,,StillImage,,College of Veterinary Medicine Image Collection,"Hunting, number 03",White truck with grill stand and dog containment on back.,0645,Photographs,In copyright - educational use permitted; see http://rightsstatements.org/vocab/InC-EDU/1.0/ for more information,,2022-12-21T18:11:06.697000+00:00,https://api.library.tamu.edu/fcrepo/rest/4a/7d/ff/c4/4a7dffc4-04ec-4e1f-8f9e-ac661b9f328d/cvm-batch-2_objects/428/pages/page_0/files/CVM_0645.jpg,,,
reformatted digital,Texas A & M University. College of Veterinary Medicine & Biomedical Sciences,"['College Station', 'Texas']",StillImage,2000s,College of Veterinary Medicine Image Collection,"New Paddocks and Hay Barn, number 2",New paddocks and hay barn -21 Nov 03.,0389,Photographs,In copyright - educational use permitted; see http://rightsstatements.org/vocab/InC-EDU/1.0/ for more information,2003-11-21,2022-12-21T16:47:49.530000+00:00,https://api.library.tamu.edu/fcrepo/rest/4a/7d/ff/c4/4a7dffc4-04ec-4e1f-8f9e-ac661b9f328d/cvm-batch-2_objects/180/pages/page_0/files/CVM_0389.jpg,Written on photograph: 2003 New Equine Paddocks and Barns,,
reformatted digital,Texas A & M University. College of Veterinary Medicine & Biomedical Sciences,"['College Station', 'Texas']",StillImage,1990s,College of Veterinary Medicine Image Collection,"Stevenson Center Pet Residents, number 118","Student resident of the Stevenson Companion Animal Life-Care Center, Kathleen Harris bathes brushes Methuselah"" resident feline.",0363-21,Photographs,In copyright - educational use permitted; see http://rightsstatements.org/vocab/InC-EDU/1.0/ for more information,1999-09-14,2022-12-21T15:45:51.667000+00:00,https://api.library.tamu.edu/fcrepo/rest/4a/7d/ff/c4/4a7dffc4-04ec-4e1f-8f9e-ac661b9f328d/cvm-batch-2_objects/119/pages/page_0/files/CVM_0363-21.jpg,,,
reformatted digital,Between 1990 and 1995,"['College Station', 'Texas']",StillImage,1980s,College of Veterinary Medicine Image Collection,Grant From Upjohn,"Rick Escobar (left), of the Upjohn Company, present a five-hundred dollar grant to Darrell Neans (right), the president of the student chapter of the American Veterinary Medical Association.",0420,Photographs,In copyright - educational use permitted; see http://rightsstatements.org/vocab/InC-EDU/1.0/ for more information,1980,2022-12-21T16:58:54.674000+00:00,https://api.library.tamu.edu/fcrepo/rest/4a/7d/ff/c4/4a7dffc4-04ec-4e1f-8f9e-ac661b9f328d/cvm-batch-2_objects/213/pages/page_0/files/CVM_0420.jpg,,,
reformatted digital,Texas A & M University. College of Veterinary Medicine & Biomedical Sciences,"['Texas', 'College Station']",StillImage,1980s,College of Veterinary Medicine Image Collection,"Equine Ear Twitch, number 3",Demonstration of mild restraint.,0492,Photographs,In copyright - educational use permitted; see http://rightsstatements.org/vocab/InC-EDU/1.0/ for more information,1982-01-22,2022-12-21T17:22:36.412000+00:00,https://api.library.tamu.edu/fcrepo/rest/4a/7d/ff/c4/4a7dffc4-04ec-4e1f-8f9e-ac661b9f328d/cvm-batch-2_objects/283/pages/page_0/files/CVM_0492.jpg,"Written on photograph: photograph REQUEST (slip) : Sam Wigington, for the Dept. Large Animal Med. & Surg., TAMU, Breed: Appaloosa, 1 set in B W.",,
reformatted digital,Texas A & M University. College of Veterinary Medicine & Biomedical Sciences,"['College Station', 'Texas']",StillImage,,College of Veterinary Medicine Image Collection,Robert Playter,"Faculty photo of Robert Playter, who was Associate Dean of Clinical and Outreach Programs.","['0106', '0392']","['Portraits', 'Photographs']",In copyright - educational use permitted; see http://rightsstatements.org/vocab/InC-EDU/1.0/ for more information,,2022-12-21T16:48:49.031000+00:00,https://api.library.tamu.edu/fcrepo/rest/4a/7d/ff/c4/4a7dffc4-04ec-4e1f-8f9e-ac661b9f328d/cvm-batch-2_objects/183/pages/page_0/files/CVM_0392.jpg,"Written on photograph: Robert Playter. Faculty photograph. Associate Dean, Clinical and Outreach Programs. Original Medium B&W Neg.",,
reformatted digital,Texas A & M University. College of Veterinary Medicine & Biomedical Sciences,,StillImage,,College of Veterinary Medicine Image Collection,"Hunting, number 17",Richard Adams and an unidentified man are standing in the front grill stand with a hunting dog. Another man is seen behind them in this frame.,0659,"['Photographs', 'Portraits']",In copyright - educational use permitted; see http://rightsstatements.org/vocab/InC-EDU/1.0/ for more information,,2022-12-21T18:15:52.122000+00:00,https://api.library.tamu.edu/fcrepo/rest/4a/7d/ff/c4/4a7dffc4-04ec-4e1f-8f9e-ac661b9f328d/cvm-batch-2_objects/442/pages/page_0/files/CVM_0659.jpg,,,
reformatted digital,Texas A & M University. College of Veterinary Medicine & Biomedical Sciences,"['College Station', 'Texas']",StillImage,1990s,College of Veterinary Medicine Image Collection,"Stevenson Center Pet Residents, number 132","Student resident of the Stevenson Companion Animal Life-Care Center, Kathleen Harris bathes ""Orphan Annie.""",0364-14,Photographs,In copyright - educational use permitted; see http://rightsstatements.org/vocab/InC-EDU/1.0/ for more information,1999-09-14,2022-12-21T15:50:15.423000+00:00,https://api.library.tamu.edu/fcrepo/rest/4a/7d/ff/c4/4a7dffc4-04ec-4e1f-8f9e-ac661b9f328d/cvm-batch-2_objects/133/pages/page_0/files/CVM_0364-14.jpg,,,
reformatted digital,Texas A & M University. College of Veterinary Medicine & Biomedical Sciences,"['College Station', 'Texas']",StillImage,1990s,College of Veterinary Medicine Image Collection,"Canine Amputee, number 3","Mischief, the four-year-old miniature schnauzer, was featured on the first ""The Doc Is In"" segment on television, after having his leg amputated at the Texas A&M University College of Veterinary Medicine. ""The Doc Is In"" was a segment of the Public Broadcasting Service program, ""Cure and Caring,"" that featured the College of Veterinary Medicine. It first aired during the latter's second season in 1999 and was hosted by Dr. Dawn Boothe. This segment featured actual medical cases and discussed how the animals were treated. The show was broadcast from the studios of KAMU at Texas A&M and was produced by TeleVentures Productions.",0671,Photographs,In copyright - educational use permitted; see http://rightsstatements.org/vocab/InC-EDU/1.0/ for more information,1999-09-28,2022-12-21T18:19:56.113000+00:00,https://api.library.tamu.edu/fcrepo/rest/4a/7d/ff/c4/4a7dffc4-04ec-4e1f-8f9e-ac661b9f328d/cvm-batch-2_objects/454/pages/page_0/files/CVM_0671.jpg,,,
reformatted digital,Texas A & M University. College of Veterinary Medicine & Biomedical Sciences,"['College Station', 'Texas']",StillImage,1990s,College of Veterinary Medicine Image Collection,"Playter Retirement, number 10",Dr. Melvin Ray Calliham speaks at the podium.,0519,Photographs,In copyright - educational use permitted; see http://rightsstatements.org/vocab/InC-EDU/1.0/ for more information,1999-06,2022-12-21T17:31:30.906000+00:00,https://api.library.tamu.edu/fcrepo/rest/4a/7d/ff/c4/4a7dffc4-04ec-4e1f-8f9e-ac661b9f328d/cvm-batch-2_objects/310/pages/page_0/files/CVM_0519.jpg,,Photograph taken during June 1999.,
reformatted digital,Texas A & M University. College of Veterinary Medicine & Biomedical Sciences,"['College Station', 'Texas']",StillImage,2000s,College of Veterinary Medicine Image Collection,"Cadet and Horse, number 3",A cadet and a horse share apple.,0489,Photographs,In copyright - educational use permitted; see http://rightsstatements.org/vocab/InC-EDU/1.0/ for more information,Between 2000 and 2007,2022-12-21T17:21:36.670000+00:00,https://api.library.tamu.edu/fcrepo/rest/4a/7d/ff/c4/4a7dffc4-04ec-4e1f-8f9e-ac661b9f328d/cvm-batch-2_objects/280/pages/page_0/files/CVM_0489.jpg,,,
reformatted digital,Texas A & M University. College of Veterinary Medicine & Biomedical Sciences,"['College Station', 'Texas']",StillImage,1990s,College of Veterinary Medicine Image Collection,"Playter Retirement, number 22",Dr. Robert Playter Speaks at podium.,0531,Photographs,In copyright - educational use permitted; see http://rightsstatements.org/vocab/InC-EDU/1.0/ for more information,1999-06,2022-12-21T17:35:30.333000+00:00,https://api.library.tamu.edu/fcrepo/rest/4a/7d/ff/c4/4a7dffc4-04ec-4e1f-8f9e-ac661b9f328d/cvm-batch-2_objects/322/pages/page_0/files/CVM_0531.jpg,,Photograph taken during June 1999.,
reformatted digital,Texas A & M University. College of Veterinary Medicine & Biomedical Sciences,"['College Station', 'Texas']",StillImage,1990s,College of Veterinary Medicine Image Collection,"Womack Reception, number 39",Room full of attendees for Dr. James Womack's reception.,0625,Photographs,In copyright - educational use permitted; see http://rightsstatements.org/vocab/InC-EDU/1.0/ for more information,1999-07-15,2022-12-21T18:04:19.524000+00:00,https://api.library.tamu.edu/fcrepo/rest/4a/7d/ff/c4/4a7dffc4-04ec-4e1f-8f9e-ac661b9f328d/cvm-batch-2_objects/408/pages/page_0/files/CVM_0625.jpg,Written on photograph: Roll 2 frame 4,,
reformatted digital,Texas A & M University. College of Veterinary Medicine & Biomedical Sciences,"['College Station', 'Texas']",StillImage,1980s,College of Veterinary Medicine Image Collection,"Appaloosa, number 08",A woman with a horse.,0505,Photographs,In copyright - educational use permitted; see http://rightsstatements.org/vocab/InC-EDU/1.0/ for more information,1982-01-22,2022-12-21T17:26:51.116000+00:00,https://api.library.tamu.edu/fcrepo/rest/4a/7d/ff/c4/4a7dffc4-04ec-4e1f-8f9e-ac661b9f328d/cvm-batch-2_objects/296/pages/page_0/files/CVM_0505.jpg,"Written on photograph: photograph REQUEST (slip) : Sam Wigington, for the Dept. Large Animal Med. & Surg., TAMU, Breed: Appaloosa, 1 set in B W.",,
reformatted digital,Texas A & M University. College of Veterinary Medicine & Biomedical Sciences,,StillImage,,College of Veterinary Medicine Image Collection,"Hunting, number 09",Three men stand behind the cab of a white truck. Man on the right is Richard Adams.,0651,"['Portraits', 'Photographs']",In copyright - educational use permitted; see http://rightsstatements.org/vocab/InC-EDU/1.0/ for more information,,2022-12-21T18:13:09.359000+00:00,https://api.library.tamu.edu/fcrepo/rest/4a/7d/ff/c4/4a7dffc4-04ec-4e1f-8f9e-ac661b9f328d/cvm-batch-2_objects/434/pages/page_0/files/CVM_0651.jpg,,,
reformatted digital,Texas A & M University. College of Veterinary Medicine & Biomedical Sciences,"['El Paso', 'Texas']",StillImage,1970s,College of Veterinary Medicine Image Collection,Women Shows Award,A woman holds up her 'Mark Francis Award' received during the Texas Veterinary Medical Association Convention held in El Paso during 1972.,0468,Photographs,In copyright - educational use permitted; see http://rightsstatements.org/vocab/InC-EDU/1.0/ for more information,1972,2022-12-21T17:14:41.949000+00:00,https://api.library.tamu.edu/fcrepo/rest/4a/7d/ff/c4/4a7dffc4-04ec-4e1f-8f9e-ac661b9f328d/cvm-batch-2_objects/260/pages/page_0/files/CVM_0468.jpg,,,
reformatted digital,Texas A & M University. College of Veterinary Medicine & Biomedical Sciences,"['College Station', 'Texas']",StillImage,1990s,College of Veterinary Medicine Image Collection,"Stevenson Center Special Events, number 09",Unnamed persons greet Stevenson center resident pets.,0373,Photographs,In copyright - educational use permitted; see http://rightsstatements.org/vocab/InC-EDU/1.0/ for more information,1999-12,2022-12-21T16:00:03.709000+00:00,https://api.library.tamu.edu/fcrepo/rest/4a/7d/ff/c4/4a7dffc4-04ec-4e1f-8f9e-ac661b9f328d/cvm-batch-2_objects/164/pages/page_0/files/CVM_0373.jpg,,Photograph taken during December 1999.,
reformatted digital,Texas A & M University. College of Veterinary Medicine & Biomedical Sciences,"['College Station', 'Texas']",StillImage,1990s,College of Veterinary Medicine Image Collection,"Stevenson Center Pet Residents, number 008","Canine resident ""Lovey"" who arrived at the center in 1998.",0360-08,Photographs,In copyright - educational use permitted; see http://rightsstatements.org/vocab/InC-EDU/1.0/ for more information,1999-09-14,2022-12-21T15:39:34.020000+00:00,https://api.library.tamu.edu/fcrepo/rest/4a/7d/ff/c4/4a7dffc4-04ec-4e1f-8f9e-ac661b9f328d/cvm-batch-2_objects/9/pages/page_0/files/CVM_0360-8.jpg,,,
reformatted digital,Texas A & M University. College of Veterinary Medicine & Biomedical Sciences,"['College Station', 'Texas']",StillImage,1990s,College of Veterinary Medicine Image Collection,"Womack Reception, number 48",Unnamed woman sits in an office area.,0634,Photographs,In copyright - educational use permitted; see http://rightsstatements.org/vocab/InC-EDU/1.0/ for more information,1999-07-15,2022-12-21T18:07:20.939000+00:00,https://api.library.tamu.edu/fcrepo/rest/4a/7d/ff/c4/4a7dffc4-04ec-4e1f-8f9e-ac661b9f328d/cvm-batch-2_objects/417/pages/page_0/files/CVM_0634.jpg,Written on photograph: Roll 2 frame 13,,
reformatted digital,Texas A & M University. College of Veterinary Medicine & Biomedical Sciences,"['Texas', 'College Station']",StillImage,1990s,College of Veterinary Medicine Image Collection,"Playter Retirement, number 02","Dr. David A. Williams, Professor and Head of Small Animal Medicine and Surgery stands at podium.",0511,Photographs,In copyright - educational use permitted; see http://rightsstatements.org/vocab/InC-EDU/1.0/ for more information,1999-06,2022-12-21T17:28:50.103000+00:00,https://api.library.tamu.edu/fcrepo/rest/4a/7d/ff/c4/4a7dffc4-04ec-4e1f-8f9e-ac661b9f328d/cvm-batch-2_objects/302/pages/page_0/files/CVM_0511.jpg,,Photograph taken during June 1999.,
reformatted digital,Texas A & M University. College of Veterinary Medicine & Biomedical Sciences,"['College Station', 'Texas']",StillImage,1990s,College of Veterinary Medicine Image Collection,"Stevenson Center Pet Residents, number 107","Student resident of the Stevenson Companion Animal Life-Care Center, Kathleen Harris bathes ""Orphan Annie.""",0363-10,Photographs,In copyright - educational use permitted; see http://rightsstatements.org/vocab/InC-EDU/1.0/ for more information,1999-09-14,2022-12-21T15:42:24.105000+00:00,https://api.library.tamu.edu/fcrepo/rest/4a/7d/ff/c4/4a7dffc4-04ec-4e1f-8f9e-ac661b9f328d/cvm-batch-2_objects/108/pages/page_0/files/CVM_0363-10.jpg,,,
reformatted digital,Texas A & M University. College of Veterinary Medicine & Biomedical Sciences,"['College Station', 'Texas']",StillImage,1970s,College of Veterinary Medicine Image Collection,"Dr. James W. Dollahite, number 04","Dr. James W. Dollahite and his wife present during the event honoring Dr. Dollahite for outstanding service to his profession, the livestock industry, and all who sought his aid and council.",0481,Photographs,In copyright - educational use permitted; see http://rightsstatements.org/vocab/InC-EDU/1.0/ for more information,1975-01,2022-12-21T17:18:47.863000+00:00,https://api.library.tamu.edu/fcrepo/rest/4a/7d/ff/c4/4a7dffc4-04ec-4e1f-8f9e-ac661b9f328d/cvm-batch-2_objects/272/pages/page_0/files/CVM_0481.jpg,Written on photograph: Dr. James W. Dollahite,Photographed during January 1975.,
reformatted digital,Texas A & M University. College of Veterinary Medicine & Biomedical Sciences,"['College Station', 'Texas']",StillImage,1990s,College of Veterinary Medicine Image Collection,"Stevenson Center, number 008",Cat tower at the Stevenson Companion Animal Life-Care Center.,0364-22,Photographs,In copyright - educational use permitted; see http://rightsstatements.org/vocab/InC-EDU/1.0/ for more information,1999-09-14,2022-12-21T15:52:26.648000+00:00,https://api.library.tamu.edu/fcrepo/rest/4a/7d/ff/c4/4a7dffc4-04ec-4e1f-8f9e-ac661b9f328d/cvm-batch-2_objects/140/pages/page_0/files/CVM_0364-22.jpg,,,
reformatted digital,Texas A & M University. College of Veterinary Medicine & Biomedical Sciences,"['College Station', 'Texas']",StillImage,1990s,College of Veterinary Medicine Image Collection,"Stevenson Center Pet Residents, number 066","Two feline residents of the Stevenson Companion Animal Life-Care Center, (left to right) Priscilla (1997) and Jessica (1998).",0361-30,Photographs,In copyright - educational use permitted; see http://rightsstatements.org/vocab/InC-EDU/1.0/ for more information,1999-09-14,2022-12-21T16:35:54.007000+00:00,https://api.library.tamu.edu/fcrepo/rest/4a/7d/ff/c4/4a7dffc4-04ec-4e1f-8f9e-ac661b9f328d/cvm-batch-2_objects/67/pages/page_0/files/CVM_0361-30.jpg,,,
reformatted digital,Texas A & M University. College of Veterinary Medicine & Biomedical Sciences,"['College Station', 'Texas']",StillImage,1990s,College of Veterinary Medicine Image Collection,"Womack Reception, number 08",Three unnamed women and one man partaking of refreshments at a round table.,0594,Photographs,In copyright - educational use permitted; see http://rightsstatements.org/vocab/InC-EDU/1.0/ for more information,1999-07-15,2022-12-21T17:53:53.098000+00:00,https://api.library.tamu.edu/fcrepo/rest/4a/7d/ff/c4/4a7dffc4-04ec-4e1f-8f9e-ac661b9f328d/cvm-batch-2_objects/377/pages/page_0/files/CVM_0594.jpg,Written on photograph: Roll 1 frame 8,,
reformatted digital,Texas A & M University. College of Veterinary Medicine & Biomedical Sciences,"['College Station', 'Texas']",StillImage,1990s,College of Veterinary Medicine Image Collection,"Stevenson Center Pet Residents, number 093","""Wei-Linn"" a black-mustached parakeet who was the first bird to reside of Stevenson Companion Animal Life-Care Center.",0362-20,Photographs,In copyright - educational use permitted; see http://rightsstatements.org/vocab/InC-EDU/1.0/ for more information,1999-09-14,2022-12-21T16:44:31.206000+00:00,https://api.library.tamu.edu/fcrepo/rest/4a/7d/ff/c4/4a7dffc4-04ec-4e1f-8f9e-ac661b9f328d/cvm-batch-2_objects/94/pages/page_0/files/CVM_0362-20.jpg,,,
reformatted digital,Texas A & M University. College of Veterinary Medicine & Biomedical Sciences,"['Texas', 'College Station']",StillImage,1990s,College of Veterinary Medicine Image Collection,"Stevenson Center Pet Residents, number 096","""Wei-Linn"" a black-mustached parakeet who was the first bird to reside of Stevenson Companion Animal Life-Care Center.",0362-23,Photographs,In copyright - educational use permitted; see http://rightsstatements.org/vocab/InC-EDU/1.0/ for more information,1999-09-14,2022-12-21T16:45:29.073000+00:00,https://api.library.tamu.edu/fcrepo/rest/4a/7d/ff/c4/4a7dffc4-04ec-4e1f-8f9e-ac661b9f328d/cvm-batch-2_objects/97/pages/page_0/files/CVM_0362-23.jpg,,,
reformatted digital,Texas A & M University. College of Veterinary Medicine & Biomedical Sciences,"['College Station', 'Texas']",StillImage,1990s,College of Veterinary Medicine Image Collection,Carolyn K. Wallace,"Carolyn Wallace poses for a faculty photograph. Carolyn K. Wallace, Coordinator for the Office of Continuing Education, retired after more than 20 years of service to Texas A&M University.","['0452', '0108']","['Portraits', 'Photographs']",In copyright - educational use permitted; see http://rightsstatements.org/vocab/InC-EDU/1.0/ for more information,Between 1990 and 1995,2022-12-21T17:09:37.661000+00:00,https://api.library.tamu.edu/fcrepo/rest/4a/7d/ff/c4/4a7dffc4-04ec-4e1f-8f9e-ac661b9f328d/cvm-batch-2_objects/245/pages/page_0/files/CVM_0452.jpg,,,
reformatted digital,Texas A & M University. College of Veterinary Medicine & Biomedical Sciences,"['College Station', 'Texas']",StillImage,1990s,College of Veterinary Medicine Image Collection,"Stevenson Center Pet Residents, number 046","Canine resident ""Orphan Annie,"" who first came to the center in 1997.",0361-10,Photographs,In copyright - educational use permitted; see http://rightsstatements.org/vocab/InC-EDU/1.0/ for more information,1999-09-14,2022-12-21T16:29:29.400000+00:00,https://api.library.tamu.edu/fcrepo/rest/4a/7d/ff/c4/4a7dffc4-04ec-4e1f-8f9e-ac661b9f328d/cvm-batch-2_objects/47/pages/page_0/files/CVM_0361-10.jpg,,,
reformatted digital,Texas A & M University. College of Veterinary Medicine & Biomedical Sciences,"['College Station', 'Texas']",StillImage,,College of Veterinary Medicine Image Collection,"Clinical Hospital Rounds, number 04",Dr. Reid Gorman consults with three unnamed students.,0569,"['Photographs', 'Portraits']",In copyright - educational use permitted; see http://rightsstatements.org/vocab/InC-EDU/1.0/ for more information,,2022-12-21T17:47:14.557000+00:00,https://api.library.tamu.edu/fcrepo/rest/4a/7d/ff/c4/4a7dffc4-04ec-4e1f-8f9e-ac661b9f328d/cvm-batch-2_objects/357/pages/page_0/files/CVM_0569.jpg,,,
reformatted digital,Texas A & M University. College of Veterinary Medicine & Biomedical Sciences,"['College Station', 'Texas']",StillImage,1990s,College of Veterinary Medicine Image Collection,"Stevenson Center Pet Residents, number 061","Feline resident ""Jessica"" who arrived at the Stevenson Companion Animal Life-Care Center in 1998.",0361-25,Photographs,In copyright - educational use permitted; see http://rightsstatements.org/vocab/InC-EDU/1.0/ for more information,1999-09-14,2022-12-21T16:34:18.514000+00:00,https://api.library.tamu.edu/fcrepo/rest/4a/7d/ff/c4/4a7dffc4-04ec-4e1f-8f9e-ac661b9f328d/cvm-batch-2_objects/62/pages/page_0/files/CVM_0361-25.jpg,,,
reformatted digital,Texas A & M University. College of Veterinary Medicine & Biomedical Sciences,"['College Station', 'Texas']",StillImage,1970s,College of Veterinary Medicine Image Collection,Leon H. Russell,"Leon H. Russell writing in a notebook. As of February 2017, Dr. Russell is listed as a Senior Professor in the department of Veterinary Integrative Biosciences. Dr. received a B.S. in animal science at University of Missouri in 1953, and his D.V.M. in 1956 also from University of Missouri. His M.P.H. in epidemiology was earned at Tulane University in 1958. Then in 1965 he received a Ph.D. in microbiology at Texas A&M University. His scholarly interests include; epidemiology, medical mycology, zoonotic diseases (rabies), and food toxicology.",0432,Photographs,In copyright - educational use permitted; see http://rightsstatements.org/vocab/InC-EDU/1.0/ for more information,1970-03,2022-12-21T17:02:52.076000+00:00,https://api.library.tamu.edu/fcrepo/rest/4a/7d/ff/c4/4a7dffc4-04ec-4e1f-8f9e-ac661b9f328d/cvm-batch-2_objects/225/pages/page_0/files/CVM_0432.jpg,Written on photograph: Dr. Russell 3-70,,
reformatted digital,"['Texas A & M University. College of Veterinary Medicine & Biomedical Sciences', 'McCuistion, W. R.']","['College Station', 'Texas']",StillImage,,College of Veterinary Medicine Image Collection,"Texas' Mark Francis: A Gentleman, a Scholar and a Friend","A portrait of Dr. Mark Francis, the first Dean of the Texas A&M School of Veterinary Medicine, with a written introduction by Dr. W. R. McCuistion from Fort Worth, Texas, for a program honoring Dr. Francis.",0404-A,"['Portraits', 'Photographs']",In copyright - educational use permitted; see http://rightsstatements.org/vocab/InC-EDU/1.0/ for more information,,2022-12-21T16:52:53.436000+00:00,https://api.library.tamu.edu/fcrepo/rest/4a/7d/ff/c4/4a7dffc4-04ec-4e1f-8f9e-ac661b9f328d/cvm-batch-2_objects/195/pages/page_0/files/CVM_0404-a.jpg,"Written on photograph: Doctor Mark Francis, Ohio '87, College Station, Texas.""",,
reformatted digital,Texas A & M University. College of Veterinary Medicine & Biomedical Sciences,"['College Station', 'Texas']",StillImage,1990s,College of Veterinary Medicine Image Collection,"Womack Reception, number 11",Dr. James N. Derr takes over the microphone.,0597,Photographs,In copyright - educational use permitted; see http://rightsstatements.org/vocab/InC-EDU/1.0/ for more information,1999-07-15,2022-12-21T17:54:53.605000+00:00,https://api.library.tamu.edu/fcrepo/rest/4a/7d/ff/c4/4a7dffc4-04ec-4e1f-8f9e-ac661b9f328d/cvm-batch-2_objects/380/pages/page_0/files/CVM_0597.jpg,Written on photograph: Roll 1 frame 19,,
reformatted digital,Texas A & M University. College of Veterinary Medicine & Biomedical Sciences,"['College Station', 'Texas']",StillImage,1990s,College of Veterinary Medicine Image Collection,"Womack Reception, number 03",Group of people are lined up at the refreshment table while four ladies serve cake and punch.,0589,Photographs,In copyright - educational use permitted; see http://rightsstatements.org/vocab/InC-EDU/1.0/ for more information,1999-07-15,2022-12-21T17:52:12.734000+00:00,https://api.library.tamu.edu/fcrepo/rest/4a/7d/ff/c4/4a7dffc4-04ec-4e1f-8f9e-ac661b9f328d/cvm-batch-2_objects/372/pages/page_0/files/CVM_0589.jpg,Written on photograph: Roll 1 frame 2,,
reformatted digital,Texas A & M University. College of Veterinary Medicine & Biomedical Sciences,"['College Station', 'Texas']",StillImage,1990s,College of Veterinary Medicine Image Collection,"Stevenson Center Pet Residents, number 077","Feline resident ""Bubba Kitty"" who arrived at the Stevenson Companion Animal Life-Care Center in 1997.",0362-04,Photographs,In copyright - educational use permitted; see http://rightsstatements.org/vocab/InC-EDU/1.0/ for more information,1999-09-14,2022-12-21T16:39:24.205000+00:00,https://api.library.tamu.edu/fcrepo/rest/4a/7d/ff/c4/4a7dffc4-04ec-4e1f-8f9e-ac661b9f328d/cvm-batch-2_objects/78/pages/page_0/files/CVM_0362-4.jpg,,,
reformatted digital,Texas A & M University. College of Veterinary Medicine & Biomedical Sciences,"['College Station', 'Texas']",StillImage,1970s,College of Veterinary Medicine Image Collection,Charles H. Bridges,"Photo of Dr. Charles H. Bridges. Dr. Charles H. Bridges attended Texas A&M University and graduated in 1945 with a degree in veterinary medicine. In 1954, he continued his graduate work at A&M and Walter Reed Armed Force Institute of Pathology receiving his Ph.D. in veterinary pathology in 1957.",0429,Photographs,In copyright - educational use permitted; see http://rightsstatements.org/vocab/InC-EDU/1.0/ for more information,1970-03,2022-12-21T17:01:53.454000+00:00,https://api.library.tamu.edu/fcrepo/rest/4a/7d/ff/c4/4a7dffc4-04ec-4e1f-8f9e-ac661b9f328d/cvm-batch-2_objects/222/pages/page_0/files/CVM_0429.jpg,Written on photograph: Bridges 3-70,,
reformatted digital,Texas A & M University. College of Veterinary Medicine & Biomedical Sciences,"['College Station', 'Texas']",StillImage,1990s,College of Veterinary Medicine Image Collection,"Stevenson Center Pet Residents, number 041","Canine resident ""Orphan Annie,"" who first came to the center in 1997.",0361-05,Photographs,In copyright - educational use permitted; see http://rightsstatements.org/vocab/InC-EDU/1.0/ for more information,1999-09-14,2022-12-21T16:27:53.921000+00:00,https://api.library.tamu.edu/fcrepo/rest/4a/7d/ff/c4/4a7dffc4-04ec-4e1f-8f9e-ac661b9f328d/cvm-batch-2_objects/42/pages/page_0/files/CVM_0361-5.jpg,,,
reformatted digital,Texas A & M University. College of Veterinary Medicine & Biomedical Sciences,"['Texas', 'College Station']",StillImage,,College of Veterinary Medicine Image Collection,"Dean Adams, number 05",Richard Adams- Images taken during a conversation or interview.,0441,Photographs,In copyright - educational use permitted; see http://rightsstatements.org/vocab/InC-EDU/1.0/ for more information,,2022-12-21T17:05:54.325000+00:00,https://api.library.tamu.edu/fcrepo/rest/4a/7d/ff/c4/4a7dffc4-04ec-4e1f-8f9e-ac661b9f328d/cvm-batch-2_objects/234/pages/page_0/files/CVM_0441.jpg,,,
reformatted digital,Texas A & M University. College of Veterinary Medicine & Biomedical Sciences,"['College Station', 'Texas']",StillImage,1990s,College of Veterinary Medicine Image Collection,"Stevenson Center Pet Residents, number 002",Two canine residents of the Stevenson Companion Animal Life-Care Center; (Front to back) Algernon (1997) and Chip (1998).,0360-02,Photographs,In copyright - educational use permitted; see http://rightsstatements.org/vocab/InC-EDU/1.0/ for more information,1999-09-14,2022-12-21T15:37:41.159000+00:00,https://api.library.tamu.edu/fcrepo/rest/4a/7d/ff/c4/4a7dffc4-04ec-4e1f-8f9e-ac661b9f328d/cvm-batch-2_objects/3/pages/page_0/files/CVM_0360-2.jpg,,,
reformatted digital,"['Texas A & M University. College of Veterinary Medicine & Biomedical Sciences', 'Texas A & M University Graphic Services']","['College Station', 'Texas']",StillImage,1990s,College of Veterinary Medicine Image Collection,Students gather outdoors,Three female students relax on the campus of Texas A&M University between classes.,0702,Photographs,In copyright - educational use permitted; see http://rightsstatements.org/vocab/InC-EDU/1.0/ for more information,1997,2022-12-21T18:30:19.850000+00:00,https://api.library.tamu.edu/fcrepo/rest/4a/7d/ff/c4/4a7dffc4-04ec-4e1f-8f9e-ac661b9f328d/cvm-batch-2_objects/484/pages/page_0/files/CVM_0702.jpg,Written on photograph: Copyright 1996. File#97-149. Neg. 20,,"Lyle, James"
reformatted digital,Texas A & M University. College of Veterinary Medicine & Biomedical Sciences,"['Texas', 'College Station']",StillImage,1990s,College of Veterinary Medicine Image Collection,"Stevenson Center Pet Residents, number 053","Feline resident ""Jessica"" who arrived at the Stevenson Companion Animal Life-Care Center in 1998.",0361-17,Photographs,In copyright - educational use permitted; see http://rightsstatements.org/vocab/InC-EDU/1.0/ for more information,1999-09-14,2022-12-21T16:31:45.336000+00:00,https://api.library.tamu.edu/fcrepo/rest/4a/7d/ff/c4/4a7dffc4-04ec-4e1f-8f9e-ac661b9f328d/cvm-batch-2_objects/54/pages/page_0/files/CVM_0361-17.jpg,,,
reformatted digital,Texas A & M University. College of Veterinary Medicine & Biomedical Sciences,"['College Station', 'Texas']",StillImage,1990s,College of Veterinary Medicine Image Collection,"Stevenson Center Pet Residents, number 101","Student resident of the Stevenson Companion Animal Life-Care Center, Kathleen Harris bathes ""Orphan Annie.""",0363-04,Photographs,In copyright - educational use permitted; see http://rightsstatements.org/vocab/InC-EDU/1.0/ for more information,1999-09-14,2022-12-21T15:40:30.597000+00:00,https://api.library.tamu.edu/fcrepo/rest/4a/7d/ff/c4/4a7dffc4-04ec-4e1f-8f9e-ac661b9f328d/cvm-batch-2_objects/102/pages/page_0/files/CVM_0363-4.jpg,,,
reformatted digital,Texas A & M University. College of Veterinary Medicine & Biomedical Sciences,"['Texas', 'College Station']",StillImage,1990s,College of Veterinary Medicine Image Collection,"Stevenson Center Pet Residents, number 039","Canine resident ""Orphan Annie,"" who first came to the center in 1997.",0361-03,Photographs,In copyright - educational use permitted; see http://rightsstatements.org/vocab/InC-EDU/1.0/ for more information,1999-09-14,2022-12-21T18:35:08.594000+00:00,https://api.library.tamu.edu/fcrepo/rest/4a/7d/ff/c4/4a7dffc4-04ec-4e1f-8f9e-ac661b9f328d/cvm-batch-2_objects/496/pages/page_0/files/CVM_0361-3.jpg,,,
reformatted digital,Texas A & M University. College of Veterinary Medicine & Biomedical Sciences,"['College Station', 'Texas']",StillImage,2000s,College of Veterinary Medicine Image Collection,Womack Wins Wolf Prize 06,"Dr. Womack and a younger unnamed man are seated to the left of the speaker, President Bowen.",0561,Photographs,In copyright - educational use permitted; see http://rightsstatements.org/vocab/InC-EDU/1.0/ for more information,2001,2022-12-21T17:45:33.299000+00:00,https://api.library.tamu.edu/fcrepo/rest/4a/7d/ff/c4/4a7dffc4-04ec-4e1f-8f9e-ac661b9f328d/cvm-batch-2_objects/352/pages/page_0/files/CVM_0561.jpg,,,
reformatted digital,Texas A & M University. College of Veterinary Medicine & Biomedical Sciences,"['College Station', 'Texas']",StillImage,1990s,College of Veterinary Medicine Image Collection,"Clinical Hospital Rounds, number 11","Seven people meet around a table. Left to right: unnamed man, Dr. Allen J. Roussel Jr., unnamed female, unnamed man, Dr. David Duton, librarian Joe Jaros, and unnamed woman.",0576,Photographs,In copyright - educational use permitted; see http://rightsstatements.org/vocab/InC-EDU/1.0/ for more information,Between 1995 and 2000,2022-12-21T17:49:33.681000+00:00,https://api.library.tamu.edu/fcrepo/rest/4a/7d/ff/c4/4a7dffc4-04ec-4e1f-8f9e-ac661b9f328d/cvm-batch-2_objects/364/pages/page_0/files/CVM_0576.jpg,,,
reformatted digital,Texas A & M University. College of Veterinary Medicine & Biomedical Sciences,"['Texas', 'College Station']",StillImage,1990s,College of Veterinary Medicine Image Collection,"Stevenson Center Pet Residents, number 050","Canine resident ""Orphan Annie,"" who first came to the center in 1997.",0361-14,Photographs,In copyright - educational use permitted; see http://rightsstatements.org/vocab/InC-EDU/1.0/ for more information,1999-09-14,2022-12-21T16:30:46.988000+00:00,https://api.library.tamu.edu/fcrepo/rest/4a/7d/ff/c4/4a7dffc4-04ec-4e1f-8f9e-ac661b9f328d/cvm-batch-2_objects/51/pages/page_0/files/CVM_0361-14.jpg,,,
reformatted digital,Texas A & M University. College of Veterinary Medicine & Biomedical Sciences,"['Texas', 'College Station']",StillImage,1990s,College of Veterinary Medicine Image Collection,Dr. Duane Kraemer-Embryo Research,Publicity photograph of Dr. Duane Kraemer holding an instrument over a container where embryos are stored. Dr. Kraemer worked as the Senior Professor in the Reproductive Sciences Lab and lead several highly publicized research projects.,0421,Photographs,In copyright - educational use permitted; see http://rightsstatements.org/vocab/InC-EDU/1.0/ for more information,1998,2022-12-21T16:59:14.843000+00:00,https://api.library.tamu.edu/fcrepo/rest/4a/7d/ff/c4/4a7dffc4-04ec-4e1f-8f9e-ac661b9f328d/cvm-batch-2_objects/214/pages/page_0/files/CVM_0421.jpg,Written on photograph: Dr. Duane Kramer,,
reformatted digital,Texas A & M University. College of Veterinary Medicine & Biomedical Sciences,,StillImage,,College of Veterinary Medicine Image Collection,"Hunting, number 04","An unidentified man on the left with Dr. Richard Adams on the right, with tangled wire stand in front of white truck.",0646,Photographs,In copyright - educational use permitted; see http://rightsstatements.org/vocab/InC-EDU/1.0/ for more information,,2022-12-21T18:11:27.203000+00:00,https://api.library.tamu.edu/fcrepo/rest/4a/7d/ff/c4/4a7dffc4-04ec-4e1f-8f9e-ac661b9f328d/cvm-batch-2_objects/429/pages/page_0/files/CVM_0646.jpg,,,
reformatted digital,Texas A & M University. College of Veterinary Medicine & Biomedical Sciences,"['College Station', 'Texas']",StillImage,1990s,College of Veterinary Medicine Image Collection,"Stevenson Center, number 006","Ellie Greenbaum with unnamed woman and pets The Stevenson Companion Animal Life-Care Center provides the physical, emotional, and medical needs of companion animals whose owners are no longer able to provide that care. Clients of the center include pet owners who want to assure their pet's future prior to entering a retirement home, being hospitalized for an extended period, or predeceasing a pet.",0364-20,Photographs,In copyright - educational use permitted; see http://rightsstatements.org/vocab/InC-EDU/1.0/ for more information,1999-09-14,2022-12-21T15:51:49.086000+00:00,https://api.library.tamu.edu/fcrepo/rest/4a/7d/ff/c4/4a7dffc4-04ec-4e1f-8f9e-ac661b9f328d/cvm-batch-2_objects/138/pages/page_0/files/CVM_0364-20.jpg,,,
reformatted digital,Texas A & M University. College of Veterinary Medicine & Biomedical Sciences,"['College Station', 'Texas']",StillImage,1990s,College of Veterinary Medicine Image Collection,"Karla Bludworth Enrichment Funds, number 2","Dr. Claudia Barton (left) and Karla Bludworth of Hockley, Texas (right), along with ""Wheeler-Dealer"" the miniature horse stand outside the Large Animal Hospital building. Ms. Bludworth gifted $100,000 to the College of Veterinary Medicine for the caring service provided to her cat ""Sylvester"" and her miniature horse ""Wheeler Dealer.""",0678,Photographs,In copyright - educational use permitted; see http://rightsstatements.org/vocab/InC-EDU/1.0/ for more information,1999-09-28,2022-12-21T18:22:16.736000+00:00,https://api.library.tamu.edu/fcrepo/rest/4a/7d/ff/c4/4a7dffc4-04ec-4e1f-8f9e-ac661b9f328d/cvm-batch-2_objects/461/pages/page_0/files/CVM_0678.jpg,,,
reformatted digital,Texas A & M University. College of Veterinary Medicine & Biomedical Sciences,"['College Station', 'Texas']",StillImage,,College of Veterinary Medicine Image Collection,"Clinical Hospital Rounds, number 08",Four people outside a horse stall. Man on left end in Dr. Joseph R. Joyce and the man on the right with head turned toward female is Dr. James Baggs.,0573,Photographs,In copyright - educational use permitted; see http://rightsstatements.org/vocab/InC-EDU/1.0/ for more information,,2022-12-21T17:48:33.830000+00:00,https://api.library.tamu.edu/fcrepo/rest/4a/7d/ff/c4/4a7dffc4-04ec-4e1f-8f9e-ac661b9f328d/cvm-batch-2_objects/361/pages/page_0/files/CVM_0573.jpg,,,
reformatted digital,Texas A & M University. College of Veterinary Medicine & Biomedical Sciences,"['Texas', 'College Station']",StillImage,1990s,College of Veterinary Medicine Image Collection,"Playter Retirement, number 11",Dr. Playter speaks with Norberto F. Espitia while standing to the right of the podium.,0520,Photographs,In copyright - educational use permitted; see http://rightsstatements.org/vocab/InC-EDU/1.0/ for more information,1999-06,2022-12-21T17:31:50.786000+00:00,https://api.library.tamu.edu/fcrepo/rest/4a/7d/ff/c4/4a7dffc4-04ec-4e1f-8f9e-ac661b9f328d/cvm-batch-2_objects/311/pages/page_0/files/CVM_0520.jpg,,Photograph taken during June 1999.,
reformatted digital,Texas A & M University. College of Veterinary Medicine & Biomedical Sciences,"['College Station', 'Texas']",StillImage,1990s,College of Veterinary Medicine Image Collection,"Stevenson Center Pet Residents, number 030","Canine resident ""Jill,"" one of the original pets to enter the center in 1994.",0360-30,Photographs,In copyright - educational use permitted; see http://rightsstatements.org/vocab/InC-EDU/1.0/ for more information,1999-09-14,2022-12-21T16:07:21.005000+00:00,https://api.library.tamu.edu/fcrepo/rest/4a/7d/ff/c4/4a7dffc4-04ec-4e1f-8f9e-ac661b9f328d/cvm-batch-2_objects/31/pages/page_0/files/CVM_0360-30.jpg,,,
reformatted digital,Texas A & M University. College of Veterinary Medicine & Biomedical Sciences,"['College Station', 'Texas']",StillImage,1990s,College of Veterinary Medicine Image Collection,"Womack Reception, number 40",Dr. Loren C. Skow speaks with Dr. Womack and Roger R. Smith can be seen in the background standing near the white wall.,0626,Photographs,In copyright - educational use permitted; see http://rightsstatements.org/vocab/InC-EDU/1.0/ for more information,1999-07-15,2022-12-21T18:04:39.728000+00:00,https://api.library.tamu.edu/fcrepo/rest/4a/7d/ff/c4/4a7dffc4-04ec-4e1f-8f9e-ac661b9f328d/cvm-batch-2_objects/409/pages/page_0/files/CVM_0626.jpg,Written on photograph: Roll 2 frame 5,,
reformatted digital,"['Texas A & M University. College of Veterinary Medicine. Media Resources', 'Texas A & M University. College of Veterinary Medicine & Biomedical Sciences']","['College Station', 'Texas']",StillImage,,College of Veterinary Medicine Image Collection,Receiving Mail at Texas Veterinary Medical Diagnostic Laboratory,Technicians at the Texas Veterinary Medical Diagnostic Laboratory open daily incoming mail.,"['0709', '0086']",Photographs,In copyright - educational use permitted; see http://rightsstatements.org/vocab/InC-EDU/1.0/ for more information,,2022-12-21T18:32:45.586000+00:00,https://api.library.tamu.edu/fcrepo/rest/4a/7d/ff/c4/4a7dffc4-04ec-4e1f-8f9e-ac661b9f328d/cvm-batch-2_objects/491/pages/page_0/files/CVM_0709.jpg,"Written on photograph: ""TVMDL-Receiving; Techs open days packages in receiving at TVMDL. From original Color Slide.""",,
reformatted digital,Texas A & M University. College of Veterinary Medicine & Biomedical Sciences,,StillImage,,College of Veterinary Medicine Image Collection,"Hunting, number 16","Two men stand in truck behind the cab, while one is seated in the mounted hunting stand.",0658,"['Photographs', 'Portraits']",In copyright - educational use permitted; see http://rightsstatements.org/vocab/InC-EDU/1.0/ for more information,,2022-12-21T18:15:31.526000+00:00,https://api.library.tamu.edu/fcrepo/rest/4a/7d/ff/c4/4a7dffc4-04ec-4e1f-8f9e-ac661b9f328d/cvm-batch-2_objects/441/pages/page_0/files/CVM_0658.jpg,,,
reformatted digital,Texas A & M University. College of Veterinary Medicine & Biomedical Sciences,"['Texas', 'College Station']",StillImage,1990s,College of Veterinary Medicine Image Collection,"1995 Bonfire, number 1",The 1995 Bonfire would be the one of the last few to burn before the tragic collapse of Bonfire 1999. The Aggie Bonfire was a Texas A&M tradition from 1909 until the last official one in 1998.,0550,Photographs,In copyright - educational use permitted; see http://rightsstatements.org/vocab/InC-EDU/1.0/ for more information,1995,2022-12-21T17:41:51.546000+00:00,https://api.library.tamu.edu/fcrepo/rest/4a/7d/ff/c4/4a7dffc4-04ec-4e1f-8f9e-ac661b9f328d/cvm-batch-2_objects/341/pages/page_0/files/CVM_0550.jpg,Written on photograph: Copyright 1996-TAMU photographic Services.,,"Kellett, Michael"
reformatted digital,Texas A & M University. College of Veterinary Medicine & Biomedical Sciences,"['Arlington', 'Texas']",StillImage,1940s,College of Veterinary Medicine Image Collection,"Two Veterinarians, number 1","Dr. Don Farrell (left) and Dr. Joseph Milton Farrell Jr. (right), veterinarians at their newly opened animal hospital are shown in this picture standing on either side of a picture of a horse in the reception area.",0486,Photographs,In copyright - educational use permitted; see http://rightsstatements.org/vocab/InC-EDU/1.0/ for more information,1948,2022-12-21T17:20:32.719000+00:00,https://api.library.tamu.edu/fcrepo/rest/4a/7d/ff/c4/4a7dffc4-04ec-4e1f-8f9e-ac661b9f328d/cvm-batch-2_objects/277/pages/page_0/files/CVM_0486.jpg,,,
reformatted digital,Texas A & M University. College of Veterinary Medicine & Biomedical Sciences,"['College Station', 'Texas']",StillImage,1990s,College of Veterinary Medicine Image Collection,"Stevenson Center Pet Residents, number 126","Student resident of the Stevenson Companion Animal Life-Care Center, Kathleen Harris bathes ""Orphan Annie.""",0364-08,Photographs,In copyright - educational use permitted; see http://rightsstatements.org/vocab/InC-EDU/1.0/ for more information,1999-09-14,2022-12-21T15:48:22.546000+00:00,https://api.library.tamu.edu/fcrepo/rest/4a/7d/ff/c4/4a7dffc4-04ec-4e1f-8f9e-ac661b9f328d/cvm-batch-2_objects/127/pages/page_0/files/CVM_0364-8.jpg,,,
reformatted digital,Texas A & M University. College of Veterinary Medicine & Biomedical Sciences,,StillImage,,College of Veterinary Medicine Image Collection,"Hunting, number 25",Two unnamed men and one hunting dog. Shadow of photographer is seen on the ground.,0667,"['Portraits', 'Photographs']",In copyright - educational use permitted; see http://rightsstatements.org/vocab/InC-EDU/1.0/ for more information,,2022-12-21T18:18:35.095000+00:00,https://api.library.tamu.edu/fcrepo/rest/4a/7d/ff/c4/4a7dffc4-04ec-4e1f-8f9e-ac661b9f328d/cvm-batch-2_objects/450/pages/page_0/files/CVM_0667.jpg,,,
reformatted digital,Texas A & M University. College of Veterinary Medicine & Biomedical Sciences,"['College Station', 'Texas']",StillImage,1990s,College of Veterinary Medicine Image Collection,"Womack Reception, number 20","Dr. E. Murl Bailey, Jr. addresses the reception attendees.",0606,Photographs,In copyright - educational use permitted; see http://rightsstatements.org/vocab/InC-EDU/1.0/ for more information,1999-07-15,2022-12-21T17:57:53.801000+00:00,https://api.library.tamu.edu/fcrepo/rest/4a/7d/ff/c4/4a7dffc4-04ec-4e1f-8f9e-ac661b9f328d/cvm-batch-2_objects/389/pages/page_0/files/CVM_0606.jpg,Written on photograph: Roll 1 frame 16,,
reformatted digital,Texas A & M University. College of Veterinary Medicine & Biomedical Sciences,"['College Station', 'Texas']",StillImage,1990s,College of Veterinary Medicine Image Collection,"Womack Reception, number 35","Three people attending Dr. Womack's reception. Left to right are: Mary Jewell, unnamed man, and unnamed man.",0621,Photographs,In copyright - educational use permitted; see http://rightsstatements.org/vocab/InC-EDU/1.0/ for more information,1999-07-15,2022-12-21T18:02:59.202000+00:00,https://api.library.tamu.edu/fcrepo/rest/4a/7d/ff/c4/4a7dffc4-04ec-4e1f-8f9e-ac661b9f328d/cvm-batch-2_objects/404/pages/page_0/files/CVM_0621.jpg,Written on photograph: Roll 1 frame 35,,
reformatted digital,Texas A & M University. College of Veterinary Medicine & Biomedical Sciences,"['College Station', 'Texas']",StillImage,1990s,College of Veterinary Medicine Image Collection,"Stevenson Center Pet Residents, number 015","Canine resident ""Chip"" who arrived at the center in 1998.",0360-15,Photographs,In copyright - educational use permitted; see http://rightsstatements.org/vocab/InC-EDU/1.0/ for more information,1999-09-14,2022-12-21T15:36:05.064000+00:00,https://api.library.tamu.edu/fcrepo/rest/4a/7d/ff/c4/4a7dffc4-04ec-4e1f-8f9e-ac661b9f328d/cvm-batch-2_objects/16/pages/page_0/files/CVM_0360-15.jpg,,,
reformatted digital,Texas A & M University. College of Veterinary Medicine & Biomedical Sciences,"['College Station', 'Texas']",StillImage,,College of Veterinary Medicine Image Collection,Texas Veterinary Medical Diagnostic Laboratory Administrators,"Four men stand in front of the Texas Veterinary Medical Diagnostic Laboratory Building. The man on the far right is Dr. William Sippel, the lab's Director. The man on the far left is Dean Alvin Price and standing next to Dr. Price is Roy B. England. From left to right is, Dr. Alvin Price, Roy B. England, Unknown, and W. L. Sippel, Executive Director, Texas Veterinary Medical Diagnostic Laboratory.",0464,"['Portraits', 'Photographs']",In copyright - educational use permitted; see http://rightsstatements.org/vocab/InC-EDU/1.0/ for more information,,2022-12-21T17:13:41.190000+00:00,https://api.library.tamu.edu/fcrepo/rest/4a/7d/ff/c4/4a7dffc4-04ec-4e1f-8f9e-ac661b9f328d/cvm-batch-2_objects/257/pages/page_0/files/CVM_0464.jpg,,,
reformatted digital,Texas A & M University. College of Veterinary Medicine & Biomedical Sciences,"['College Station', 'Texas']",StillImage,1990s,College of Veterinary Medicine Image Collection,"Womack Reception, number 47",Unnamed woman sits in an office area.,0633,Photographs,In copyright - educational use permitted; see http://rightsstatements.org/vocab/InC-EDU/1.0/ for more information,1999-07-15,2022-12-21T18:07:00.374000+00:00,https://api.library.tamu.edu/fcrepo/rest/4a/7d/ff/c4/4a7dffc4-04ec-4e1f-8f9e-ac661b9f328d/cvm-batch-2_objects/416/pages/page_0/files/CVM_0633.jpg,Written on photograph: Roll 2 frame 12,,
reformatted digital,Texas A & M University. College of Veterinary Medicine & Biomedical Sciences,"['College Station', 'Texas']",StillImage,1980s,College of Veterinary Medicine Image Collection,"Appaloosa, number 04",A woman with a horse.,0501,Photographs,In copyright - educational use permitted; see http://rightsstatements.org/vocab/InC-EDU/1.0/ for more information,1982-01-22,2022-12-21T17:25:32.885000+00:00,https://api.library.tamu.edu/fcrepo/rest/4a/7d/ff/c4/4a7dffc4-04ec-4e1f-8f9e-ac661b9f328d/cvm-batch-2_objects/292/pages/page_0/files/CVM_0501.jpg,"Written on photograph: photograph REQUEST (slip) : Sam Wigington, for the Dept. Large Animal Med. & Surg., TAMU, Breed: Appaloosa, 1 set in B W.",,
reformatted digital,Texas A & M University. College of Veterinary Medicine & Biomedical Sciences,"['College Station', 'Texas']",StillImage,1990s,College of Veterinary Medicine Image Collection,"Stevenson Center Pet Residents, number 069","Feline resident ""Priscilla"" who arrived at the Stevenson Companion Animal Life-Care Center in 1997.",0361-33,Photographs,In copyright - educational use permitted; see http://rightsstatements.org/vocab/InC-EDU/1.0/ for more information,1999-09-14,2022-12-21T16:36:51.277000+00:00,https://api.library.tamu.edu/fcrepo/rest/4a/7d/ff/c4/4a7dffc4-04ec-4e1f-8f9e-ac661b9f328d/cvm-batch-2_objects/70/pages/page_0/files/CVM_0361-33.jpg,,,
reformatted digital,Texas A & M University. College of Veterinary Medicine & Biomedical Sciences,,StillImage,,College of Veterinary Medicine Image Collection,"Hunting, number 05",Three men under awning of camp house. Camper trailer and pickup shown in photo.,0647,Photographs,In copyright - educational use permitted; see http://rightsstatements.org/vocab/InC-EDU/1.0/ for more information,,2022-12-21T18:11:47.336000+00:00,https://api.library.tamu.edu/fcrepo/rest/4a/7d/ff/c4/4a7dffc4-04ec-4e1f-8f9e-ac661b9f328d/cvm-batch-2_objects/430/pages/page_0/files/CVM_0647.jpg,,,
reformatted digital,Texas A & M University. College of Veterinary Medicine & Biomedical Sciences,"['Del Norte', 'Colorado']",StillImage,1990s,College of Veterinary Medicine Image Collection,Frisco Creek Wildlife Rehab Center,"Dr. Herman F. Dieterich, TAMU '50, holds a sedated lynx kitten. Dr. Herman F. Dieterich was a graduate of Texas A&M University in 1950 and supplemented his education in 1952 at the University of Texas. He was a clinical assistant professor in pathology at the University of Texas in 1980. He retired from private practice in the Dallas area on May 1, 1986 and with his wife Susan moved to southern Colorado. In 1989 Herman and Susan opened the Frisco Creek Wildlife Rehabilitation Center. Dr. Dieterich died April 28, 2003.",0639,Photographs,In copyright - educational use permitted; see http://rightsstatements.org/vocab/InC-EDU/1.0/ for more information,1999-04-02,2022-12-21T18:09:04.295000+00:00,https://api.library.tamu.edu/fcrepo/rest/4a/7d/ff/c4/4a7dffc4-04ec-4e1f-8f9e-ac661b9f328d/cvm-batch-2_objects/422/pages/page_0/files/CVM_0639.jpg,,,
reformatted digital,Texas A & M University. College of Veterinary Medicine & Biomedical Sciences,"['College Station', 'Texas']",StillImage,1990s,College of Veterinary Medicine Image Collection,"Stevenson Center Special Events, number 05","Dr. Presnal (behind), and (left to right) Ellie Greenbaum with ""Jill,"" Kathleen Harris and unnamed woman pose during a holiday celebration.",0369,Photographs,In copyright - educational use permitted; see http://rightsstatements.org/vocab/InC-EDU/1.0/ for more information,1999-12,2022-12-21T15:58:46.002000+00:00,https://api.library.tamu.edu/fcrepo/rest/4a/7d/ff/c4/4a7dffc4-04ec-4e1f-8f9e-ac661b9f328d/cvm-batch-2_objects/160/pages/page_0/files/CVM_0369.jpg,,Photograph taken during December 1999.,
reformatted digital,Texas A & M University. College of Veterinary Medicine & Biomedical Sciences,"['College Station', 'Texas']",StillImage,1990s,College of Veterinary Medicine Image Collection,"Stevenson Center Pet Residents, number 062","Feline resident ""Jessica"" who arrived at the Stevenson Companion Animal Life-Care Center in 1998.",0361-26,Photographs,In copyright - educational use permitted; see http://rightsstatements.org/vocab/InC-EDU/1.0/ for more information,1999-09-14,2022-12-21T16:34:37.592000+00:00,https://api.library.tamu.edu/fcrepo/rest/4a/7d/ff/c4/4a7dffc4-04ec-4e1f-8f9e-ac661b9f328d/cvm-batch-2_objects/63/pages/page_0/files/CVM_0361-26.jpg,,,
reformatted digital,Texas A & M University. College of Veterinary Medicine & Biomedical Sciences,"['College Station', 'Texas']",StillImage,1990s,College of Veterinary Medicine Image Collection,"Womack Reception, number 34","Four men stand in the foreground with other reception attendees in the background. Shown left to right: unnamed man, Dr. Richard H. Adams, unnamed man, Dr. E. Murl Bailey.",0620,Photographs,In copyright - educational use permitted; see http://rightsstatements.org/vocab/InC-EDU/1.0/ for more information,1999-07-15,2022-12-21T18:02:39.166000+00:00,https://api.library.tamu.edu/fcrepo/rest/4a/7d/ff/c4/4a7dffc4-04ec-4e1f-8f9e-ac661b9f328d/cvm-batch-2_objects/403/pages/page_0/files/CVM_0620.jpg,Written on photograph: Roll 1 frame 34,,
reformatted digital,Texas A & M University. College of Veterinary Medicine & Biomedical Sciences,"['College Station', 'Texas']",StillImage,1990s,College of Veterinary Medicine Image Collection,"Womack Reception, number 04",Dr. Womack is shown speaking with an unnamed man.,0590,Photographs,In copyright - educational use permitted; see http://rightsstatements.org/vocab/InC-EDU/1.0/ for more information,1999-07-15,2022-12-21T17:52:32.612000+00:00,https://api.library.tamu.edu/fcrepo/rest/4a/7d/ff/c4/4a7dffc4-04ec-4e1f-8f9e-ac661b9f328d/cvm-batch-2_objects/373/pages/page_0/files/CVM_0590.jpg,Written on photograph: Roll 1 frame 4,,
reformatted digital,Texas A & M University. College of Veterinary Medicine & Biomedical Sciences,"['College Station', 'Texas']",StillImage,1990s,College of Veterinary Medicine Image Collection,"Playter Retirement, number 29",Dr. Playter converse with a group of unnamed people.,0538,Photographs,In copyright - educational use permitted; see http://rightsstatements.org/vocab/InC-EDU/1.0/ for more information,1999-06,2022-12-21T17:37:49.992000+00:00,https://api.library.tamu.edu/fcrepo/rest/4a/7d/ff/c4/4a7dffc4-04ec-4e1f-8f9e-ac661b9f328d/cvm-batch-2_objects/329/pages/page_0/files/CVM_0538.jpg,,Photograph taken during June 1999.,
reformatted digital,Texas A & M University. College of Veterinary Medicine & Biomedical Sciences,"['College Station', 'Texas']",StillImage,1990s,College of Veterinary Medicine Image Collection,Frank Stein,"Frank Stein, Director, Veterinary Medical Park, poses for a faculty picture. Dr. Frank Stein earned his Doctor of Veterinary Medicine degree from Texas A&M College of Veterinary Medicine in 1965.","['0448', '0111']","['Portraits', 'Photographs']",In copyright - educational use permitted; see http://rightsstatements.org/vocab/InC-EDU/1.0/ for more information,Between 1990 and 1995,2022-12-21T17:08:15.957000+00:00,https://api.library.tamu.edu/fcrepo/rest/4a/7d/ff/c4/4a7dffc4-04ec-4e1f-8f9e-ac661b9f328d/cvm-batch-2_objects/241/pages/page_0/files/CVM_0448.jpg,,,
reformatted digital,Texas A & M University. College of Veterinary Medicine & Biomedical Sciences,"['College Station', 'Texas']",StillImage,1990s,College of Veterinary Medicine Image Collection,"Stevenson Center Pet Residents, number 042","Canine resident ""Orphan Annie,"" who first came to the center in 1997.",0361-06,Photographs,In copyright - educational use permitted; see http://rightsstatements.org/vocab/InC-EDU/1.0/ for more information,1999-09-14,2022-12-21T16:28:13.042000+00:00,https://api.library.tamu.edu/fcrepo/rest/4a/7d/ff/c4/4a7dffc4-04ec-4e1f-8f9e-ac661b9f328d/cvm-batch-2_objects/43/pages/page_0/files/CVM_0361-6.jpg,,,
reformatted digital,Texas A & M University. College of Veterinary Medicine & Biomedical Sciences,"['College Station', 'Texas']",StillImage,2000s,College of Veterinary Medicine Image Collection,Womack Wins Wolf Prize 07,"Dr. James Womack (center left in suit and tie) and Mary Jewell, who is directly in front of Dr. Womack, pose in front of the freedom statue with eight other unnamed persons. The statue in the background, entitled ""Freedom"" is of horses leaning over pieces from the Berlin wall and stands on the plaza between the George Bush Presidential Library and the Annenberg Presidential Conference Center.",0562,"['Portraits', 'Photographs']",In copyright - educational use permitted; see http://rightsstatements.org/vocab/InC-EDU/1.0/ for more information,2001,2022-12-21T17:45:53.543000+00:00,https://api.library.tamu.edu/fcrepo/rest/4a/7d/ff/c4/4a7dffc4-04ec-4e1f-8f9e-ac661b9f328d/cvm-batch-2_objects/353/pages/page_0/files/CVM_0562.jpg,,,
reformatted digital,Texas A & M University. College of Veterinary Medicine & Biomedical Sciences,"['College Station', 'Texas']",StillImage,1990s,College of Veterinary Medicine Image Collection,"Playter Retirement, number 09",Dr. Playter shakes hands with Dr. Roger Feldman. Others in the room applaud.,0518,Photographs,In copyright - educational use permitted; see http://rightsstatements.org/vocab/InC-EDU/1.0/ for more information,1999-06,2022-12-21T17:31:11.156000+00:00,https://api.library.tamu.edu/fcrepo/rest/4a/7d/ff/c4/4a7dffc4-04ec-4e1f-8f9e-ac661b9f328d/cvm-batch-2_objects/309/pages/page_0/files/CVM_0518.jpg,,Photograph taken during June 1999.,
reformatted digital,Texas A & M University. College of Veterinary Medicine & Biomedical Sciences,"['College Station', 'Texas']",StillImage,1970s,College of Veterinary Medicine Image Collection,H. Phil Hobson,"Dr. H. Phil Hobson checks on a dog in a kennel. Dr. Hobson, an Illinois graduate of 1956, came to the College to work as a veterinary surgeon. He has been recognized by the American College of Veterinary Surgeons for developing valuable surgical and diagnostic procedures.",0428,Photographs,In copyright - educational use permitted; see http://rightsstatements.org/vocab/InC-EDU/1.0/ for more information,1970-03,2022-12-21T17:01:33.846000+00:00,https://api.library.tamu.edu/fcrepo/rest/4a/7d/ff/c4/4a7dffc4-04ec-4e1f-8f9e-ac661b9f328d/cvm-batch-2_objects/221/pages/page_0/files/CVM_0428.jpg,Written on photograph: Dr. Hobson 3-70,,
reformatted digital,Texas A & M University. College of Veterinary Medicine & Biomedical Sciences,"['College Station', 'Texas']",StillImage,1980s,College of Veterinary Medicine Image Collection,"Appaloosa, number 01",A woman with a horse.,0498,Photographs,In copyright - educational use permitted; see http://rightsstatements.org/vocab/InC-EDU/1.0/ for more information,1982-01-22,2022-12-21T17:24:34.369000+00:00,https://api.library.tamu.edu/fcrepo/rest/4a/7d/ff/c4/4a7dffc4-04ec-4e1f-8f9e-ac661b9f328d/cvm-batch-2_objects/289/pages/page_0/files/CVM_0498.jpg,"Written on photograph: photograph REQUEST (slip) : Sam Wigington, for the Dept. Large Animal Med. & Surg., TAMU, Breed: Appaloosa, 1 set in B W.",,
reformatted digital,Texas A & M University. College of Veterinary Medicine & Biomedical Sciences,"['College Station', 'Texas']",StillImage,,College of Veterinary Medicine Image Collection,"George Shelton, number 3","Faculty photograph of George Calvin Shelton (View 3), standing and looking down reviewing book in hand.",0398,"['Portraits', 'Photographs']",In copyright - educational use permitted; see http://rightsstatements.org/vocab/InC-EDU/1.0/ for more information,,2022-12-21T16:50:50.465000+00:00,https://api.library.tamu.edu/fcrepo/rest/4a/7d/ff/c4/4a7dffc4-04ec-4e1f-8f9e-ac661b9f328d/cvm-batch-2_objects/189/pages/page_0/files/CVM_0398.jpg,,,
reformatted digital,Texas A & M University. College of Veterinary Medicine & Biomedical Sciences,"['College Station', 'Texas']",StillImage,1990s,College of Veterinary Medicine Image Collection,"Stevenson Center, number 007","Ellie Greenbaum with unnamed woman and pets. The Stevenson Companion Animal Life-Care Center provides the physical, emotional, and medical needs of companion animals whose owners are no longer able to provide that care. Clients of the center include pet owners who want to assure their pet's future prior to entering a retirement home, being hospitalized for an extended period, or predeceasing a pet.",0364-21,Photographs,In copyright - educational use permitted; see http://rightsstatements.org/vocab/InC-EDU/1.0/ for more information,1999-09-14,2022-12-21T15:52:07.837000+00:00,https://api.library.tamu.edu/fcrepo/rest/4a/7d/ff/c4/4a7dffc4-04ec-4e1f-8f9e-ac661b9f328d/cvm-batch-2_objects/139/pages/page_0/files/CVM_0364-21.jpg,,,
reformatted digital,Texas A & M University. College of Veterinary Medicine & Biomedical Sciences,"['Texas', 'College Station']",StillImage,1990s,College of Veterinary Medicine Image Collection,"Stevenson Center Pet Residents, number 073","Unnamed woman employed with College of Veterinary Medicine's communications office, pets an animal (possibly a dog) that is off-camera at the Stevenson Companion Animal Life-Care Center.",0362-00,Photographs,In copyright - educational use permitted; see http://rightsstatements.org/vocab/InC-EDU/1.0/ for more information,1999-09-14,2022-12-21T16:38:07.808000+00:00,https://api.library.tamu.edu/fcrepo/rest/4a/7d/ff/c4/4a7dffc4-04ec-4e1f-8f9e-ac661b9f328d/cvm-batch-2_objects/74/pages/page_0/files/CVM_0362.jpg,,,
reformatted digital,Texas A & M University. College of Veterinary Medicine & Biomedical Sciences,"['College Station', 'Texas']",StillImage,,College of Veterinary Medicine Image Collection,"Dean Adams, number 02",Richard Adams in light colored suit.,0437,"['Portraits', 'Photographs']",In copyright - educational use permitted; see http://rightsstatements.org/vocab/InC-EDU/1.0/ for more information,,2022-12-21T17:04:32.580000+00:00,https://api.library.tamu.edu/fcrepo/rest/4a/7d/ff/c4/4a7dffc4-04ec-4e1f-8f9e-ac661b9f328d/cvm-batch-2_objects/230/pages/page_0/files/CVM_0437.jpg,,,
reformatted digital,"['Texas A & M University. College of Veterinary Medicine & Biomedical Sciences', 'Texas A & M University Graphic Services']","['College Station', 'Texas']",StillImage,1990s,College of Veterinary Medicine Image Collection,Small Group Studying,A study group or project team of four students at a round table.,0698,Photographs,In copyright - educational use permitted; see http://rightsstatements.org/vocab/InC-EDU/1.0/ for more information,1999,2022-12-21T18:28:57.146000+00:00,https://api.library.tamu.edu/fcrepo/rest/4a/7d/ff/c4/4a7dffc4-04ec-4e1f-8f9e-ac661b9f328d/cvm-batch-2_objects/480/pages/page_0/files/CVM_0698.jpg,Written on photograph: Copyright 1999. File#99-610. Neg 1A/2,,"Wulfson, Jean"
reformatted digital,Texas A & M University. College of Veterinary Medicine & Biomedical Sciences,"['College Station', 'Texas']",StillImage,1990s,College of Veterinary Medicine Image Collection,"Stevenson Center Pet Residents, number 049","Canine resident ""Orphan Annie,"" who first came to the center in 1997.",0361-13,Photographs,In copyright - educational use permitted; see http://rightsstatements.org/vocab/InC-EDU/1.0/ for more information,1999-09-14,2022-12-21T16:30:27.591000+00:00,https://api.library.tamu.edu/fcrepo/rest/4a/7d/ff/c4/4a7dffc4-04ec-4e1f-8f9e-ac661b9f328d/cvm-batch-2_objects/50/pages/page_0/files/CVM_0361-13.jpg,,,
reformatted digital,Texas A & M University. College of Veterinary Medicine & Biomedical Sciences,"['College Station', 'Texas']",StillImage,1970s,College of Veterinary Medicine Image Collection,"Dr. James W. Dollahite, number 01","Dr. and Mrs. James Dollahite seated in chairs, seven men stand behind them. Standing left to right: Lyndon W. Kurtz; Leon Russell; unknown; Bennie J. Camp; unknown; Dr. Garry Adams; W. M. Romane. Dr. J.W. Dollahite played a very important role in the development of veterinary toxicology research in Texas, especially toxic plant research, and the development of veterinary toxicology as a specialty under the American Veterinary Medical Association.",0478,"['Portraits', 'Photographs']",In copyright - educational use permitted; see http://rightsstatements.org/vocab/InC-EDU/1.0/ for more information,1975-01,2022-12-21T17:17:45.512000+00:00,https://api.library.tamu.edu/fcrepo/rest/4a/7d/ff/c4/4a7dffc4-04ec-4e1f-8f9e-ac661b9f328d/cvm-batch-2_objects/269/pages/page_0/files/CVM_0478.jpg,,Photographed during January 1975.,
reformatted digital,Texas A & M University. College of Veterinary Medicine & Biomedical Sciences,"['College Station', 'Texas']",StillImage,1990s,College of Veterinary Medicine Image Collection,"Clinical Rounds, number 3",Large animal rounds with librarian Katherine (white jacket) McNeil and group of veterinary students.,0378,Photographs,In copyright - educational use permitted; see http://rightsstatements.org/vocab/InC-EDU/1.0/ for more information,1998-02-24,2022-12-21T16:01:39.480000+00:00,https://api.library.tamu.edu/fcrepo/rest/4a/7d/ff/c4/4a7dffc4-04ec-4e1f-8f9e-ac661b9f328d/cvm-batch-2_objects/169/pages/page_0/files/CVM_0378.jpg,,,
reformatted digital,"['Texas A & M University. College of Veterinary Medicine. Media Resources', 'Texas A & M University. College of Veterinary Medicine & Biomedical Sciences']","['College Station', 'Texas']",StillImage,1990s,College of Veterinary Medicine Image Collection,Dr. Fossum and Dog,Dr. Theresa W. Fossum examines a dog.,"['0143', '0710']",Photographs,In copyright - educational use permitted; see http://rightsstatements.org/vocab/InC-EDU/1.0/ for more information,1991-08,2022-12-21T18:33:07.179000+00:00,https://api.library.tamu.edu/fcrepo/rest/4a/7d/ff/c4/4a7dffc4-04ec-4e1f-8f9e-ac661b9f328d/cvm-batch-2_objects/492/pages/page_0/files/CVM_0710.jpg,"Written on photograph: ""People: Dr. Fossum with a dog. Aug, 1991, From original color Slide.""",Photograph taken during August 1991.,"Rydzewski, Tony"
reformatted digital,Texas A & M University. College of Veterinary Medicine & Biomedical Sciences,"['College Station', 'Texas']",StillImage,,College of Veterinary Medicine Image Collection,"Clinical Hospital Rounds, number 07",Three people stand outside a horse stall.,0572,Photographs,In copyright - educational use permitted; see http://rightsstatements.org/vocab/InC-EDU/1.0/ for more information,,2022-12-21T17:48:13.963000+00:00,https://api.library.tamu.edu/fcrepo/rest/4a/7d/ff/c4/4a7dffc4-04ec-4e1f-8f9e-ac661b9f328d/cvm-batch-2_objects/360/pages/page_0/files/CVM_0572.jpg,,,
reformatted digital,Texas A & M University. College of Veterinary Medicine & Biomedical Sciences,"['Texas', 'College Station']",StillImage,,College of Veterinary Medicine Image Collection,"Beaver, Bonnie V. G., 1944-",Dr. Bonnie Beaver examined a cat. Dr. Bonnie Beaver was the first woman to join the faculty of the College of Veterinary Medicine. She accepted a position in the Department of Veterinary Medical Surgery and Radiology in 1969. Over her career she has made a name for herself as a leading well published animal behaviorist. She has been passionate about teaching veterinary students and promoting the profession.,0417,Photographs,In copyright - educational use permitted; see http://rightsstatements.org/vocab/InC-EDU/1.0/ for more information,,2022-12-21T16:57:53.340000+00:00,https://api.library.tamu.edu/fcrepo/rest/4a/7d/ff/c4/4a7dffc4-04ec-4e1f-8f9e-ac661b9f328d/cvm-batch-2_objects/210/pages/page_0/files/CVM_0417.jpg,,,
reformatted digital,Texas A & M University. College of Veterinary Medicine & Biomedical Sciences,"['Texas', 'San Antonio']",StillImage,1970s,College of Veterinary Medicine Image Collection,"Awards Presented at a Convention, number 3","A woman and a man are shown in this image while audience applauds. 1973 awards presentation at a 1974 convention held in San Antonio, Hilton Palacio Del Rio.",0475,Photographs,In copyright - educational use permitted; see http://rightsstatements.org/vocab/InC-EDU/1.0/ for more information,1974,2022-12-21T17:16:42.044000+00:00,https://api.library.tamu.edu/fcrepo/rest/4a/7d/ff/c4/4a7dffc4-04ec-4e1f-8f9e-ac661b9f328d/cvm-batch-2_objects/266/pages/page_0/files/CVM_0475.jpg,Written on photograph: 74 Conv. S. A. 1973 Award,,
reformatted digital,Texas A & M University. College of Veterinary Medicine & Biomedical Sciences,"['College Station', 'Texas']",StillImage,2000s,College of Veterinary Medicine Image Collection,"Cadet and Horse, number 1",A cadet eats an apple while standing next to a horse.,0487,Photographs,In copyright - educational use permitted; see http://rightsstatements.org/vocab/InC-EDU/1.0/ for more information,Between 2000 and 2007,2022-12-21T17:20:53.982000+00:00,https://api.library.tamu.edu/fcrepo/rest/4a/7d/ff/c4/4a7dffc4-04ec-4e1f-8f9e-ac661b9f328d/cvm-batch-2_objects/278/pages/page_0/files/CVM_0487.jpg,,,
reformatted digital,Texas A & M University. College of Veterinary Medicine & Biomedical Sciences,"['College Station', 'Texas']",StillImage,1990s,College of Veterinary Medicine Image Collection,"Stevenson Center, number 002","Three people at a table. Information as of 2017 states: Enrollees at the center include dogs, cats, birds, horses, and even donkeys. An enrollment fee* of $1,000 per small animal and $2,000 per large animal is due at the time of enrollment.",0364-16,Photographs,In copyright - educational use permitted; see http://rightsstatements.org/vocab/InC-EDU/1.0/ for more information,1999-09-14,2022-12-21T15:50:34.131000+00:00,https://api.library.tamu.edu/fcrepo/rest/4a/7d/ff/c4/4a7dffc4-04ec-4e1f-8f9e-ac661b9f328d/cvm-batch-2_objects/134/pages/page_0/files/CVM_0364-16.jpg,,,
reformatted digital,Texas A & M University. College of Veterinary Medicine & Biomedical Sciences,"['College Station', 'Texas']",StillImage,1990s,College of Veterinary Medicine Image Collection,"Stevenson Center, number 014",Ellie Greenbaum and student with pets.,0364-28,Photographs,In copyright - educational use permitted; see http://rightsstatements.org/vocab/InC-EDU/1.0/ for more information,1999-09-14,2022-12-21T15:54:19.638000+00:00,https://api.library.tamu.edu/fcrepo/rest/4a/7d/ff/c4/4a7dffc4-04ec-4e1f-8f9e-ac661b9f328d/cvm-batch-2_objects/146/pages/page_0/files/CVM_0364-28.jpg,,,
reformatted digital,Texas A & M University. College of Veterinary Medicine & Biomedical Sciences,"['College Station', 'Texas']",StillImage,1990s,College of Veterinary Medicine Image Collection,"Womack Reception, number 27",Dr. Richard Adam inspects chair while Dr. and Mrs. Womack looks on.,0613,Photographs,In copyright - educational use permitted; see http://rightsstatements.org/vocab/InC-EDU/1.0/ for more information,1999-07-15,2022-12-21T18:00:16.028000+00:00,https://api.library.tamu.edu/fcrepo/rest/4a/7d/ff/c4/4a7dffc4-04ec-4e1f-8f9e-ac661b9f328d/cvm-batch-2_objects/396/pages/page_0/files/CVM_0613.jpg,Written on photograph: Roll 1 frame 27,,
reformatted digital,Texas A & M University. College of Veterinary Medicine & Biomedical Sciences,"['College Station', 'Texas']",StillImage,1990s,College of Veterinary Medicine Image Collection,"Womack Reception, number 36",Reception for Dr. James Womack with attendees in the background; (Dr. Richard Adams to far left) and (Rick Young in blue slacks and lighter blue top in background to the right). Possibly this is Dr. Gerald N. Woode with Dr. Womack.,0622,Photographs,In copyright - educational use permitted; see http://rightsstatements.org/vocab/InC-EDU/1.0/ for more information,1999-07-15,2022-12-21T18:03:19.419000+00:00,https://api.library.tamu.edu/fcrepo/rest/4a/7d/ff/c4/4a7dffc4-04ec-4e1f-8f9e-ac661b9f328d/cvm-batch-2_objects/405/pages/page_0/files/CVM_0622.jpg,Written on photograph: Roll 2 frame 1,,
reformatted digital,Texas A & M University. College of Veterinary Medicine & Biomedical Sciences,"['College Station', 'Texas']",StillImage,,College of Veterinary Medicine Image Collection,Gift of Educational Tapes,"Dr. Mary Herron, the Director of the Biomedical Learning Center, receives a gift, box of 20 new slide tapes, from Pitman-Moore representative, Mr. Bud Wilkins. Meanwhile, Dean George Shelton stands to the right.",0465,Photographs,In copyright - educational use permitted; see http://rightsstatements.org/vocab/InC-EDU/1.0/ for more information,,2022-12-21T17:14:01.584000+00:00,https://api.library.tamu.edu/fcrepo/rest/4a/7d/ff/c4/4a7dffc4-04ec-4e1f-8f9e-ac661b9f328d/cvm-batch-2_objects/258/pages/page_0/files/CVM_0465.jpg,,,
reformatted digital,Texas A & M University. College of Veterinary Medicine & Biomedical Sciences,,StillImage,,College of Veterinary Medicine Image Collection,"Hunting, number 10",An unidentified man standing at the gate going to a hunting cabin and a vehicle is seen on the right side of this frame.,0652,Photographs,In copyright - educational use permitted; see http://rightsstatements.org/vocab/InC-EDU/1.0/ for more information,,2022-12-21T18:13:29.554000+00:00,https://api.library.tamu.edu/fcrepo/rest/4a/7d/ff/c4/4a7dffc4-04ec-4e1f-8f9e-ac661b9f328d/cvm-batch-2_objects/435/pages/page_0/files/CVM_0652.jpg,,,
reformatted digital,Texas A & M University. College of Veterinary Medicine & Biomedical Sciences,"['College Station', 'Texas']",StillImage,1990s,College of Veterinary Medicine Image Collection,"Stevenson Center Pet Residents, number 125","Student resident of the Stevenson Companion Animal Life-Care Center, Kathleen Harris bathes ""Orphan Annie.""",0364-07,Photographs,In copyright - educational use permitted; see http://rightsstatements.org/vocab/InC-EDU/1.0/ for more information,1999-09-14,2022-12-21T15:48:03.743000+00:00,https://api.library.tamu.edu/fcrepo/rest/4a/7d/ff/c4/4a7dffc4-04ec-4e1f-8f9e-ac661b9f328d/cvm-batch-2_objects/126/pages/page_0/files/CVM_0364-7.jpg,,,
reformatted digital,Texas A & M University. College of Veterinary Medicine & Biomedical Sciences,"['Texas', 'College Station']",StillImage,1990s,College of Veterinary Medicine Image Collection,"Clinical Rounds, number 4","Animal lying in stall and librarian Katherine McNeil (white jacket), stands at the door looking in.",0379,Photographs,In copyright - educational use permitted; see http://rightsstatements.org/vocab/InC-EDU/1.0/ for more information,1998-02-24,2022-12-21T16:01:58.345000+00:00,https://api.library.tamu.edu/fcrepo/rest/4a/7d/ff/c4/4a7dffc4-04ec-4e1f-8f9e-ac661b9f328d/cvm-batch-2_objects/170/pages/page_0/files/CVM_0379.jpg,,,
reformatted digital,Texas A & M University. College of Veterinary Medicine & Biomedical Sciences,"['Texas', 'College Station']",StillImage,1970s,College of Veterinary Medicine Image Collection,"Dr. James W. Dollahite, number 05",Dr. Dollahite is presented a watch as a gift by Dr. Bennie J. Camp of the College of Veterinary Science.,0482,Photographs,In copyright - educational use permitted; see http://rightsstatements.org/vocab/InC-EDU/1.0/ for more information,1975-01,2022-12-21T17:19:09.051000+00:00,https://api.library.tamu.edu/fcrepo/rest/4a/7d/ff/c4/4a7dffc4-04ec-4e1f-8f9e-ac661b9f328d/cvm-batch-2_objects/273/pages/page_0/files/CVM_0482.jpg,Written on photograph: Dr. James W. Dollahite,Photographed during January 1975.,
reformatted digital,Texas A & M University. College of Veterinary Medicine & Biomedical Sciences,"['Texas', 'College Station']",StillImage,1990s,College of Veterinary Medicine Image Collection,"Stevenson Center Pet Residents, number 108","Student resident of the Stevenson Companion Animal Life-Care Center, Kathleen Harris bathes ""Orphan Annie.""",0363-11,Photographs,In copyright - educational use permitted; see http://rightsstatements.org/vocab/InC-EDU/1.0/ for more information,1999-09-14,2022-12-21T15:42:42.974000+00:00,https://api.library.tamu.edu/fcrepo/rest/4a/7d/ff/c4/4a7dffc4-04ec-4e1f-8f9e-ac661b9f328d/cvm-batch-2_objects/109/pages/page_0/files/CVM_0363-11.jpg,,,
reformatted digital,Texas A & M University. College of Veterinary Medicine & Biomedical Sciences,"['College Station', 'Texas']",StillImage,1990s,College of Veterinary Medicine Image Collection,"Stevenson Center Pet Residents, number 122","Student resident of the Stevenson Companion Animal Life-Care Center, Kathleen Harris bathes ""Orphan Annie.""",0364-04,Photographs,In copyright - educational use permitted; see http://rightsstatements.org/vocab/InC-EDU/1.0/ for more information,1999-09-14,2022-12-21T15:47:07.086000+00:00,https://api.library.tamu.edu/fcrepo/rest/4a/7d/ff/c4/4a7dffc4-04ec-4e1f-8f9e-ac661b9f328d/cvm-batch-2_objects/123/pages/page_0/files/CVM_0364-4.jpg,,,
reformatted digital,Texas A & M University. College of Veterinary Medicine & Biomedical Sciences,"['College Station', 'Texas']",StillImage,1990s,College of Veterinary Medicine Image Collection,"Womack Reception, number 16","Dr. James Womack (center), E. Murl Bailey (left) and Loren C. Skow (right).",0602,Photographs,In copyright - educational use permitted; see http://rightsstatements.org/vocab/InC-EDU/1.0/ for more information,1999-07-15,2022-12-21T17:56:34.214000+00:00,https://api.library.tamu.edu/fcrepo/rest/4a/7d/ff/c4/4a7dffc4-04ec-4e1f-8f9e-ac661b9f328d/cvm-batch-2_objects/385/pages/page_0/files/CVM_0602.jpg,Written on photograph: Roll 1 frame 12,,
reformatted digital,Texas A & M University. College of Veterinary Medicine & Biomedical Sciences,"['College Station', 'Texas']",StillImage,1990s,College of Veterinary Medicine Image Collection,"Stevenson Center Pet Residents, number 011","Canine resident ""Lovey"" who arrived at the center in 1998.",0360-11,Photographs,In copyright - educational use permitted; see http://rightsstatements.org/vocab/InC-EDU/1.0/ for more information,1999-09-14,2022-12-21T15:34:48.117000+00:00,https://api.library.tamu.edu/fcrepo/rest/4a/7d/ff/c4/4a7dffc4-04ec-4e1f-8f9e-ac661b9f328d/cvm-batch-2_objects/12/pages/page_0/files/CVM_0360-11.jpg,,,
reformatted digital,Texas A & M University. College of Veterinary Medicine & Biomedical Sciences,"['College Station', 'Texas']",StillImage,,College of Veterinary Medicine Image Collection,Group of Ladies,"A group of ladies at what looks like a holiday event. It is not verified but this is possibly a group of faculty wives or student wives, or perhaps both. Could be in the late 1940's or early 50's.",0460,"['Portraits', 'Photographs']",In copyright - educational use permitted; see http://rightsstatements.org/vocab/InC-EDU/1.0/ for more information,Between 1940 and 1958,2022-12-21T17:12:17.296000+00:00,https://api.library.tamu.edu/fcrepo/rest/4a/7d/ff/c4/4a7dffc4-04ec-4e1f-8f9e-ac661b9f328d/cvm-batch-2_objects/253/pages/page_0/files/CVM_0460.jpg,,,
reformatted digital,Texas A & M University. College of Veterinary Medicine & Biomedical Sciences,"['Texas', 'College Station']",StillImage,1990s,College of Veterinary Medicine Image Collection,"Playter Retirement, number 18","Dr. David A. Williams in maroon shirt and tie stands at table when being recognized, with child in his arm and an unknown woman stands behind him.",0527,Photographs,In copyright - educational use permitted; see http://rightsstatements.org/vocab/InC-EDU/1.0/ for more information,1999-06,2022-12-21T17:34:10.712000+00:00,https://api.library.tamu.edu/fcrepo/rest/4a/7d/ff/c4/4a7dffc4-04ec-4e1f-8f9e-ac661b9f328d/cvm-batch-2_objects/318/pages/page_0/files/CVM_0527.jpg,,Photograph taken during June 1999.,
reformatted digital,Texas A & M University. College of Veterinary Medicine & Biomedical Sciences,"['College Station', 'Texas']",StillImage,1990s,College of Veterinary Medicine Image Collection,"Stevenson Center Pet Residents, number 047","Canine resident ""Orphan Annie,"" who first came to the center in 1997.",0361-11,Photographs,In copyright - educational use permitted; see http://rightsstatements.org/vocab/InC-EDU/1.0/ for more information,1999-09-14,2022-12-21T16:29:48.453000+00:00,https://api.library.tamu.edu/fcrepo/rest/4a/7d/ff/c4/4a7dffc4-04ec-4e1f-8f9e-ac661b9f328d/cvm-batch-2_objects/48/pages/page_0/files/CVM_0361-11.jpg,,,
reformatted digital,Texas A & M University. College of Veterinary Medicine & Biomedical Sciences,,StillImage,,College of Veterinary Medicine Image Collection,"Hunting, number 23",Three men stand near stone or concrete wall or fence. Richard Adams (second man from the right in blue chambray shirt).,0665,Photographs,In copyright - educational use permitted; see http://rightsstatements.org/vocab/InC-EDU/1.0/ for more information,,2022-12-21T18:17:54.233000+00:00,https://api.library.tamu.edu/fcrepo/rest/4a/7d/ff/c4/4a7dffc4-04ec-4e1f-8f9e-ac661b9f328d/cvm-batch-2_objects/448/pages/page_0/files/CVM_0665.jpg,,,
reformatted digital,Texas A & M University. College of Veterinary Medicine & Biomedical Sciences,"['Texas', 'College Station']",StillImage,,College of Veterinary Medicine Image Collection,Dr. and Mrs. Mark Francis,"Mark and Anna Francis; photo taken sometime around the time of the Great Depression. Ms. Anna Scott Jones married Mark Francis in 1890 in their small hometown of Shandon, Ohio.",0412,Photographs,In copyright - educational use permitted; see http://rightsstatements.org/vocab/InC-EDU/1.0/ for more information,Between 1925 and 1935,2022-12-21T16:55:52.012000+00:00,https://api.library.tamu.edu/fcrepo/rest/4a/7d/ff/c4/4a7dffc4-04ec-4e1f-8f9e-ac661b9f328d/cvm-batch-2_objects/204/pages/page_0/files/CVM_0412.jpg,,,
reformatted digital,Texas A & M University. College of Veterinary Medicine & Biomedical Sciences,"['College Station', 'Texas']",StillImage,,College of Veterinary Medicine Image Collection,"Clinical Hospital Rounds, number 05",Two men in coveralls stand outside a large animal stall during equine rounds.,0570,Photographs,In copyright - educational use permitted; see http://rightsstatements.org/vocab/InC-EDU/1.0/ for more information,,2022-12-21T17:47:34.392000+00:00,https://api.library.tamu.edu/fcrepo/rest/4a/7d/ff/c4/4a7dffc4-04ec-4e1f-8f9e-ac661b9f328d/cvm-batch-2_objects/358/pages/page_0/files/CVM_0570.jpg,,,
reformatted digital,Texas A & M University. College of Veterinary Medicine & Biomedical Sciences,"['College Station', 'Texas']",StillImage,1920s,College of Veterinary Medicine Image Collection,The Class of 1921,"A collage of seven photographs, featuring six veterinary students who graduated in 1921 and Mark Francis, the Dean of the School of Veterinary Medicine. Top left to right--R.R. Childers; S.R. Dunn; W.T. Johnson. Bottom left to right-- J.J. Reid; J.W. Patton; J.P. Mockford. Middle--Dean Francis, D.V.M.",0683,"['Portraits', 'Photographs']",In copyright - educational use permitted; see http://rightsstatements.org/vocab/InC-EDU/1.0/ for more information,1920,2022-12-21T18:24:01.883000+00:00,https://api.library.tamu.edu/fcrepo/rest/4a/7d/ff/c4/4a7dffc4-04ec-4e1f-8f9e-ac661b9f328d/cvm-batch-2_objects/466/pages/page_0/files/CVM_0683.jpg,,,
reformatted digital,Texas A & M University. College of Veterinary Medicine & Biomedical Sciences,"['College Station', 'Texas']",StillImage,,College of Veterinary Medicine Image Collection,"Mark Francis, number 2","Mark Francis standing on a curbside outside a building. Part of his signature appears in the lower left corner of the image. Dr. Mark Francis, first came to Texas A&M in 1888 as the Experiment Station Veterinarian. He served as the first Dean of the School of Veterinary Medicine from 1916 to 1936 and founded the Texas Veterinary Medical Association in 1903.",0404-B,Photographs,In copyright - educational use permitted; see http://rightsstatements.org/vocab/InC-EDU/1.0/ for more information,,2022-12-21T16:53:13.079000+00:00,https://api.library.tamu.edu/fcrepo/rest/4a/7d/ff/c4/4a7dffc4-04ec-4e1f-8f9e-ac661b9f328d/cvm-batch-2_objects/196/pages/page_0/files/CVM_0404-b.jpg,"Written on photograph: Front shows signature. Inscription on back reads, ""B.F. Mood, 2808 Skidaway Rd., Savannah, GA 31410.",,
reformatted digital,Texas A & M University. College of Veterinary Medicine & Biomedical Sciences,"['Texas', 'College Station']",StillImage,1990s,College of Veterinary Medicine Image Collection,"Playter Retirement, number 34",Dr. Playter speaks with Dr. Donald Wiersig and wife.,0543,Photographs,In copyright - educational use permitted; see http://rightsstatements.org/vocab/InC-EDU/1.0/ for more information,1999-06,2022-12-21T17:39:30.189000+00:00,https://api.library.tamu.edu/fcrepo/rest/4a/7d/ff/c4/4a7dffc4-04ec-4e1f-8f9e-ac661b9f328d/cvm-batch-2_objects/334/pages/page_0/files/CVM_0543.jpg,,Photograph taken during June 1999.,
reformatted digital,Texas A & M University. College of Veterinary Medicine & Biomedical Sciences,"['College Station', 'Texas']",StillImage,2000s,College of Veterinary Medicine Image Collection,Equine Pavilion and New Hay Barn,"Equine pavilion and new hay barn-21 Nov 03. Construction was completed in 2002 and the building included 19,000 square feet of stalls, treatment rooms, breeding areas, and a laboratory.",0385,Photographs,In copyright - educational use permitted; see http://rightsstatements.org/vocab/InC-EDU/1.0/ for more information,2003-11-21,2022-12-21T16:46:28.268000+00:00,https://api.library.tamu.edu/fcrepo/rest/4a/7d/ff/c4/4a7dffc4-04ec-4e1f-8f9e-ac661b9f328d/cvm-batch-2_objects/176/pages/page_0/files/CVM_0385.jpg,Written on photograph: 2003 New Equine Paddocks and Barns,,
reformatted digital,Texas A & M University. College of Veterinary Medicine & Biomedical Sciences,"['Texas', 'College Station']",StillImage,1990s,College of Veterinary Medicine Image Collection,"Stevenson Center Pet Residents, number 036","Canine resident ""Jill,"" one of the original pets to enter the center in 1994.",0360-36,Photographs,In copyright - educational use permitted; see http://rightsstatements.org/vocab/InC-EDU/1.0/ for more information,1999-09-14,2022-12-21T16:09:14.968000+00:00,https://api.library.tamu.edu/fcrepo/rest/4a/7d/ff/c4/4a7dffc4-04ec-4e1f-8f9e-ac661b9f328d/cvm-batch-2_objects/37/pages/page_0/files/CVM_0360-36.jpg,,,
reformatted digital,Texas A & M University. College of Veterinary Medicine & Biomedical Sciences,,StillImage,,College of Veterinary Medicine Image Collection,"Hunting, number 12",Dr. Richard Adams with hunting dogs in fenced enclosure.,0654,Photographs,In copyright - educational use permitted; see http://rightsstatements.org/vocab/InC-EDU/1.0/ for more information,,2022-12-21T18:14:10.463000+00:00,https://api.library.tamu.edu/fcrepo/rest/4a/7d/ff/c4/4a7dffc4-04ec-4e1f-8f9e-ac661b9f328d/cvm-batch-2_objects/437/pages/page_0/files/CVM_0654.jpg,,,
reformatted digital,Texas A & M University. College of Veterinary Medicine & Biomedical Sciences,"['College Station', 'Texas']",StillImage,,College of Veterinary Medicine Image Collection,"George Shelton, number 2","Faculty photograph of George Calvin Shelton (View 2), looking up with phone receiver in hand.",0397,"['Portraits', 'Photographs']",In copyright - educational use permitted; see http://rightsstatements.org/vocab/InC-EDU/1.0/ for more information,,2022-12-21T16:50:30.105000+00:00,https://api.library.tamu.edu/fcrepo/rest/4a/7d/ff/c4/4a7dffc4-04ec-4e1f-8f9e-ac661b9f328d/cvm-batch-2_objects/188/pages/page_0/files/CVM_0397.jpg,,,
reformatted digital,Texas A & M University. College of Veterinary Medicine & Biomedical Sciences,,StillImage,,College of Veterinary Medicine Image Collection,"Hunting, number 22",Two unnamed men with Richard Adam (right closest to camera) are seated on a concrete structure or wall.,0664,"['Portraits', 'Photographs']",In copyright - educational use permitted; see http://rightsstatements.org/vocab/InC-EDU/1.0/ for more information,,2022-12-21T18:17:33.617000+00:00,https://api.library.tamu.edu/fcrepo/rest/4a/7d/ff/c4/4a7dffc4-04ec-4e1f-8f9e-ac661b9f328d/cvm-batch-2_objects/447/pages/page_0/files/CVM_0664.jpg,,,
reformatted digital,Texas A & M University. College of Veterinary Medicine & Biomedical Sciences,"['College Station', 'Texas']",StillImage,2000s,College of Veterinary Medicine Image Collection,Womack Wins Wolf Prize 01,Dr. James E. Womack and a younger unnamed man pose for the camera. Dr. James E. Womack a professor at College of Veterinary Medicine since 1973 and known for conducting pioneering research in the cattle genome. In 2001 he received the Wolf Prize in Agriculture.,0556,Photographs,In copyright - educational use permitted; see http://rightsstatements.org/vocab/InC-EDU/1.0/ for more information,2001,2022-12-21T17:43:52.329000+00:00,https://api.library.tamu.edu/fcrepo/rest/4a/7d/ff/c4/4a7dffc4-04ec-4e1f-8f9e-ac661b9f328d/cvm-batch-2_objects/347/pages/page_0/files/CVM_0556.jpg,,,
reformatted digital,Texas A & M University. College of Veterinary Medicine & Biomedical Sciences,"['College Station', 'Texas']",StillImage,1990s,College of Veterinary Medicine Image Collection,"Playter Retirement, number 05","Dr. Playter with back to camera, stands with Charles L. Hall. Others applaud.",0514,Photographs,In copyright - educational use permitted; see http://rightsstatements.org/vocab/InC-EDU/1.0/ for more information,1999-06,2022-12-21T17:29:50.727000+00:00,https://api.library.tamu.edu/fcrepo/rest/4a/7d/ff/c4/4a7dffc4-04ec-4e1f-8f9e-ac661b9f328d/cvm-batch-2_objects/305/pages/page_0/files/CVM_0514.jpg,,Photograph taken during June 1999.,
reformatted digital,Texas A & M University. College of Veterinary Medicine & Biomedical Sciences,"['College Station', 'Texas']",StillImage,2000s,College of Veterinary Medicine Image Collection,"New Hay Barn, number 3",New hay barn - 21 Nov 03.,0391,Photographs,In copyright - educational use permitted; see http://rightsstatements.org/vocab/InC-EDU/1.0/ for more information,2003-11-21,2022-12-21T16:48:29.564000+00:00,https://api.library.tamu.edu/fcrepo/rest/4a/7d/ff/c4/4a7dffc4-04ec-4e1f-8f9e-ac661b9f328d/cvm-batch-2_objects/182/pages/page_0/files/CVM_0391.jpg,Written on photograph: 2003 New Equine Paddocks and Barns,,
reformatted digital,Texas A & M University. College of Veterinary Medicine & Biomedical Sciences,"['College Station', 'Texas']",StillImage,,College of Veterinary Medicine Image Collection,Dr. Fred Maurer,"Professional photograph of Dr. Fred Maurer standing at a bookshelf holding an open book. After his retirement from the U.S. Army, Dr. Maurer became Associate Dean and Distinguished Professor of Pathology at the College of Veterinary Medicine, Texas A&M University, serving in this capacity until September 1974 when he retired. Dr. Maurer also served as the Director of the Institute for Tropical Medicine, of which he was founder, and was instrumental in development of graduate education within the College of Veterinary Medicine.",0422,"['Portraits', 'Photographs']",In copyright - educational use permitted; see http://rightsstatements.org/vocab/InC-EDU/1.0/ for more information,,2022-12-21T16:59:34.430000+00:00,https://api.library.tamu.edu/fcrepo/rest/4a/7d/ff/c4/4a7dffc4-04ec-4e1f-8f9e-ac661b9f328d/cvm-batch-2_objects/215/pages/page_0/files/CVM_0422.jpg,Written on photograph: Dr. Maurer,,
reformatted digital,Texas A & M University. College of Veterinary Medicine & Biomedical Sciences,"['College Station', 'Texas']",StillImage,1980s,College of Veterinary Medicine Image Collection,"Equine Ear Twitch, number 5",Demonstration of mild restraint.,0494,Photographs,In copyright - educational use permitted; see http://rightsstatements.org/vocab/InC-EDU/1.0/ for more information,1982-01-22,2022-12-21T17:23:15.581000+00:00,https://api.library.tamu.edu/fcrepo/rest/4a/7d/ff/c4/4a7dffc4-04ec-4e1f-8f9e-ac661b9f328d/cvm-batch-2_objects/285/pages/page_0/files/CVM_0494.jpg,"Written on photograph: photograph REQUEST (slip) : Sam Wigington, for the Dept. Large Animal Med. & Surg., TAMU, Breed: Appaloosa, 1 set in B W.",,
reformatted digital,Texas A & M University. College of Veterinary Medicine & Biomedical Sciences,"['College Station', 'Texas']",StillImage,,College of Veterinary Medicine Image Collection,"Fred Jaggi, number 1","Portrait of Fred P. Jaggi, Fr. Dr. Jaggi earned his DVM in 1926 from Texas A&M University. From 1926 until 1937 he was in private practice at which time he accepted an appointment to head the newly established Department of Veterinary Hygiene. In 1957, he became head of the newly created Department of Veterinary Public Health. Dr. Jaggi retired in 1965 after serving twenty-eight years with the College of Veterinary Medicine.",0394,"['Portraits', 'Photographs']",In copyright - educational use permitted; see http://rightsstatements.org/vocab/InC-EDU/1.0/ for more information,,2022-12-21T16:49:29.125000+00:00,https://api.library.tamu.edu/fcrepo/rest/4a/7d/ff/c4/4a7dffc4-04ec-4e1f-8f9e-ac661b9f328d/cvm-batch-2_objects/185/pages/page_0/files/CVM_0394.jpg,"Written on photograph: Jaggi, Fred.",,
reformatted digital,Texas A & M University. College of Veterinary Medicine & Biomedical Sciences,"['College Station', 'Texas']",StillImage,1980s,College of Veterinary Medicine Image Collection,"Appaloosa, number 02",A woman with a horse.,0499,Photographs,In copyright - educational use permitted; see http://rightsstatements.org/vocab/InC-EDU/1.0/ for more information,1982-01-22,2022-12-21T17:24:53.877000+00:00,https://api.library.tamu.edu/fcrepo/rest/4a/7d/ff/c4/4a7dffc4-04ec-4e1f-8f9e-ac661b9f328d/cvm-batch-2_objects/290/pages/page_0/files/CVM_0499.jpg,"Written on photograph: photograph REQUEST (slip) : Sam Wigington, for the Dept. Large Animal Med. & Surg., TAMU, Breed: Appaloosa, 1 set in B W.",,
reformatted digital,Texas A & M University. College of Veterinary Medicine & Biomedical Sciences,"['Texas', 'College Station']",StillImage,1990s,College of Veterinary Medicine Image Collection,"Playter Retirement, number 23",Dr. Playter greets an unidentified lady who is standing behind Kay Playter in the grey dress.,0532,Photographs,In copyright - educational use permitted; see http://rightsstatements.org/vocab/InC-EDU/1.0/ for more information,1999-06,2022-12-21T17:35:50.316000+00:00,https://api.library.tamu.edu/fcrepo/rest/4a/7d/ff/c4/4a7dffc4-04ec-4e1f-8f9e-ac661b9f328d/cvm-batch-2_objects/323/pages/page_0/files/CVM_0532.jpg,,Photograph taken during June 1999.,
reformatted digital,Texas A & M University. College of Veterinary Medicine & Biomedical Sciences,"['Texas', 'College Station']",StillImage,1990s,College of Veterinary Medicine Image Collection,"Stevenson Center, number 003","Three people at a table. Information as of 2017 states: Enrollees at the center include dogs, cats, birds, horses, and even donkeys. An enrollment fee* of $1,000 per small animal and $2,000 per large animal is due at the time of enrollment.",0364-17,Photographs,In copyright - educational use permitted; see http://rightsstatements.org/vocab/InC-EDU/1.0/ for more information,1999-09-14,2022-12-21T15:50:52.853000+00:00,https://api.library.tamu.edu/fcrepo/rest/4a/7d/ff/c4/4a7dffc4-04ec-4e1f-8f9e-ac661b9f328d/cvm-batch-2_objects/135/pages/page_0/files/CVM_0364-17.jpg,,,
reformatted digital,"['Texas A & M University. College of Veterinary Medicine & Biomedical Sciences', 'Texas A & M University Graphic Services']","['Texas', 'College Station']",StillImage,1990s,College of Veterinary Medicine Image Collection,"Outdoor Study Session, number 1",Group study with five people on the steps of a building on campus.,0695,Photographs,In copyright - educational use permitted; see http://rightsstatements.org/vocab/InC-EDU/1.0/ for more information,1999,2022-12-21T18:27:55.803000+00:00,https://api.library.tamu.edu/fcrepo/rest/4a/7d/ff/c4/4a7dffc4-04ec-4e1f-8f9e-ac661b9f328d/cvm-batch-2_objects/477/pages/page_0/files/CVM_0695.jpg,Written on photograph: Copyright 1996 File#99-554 Neg#20A 121,,"Wulfson, Jean"
reformatted digital,Texas A & M University. College of Veterinary Medicine & Biomedical Sciences,"['College Station', 'Texas']",StillImage,1990s,College of Veterinary Medicine Image Collection,"Womack Reception, number 28",Dr. Womack sits in his new chair.,0614,Photographs,In copyright - educational use permitted; see http://rightsstatements.org/vocab/InC-EDU/1.0/ for more information,1999-07-15,2022-12-21T18:00:36.387000+00:00,https://api.library.tamu.edu/fcrepo/rest/4a/7d/ff/c4/4a7dffc4-04ec-4e1f-8f9e-ac661b9f328d/cvm-batch-2_objects/397/pages/page_0/files/CVM_0614.jpg,Written on photograph: Roll 1 frame 28,,
reformatted digital,Texas A & M University. College of Veterinary Medicine & Biomedical Sciences,"['Texas', 'Dallas']",StillImage,1970s,College of Veterinary Medicine Image Collection,1975 Mark Francis Award Winners,Six people shown in this image are the 1975 winners of the Mark Francis Award honored at the 1976 Texas Veterinary Medical Association Convention in Dallas.,0474,Photographs,In copyright - educational use permitted; see http://rightsstatements.org/vocab/InC-EDU/1.0/ for more information,1976,2022-12-21T17:16:22.158000+00:00,https://api.library.tamu.edu/fcrepo/rest/4a/7d/ff/c4/4a7dffc4-04ec-4e1f-8f9e-ac661b9f328d/cvm-batch-2_objects/265/pages/page_0/files/CVM_0474.jpg,"Written on photograph: Winners of 1975 Mark Francis Award at TVMA '76 Conv. - Dallas Statler Hilton, Feb. 8- 9 & 10th.",,
reformatted digital,Texas A & M University. College of Veterinary Medicine & Biomedical Sciences,"['College Station', 'Texas']",StillImage,1990s,College of Veterinary Medicine Image Collection,"Stevenson Center Special Events, number 10",Unnamed woman makes friends with a resident pet while Ellie Greenbaum and unnamed man looks on.,0374,Photographs,In copyright - educational use permitted; see http://rightsstatements.org/vocab/InC-EDU/1.0/ for more information,1999-12,2022-12-21T16:00:23.309000+00:00,https://api.library.tamu.edu/fcrepo/rest/4a/7d/ff/c4/4a7dffc4-04ec-4e1f-8f9e-ac661b9f328d/cvm-batch-2_objects/165/pages/page_0/files/CVM_0374.jpg,,Photograph taken during December 1999.,
reformatted digital,Texas A & M University. College of Veterinary Medicine & Biomedical Sciences,,StillImage,,College of Veterinary Medicine Image Collection,"Hunting, number 11",A fenced enclosure with hunting dogs.,0653,Photographs,In copyright - educational use permitted; see http://rightsstatements.org/vocab/InC-EDU/1.0/ for more information,,2022-12-21T18:13:49.862000+00:00,https://api.library.tamu.edu/fcrepo/rest/4a/7d/ff/c4/4a7dffc4-04ec-4e1f-8f9e-ac661b9f328d/cvm-batch-2_objects/436/pages/page_0/files/CVM_0653.jpg,,,
reformatted digital,Texas A & M University. College of Veterinary Medicine & Biomedical Sciences,"['College Station', 'Texas']",StillImage,1970s,College of Veterinary Medicine Image Collection,"Italian Delegates' Visit, number 05","Dr. Dante Graziosi (left), president of the Italian Institute for Foreign Trade and of Italy's Veterinary Medical Association, shakes hands with Dean George C. Shelton (right). Dean Shelton is wearing the medallion and ribbon of ne of Italy's highest awards, honorary membership in the Order of Knights of the Italian Republic.",0471,Photographs,In copyright - educational use permitted; see http://rightsstatements.org/vocab/InC-EDU/1.0/ for more information,1978-11-04,2022-12-21T17:15:22.572000+00:00,https://api.library.tamu.edu/fcrepo/rest/4a/7d/ff/c4/4a7dffc4-04ec-4e1f-8f9e-ac661b9f328d/cvm-batch-2_objects/262/pages/page_0/files/CVM_0471.jpg,,,
reformatted digital,Texas A & M University. College of Veterinary Medicine & Biomedical Sciences,"['College Station', 'Texas']",StillImage,1990s,College of Veterinary Medicine Image Collection,"Playter Retirement, number 04","Dr. Playter with back to camera, stands with Charles L. Hall. Others applaud while a smiling Dr. Adams is seen seating to the left.",0513,Photographs,In copyright - educational use permitted; see http://rightsstatements.org/vocab/InC-EDU/1.0/ for more information,1999-06,2022-12-21T17:29:30.731000+00:00,https://api.library.tamu.edu/fcrepo/rest/4a/7d/ff/c4/4a7dffc4-04ec-4e1f-8f9e-ac661b9f328d/cvm-batch-2_objects/304/pages/page_0/files/CVM_0513.jpg,,Photograph taken during June 1999.,
reformatted digital,Texas A & M University. College of Veterinary Medicine & Biomedical Sciences,"['College Station', 'Texas']",StillImage,1970s,College of Veterinary Medicine Image Collection,"Dr. James W. Dollahite, number 06",Dr. Dollahite is presented a watch as a gift by Dr. Bennie J. Camp of the College of Veterinary Science.,0483,Photographs,In copyright - educational use permitted; see http://rightsstatements.org/vocab/InC-EDU/1.0/ for more information,1975-01,2022-12-21T17:19:29.961000+00:00,https://api.library.tamu.edu/fcrepo/rest/4a/7d/ff/c4/4a7dffc4-04ec-4e1f-8f9e-ac661b9f328d/cvm-batch-2_objects/274/pages/page_0/files/CVM_0483.jpg,,Photographed during January 1975.,
reformatted digital,Texas A & M University. College of Veterinary Medicine & Biomedical Sciences,"['College Station', 'Texas']",StillImage,1990s,College of Veterinary Medicine Image Collection,"Stevenson Center Pet Residents, number 129","Student resident of the Stevenson Companion Animal Life-Care Center, Kathleen Harris bathes ""Orphan Annie.""",0364-11,Photographs,In copyright - educational use permitted; see http://rightsstatements.org/vocab/InC-EDU/1.0/ for more information,1999-09-14,2022-12-21T15:49:18.977000+00:00,https://api.library.tamu.edu/fcrepo/rest/4a/7d/ff/c4/4a7dffc4-04ec-4e1f-8f9e-ac661b9f328d/cvm-batch-2_objects/130/pages/page_0/files/CVM_0364-11.jpg,,,
reformatted digital,Texas A & M University. College of Veterinary Medicine & Biomedical Sciences,"['College Station', 'Texas']",StillImage,1990s,College of Veterinary Medicine Image Collection,"Stevenson Center, number 010",Cat tower at the Stevenson Companion Animal Life-Care Center.,0364-24,Photographs,In copyright - educational use permitted; see http://rightsstatements.org/vocab/InC-EDU/1.0/ for more information,1999-09-14,2022-12-21T15:53:04.192000+00:00,https://api.library.tamu.edu/fcrepo/rest/4a/7d/ff/c4/4a7dffc4-04ec-4e1f-8f9e-ac661b9f328d/cvm-batch-2_objects/142/pages/page_0/files/CVM_0364-24.jpg,,,
reformatted digital,Texas A & M University. College of Veterinary Medicine & Biomedical Sciences,"['College Station', 'Texas']",StillImage,1990s,College of Veterinary Medicine Image Collection,"Womack Reception, number 23",Dr. Richard H. Adams speaks with a person standing out of frame.,0609,Photographs,In copyright - educational use permitted; see http://rightsstatements.org/vocab/InC-EDU/1.0/ for more information,1999-07-15,2022-12-21T17:58:53.951000+00:00,https://api.library.tamu.edu/fcrepo/rest/4a/7d/ff/c4/4a7dffc4-04ec-4e1f-8f9e-ac661b9f328d/cvm-batch-2_objects/392/pages/page_0/files/CVM_0609.jpg,Written on photograph: Roll 1 frame 23,,
reformatted digital,Texas A & M University. College of Veterinary Medicine & Biomedical Sciences,"['College Station', 'Texas']",StillImage,1990s,College of Veterinary Medicine Image Collection,"Richard H. Adams at Event, number 3",Dean Adams with a fiddler and two other men in suits inside a rodeo arena.,0435,Photographs,In copyright - educational use permitted; see http://rightsstatements.org/vocab/InC-EDU/1.0/ for more information,1997-11-20,2022-12-21T17:03:52.175000+00:00,https://api.library.tamu.edu/fcrepo/rest/4a/7d/ff/c4/4a7dffc4-04ec-4e1f-8f9e-ac661b9f328d/cvm-batch-2_objects/228/pages/page_0/files/CVM_0435.jpg,,,
reformatted digital,Texas A & M University. College of Veterinary Medicine & Biomedical Sciences,"['College Station', 'Texas']",StillImage,1990s,College of Veterinary Medicine Image Collection,William Banks,"William Banks, Associate Dean for Academic Programs.","['0453', '0122']","['Portraits', 'Photographs']",In copyright - educational use permitted; see http://rightsstatements.org/vocab/InC-EDU/1.0/ for more information,Between 1990 and 1995,2022-12-21T17:09:57.736000+00:00,https://api.library.tamu.edu/fcrepo/rest/4a/7d/ff/c4/4a7dffc4-04ec-4e1f-8f9e-ac661b9f328d/cvm-batch-2_objects/246/pages/page_0/files/CVM_0453.jpg,,,
reformatted digital,Texas A & M University. College of Veterinary Medicine & Biomedical Sciences,"['Austin', 'Texas']",StillImage,1950s,College of Veterinary Medicine Image Collection,Group of Conference Attendees,"Attendees of the Conference on Animal Diseases Transmissible to Man, June 12th-14th, 1951, Austin, Texas. This conference was also known as ""The Southwest Conference on Diseases in Nature Transmissible to Man"" or at times by the founder's name, The James Steele Conference on Diseases in Nature Transmissible to Man.",0461,"['Portraits', 'Photographs']",In copyright - educational use permitted; see http://rightsstatements.org/vocab/InC-EDU/1.0/ for more information,1951-06,2022-12-21T17:12:37.788000+00:00,https://api.library.tamu.edu/fcrepo/rest/4a/7d/ff/c4/4a7dffc4-04ec-4e1f-8f9e-ac661b9f328d/cvm-batch-2_objects/254/pages/page_0/files/CVM_0461.jpg,,Photograph taken during June 1951.,
reformatted digital,Texas A & M University. College of Veterinary Medicine & Biomedical Sciences,,StillImage,,College of Veterinary Medicine Image Collection,"Hunting, number 06",Three hunters with guns and dogs. Richard Adams is the man in the center.,0648,"['Portraits', 'Photographs']",In copyright - educational use permitted; see http://rightsstatements.org/vocab/InC-EDU/1.0/ for more information,,2022-12-21T18:12:08.001000+00:00,https://api.library.tamu.edu/fcrepo/rest/4a/7d/ff/c4/4a7dffc4-04ec-4e1f-8f9e-ac661b9f328d/cvm-batch-2_objects/431/pages/page_0/files/CVM_0648.jpg,,,
reformatted digital,Texas A & M University. College of Veterinary Medicine & Biomedical Sciences,"['College Station', 'Texas']",StillImage,1990s,College of Veterinary Medicine Image Collection,"Stevenson Center Pet Residents, number 113","This is either ""Lovey"" or ""Yummy,"" who were both residents of the Stevenson Companion Animal Life-Care Center.",0363-16,Photographs,In copyright - educational use permitted; see http://rightsstatements.org/vocab/InC-EDU/1.0/ for more information,1999-09-14,2022-12-21T15:44:17.368000+00:00,https://api.library.tamu.edu/fcrepo/rest/4a/7d/ff/c4/4a7dffc4-04ec-4e1f-8f9e-ac661b9f328d/cvm-batch-2_objects/114/pages/page_0/files/CVM_0363-16.jpg,,,
reformatted digital,Texas A & M University. College of Veterinary Medicine & Biomedical Sciences,"['College Station', 'Texas']",StillImage,1990s,College of Veterinary Medicine Image Collection,"Stevenson Center Pet Residents, number 121","Student resident of the Stevenson Companion Animal Life-Care Center, Kathleen Harris bathes ""Orphan Annie.""",0364-03,Photographs,In copyright - educational use permitted; see http://rightsstatements.org/vocab/InC-EDU/1.0/ for more information,1999-09-14,2022-12-21T15:46:48.213000+00:00,https://api.library.tamu.edu/fcrepo/rest/4a/7d/ff/c4/4a7dffc4-04ec-4e1f-8f9e-ac661b9f328d/cvm-batch-2_objects/122/pages/page_0/files/CVM_0364-3.jpg,,,
reformatted digital,Texas A & M University. College of Veterinary Medicine & Biomedical Sciences,"['Texas', 'College Station']",StillImage,1990s,College of Veterinary Medicine Image Collection,"Stevenson Center Pet Residents, number 098","Student resident of the Stevenson Companion Animal Life-Care Center, Kathleen Harris bathes ""Orphan Annie.""",0363-01,Photographs,In copyright - educational use permitted; see http://rightsstatements.org/vocab/InC-EDU/1.0/ for more information,1999-09-14,2022-12-21T16:46:07.872000+00:00,https://api.library.tamu.edu/fcrepo/rest/4a/7d/ff/c4/4a7dffc4-04ec-4e1f-8f9e-ac661b9f328d/cvm-batch-2_objects/99/pages/page_0/files/CVM_0363-1.jpg,,,
reformatted digital,Texas A & M University. College of Veterinary Medicine & Biomedical Sciences,"['College Station', 'Texas']",StillImage,1990s,College of Veterinary Medicine Image Collection,"Stevenson Center Pet Residents, number 048","Canine resident ""Orphan Annie,"" who first came to the center in 1997.",0361-12,Photographs,In copyright - educational use permitted; see http://rightsstatements.org/vocab/InC-EDU/1.0/ for more information,1999-09-14,2022-12-21T16:30:07.920000+00:00,https://api.library.tamu.edu/fcrepo/rest/4a/7d/ff/c4/4a7dffc4-04ec-4e1f-8f9e-ac661b9f328d/cvm-batch-2_objects/49/pages/page_0/files/CVM_0361-12.jpg,,,
reformatted digital,Texas A & M University. College of Veterinary Medicine & Biomedical Sciences,,StillImage,,College of Veterinary Medicine Image Collection,"Hunting, number 24",View of three men standing in front of concrete wall or fence. Man in center is Richard Adams.,0666,"['Portraits', 'Photographs']",In copyright - educational use permitted; see http://rightsstatements.org/vocab/InC-EDU/1.0/ for more information,,2022-12-21T18:18:14.650000+00:00,https://api.library.tamu.edu/fcrepo/rest/4a/7d/ff/c4/4a7dffc4-04ec-4e1f-8f9e-ac661b9f328d/cvm-batch-2_objects/449/pages/page_0/files/CVM_0666.jpg,,,
reformatted digital,Texas A & M University. College of Veterinary Medicine & Biomedical Sciences,"['College Station', 'Texas']",StillImage,1990s,College of Veterinary Medicine Image Collection,"Womack Reception, number 12",Ann Kier speaks; Dr. and Mrs. Womack are standing to the right. An unnamed man stand in the background to the right.,0598,Photographs,In copyright - educational use permitted; see http://rightsstatements.org/vocab/InC-EDU/1.0/ for more information,1999-07-15,2022-12-21T17:55:13.834000+00:00,https://api.library.tamu.edu/fcrepo/rest/4a/7d/ff/c4/4a7dffc4-04ec-4e1f-8f9e-ac661b9f328d/cvm-batch-2_objects/381/pages/page_0/files/CVM_0598.jpg,Written on photograph: Roll 1 frame 20,,
reformatted digital,Texas A & M University. College of Veterinary Medicine & Biomedical Sciences,"['College Station', 'Texas']",StillImage,,College of Veterinary Medicine Image Collection,"Clinical Hospital Rounds, number 06",Two men stand outside a horse stall during equine rounds.,0571,Photographs,In copyright - educational use permitted; see http://rightsstatements.org/vocab/InC-EDU/1.0/ for more information,,2022-12-21T17:47:54.151000+00:00,https://api.library.tamu.edu/fcrepo/rest/4a/7d/ff/c4/4a7dffc4-04ec-4e1f-8f9e-ac661b9f328d/cvm-batch-2_objects/359/pages/page_0/files/CVM_0571.jpg,,,
reformatted digital,Texas A & M University. College of Veterinary Medicine & Biomedical Sciences,"['College Station', 'Texas']",StillImage,1990s,College of Veterinary Medicine Image Collection,"Playter Retirement, number 17",Man in light blue suit stands near table and lifts hand in recognition or thanks.,0526,Photographs,In copyright - educational use permitted; see http://rightsstatements.org/vocab/InC-EDU/1.0/ for more information,1999-06,2022-12-21T17:33:50.787000+00:00,https://api.library.tamu.edu/fcrepo/rest/4a/7d/ff/c4/4a7dffc4-04ec-4e1f-8f9e-ac661b9f328d/cvm-batch-2_objects/317/pages/page_0/files/CVM_0526.jpg,,Photograph taken during June 1999.,
reformatted digital,Texas A & M University. College of Veterinary Medicine & Biomedical Sciences,"['College Station', 'Texas']",StillImage,,College of Veterinary Medicine Image Collection,Ken Knauer,"Ken Knauer in 1981 was Professor of Small Animal Medicine & Surgery; D.V.M. -PUR; M.S.-Texas A&M; Diplomate, A.C.V.I.M.",0424,"['Portraits', 'Photographs']",In copyright - educational use permitted; see http://rightsstatements.org/vocab/InC-EDU/1.0/ for more information,,2022-12-21T17:00:14.357000+00:00,https://api.library.tamu.edu/fcrepo/rest/4a/7d/ff/c4/4a7dffc4-04ec-4e1f-8f9e-ac661b9f328d/cvm-batch-2_objects/217/pages/page_0/files/CVM_0424.jpg,Written on photograph: Ken Knauer,,
reformatted digital,Texas A & M University. College of Veterinary Medicine & Biomedical Sciences,"['College Station', 'Texas']",StillImage,1990s,College of Veterinary Medicine Image Collection,"Stevenson Center Pet Residents, number 078","Feline resident ""Bubba Kitty"" who arrived at the Stevenson Companion Animal Life-Care Center in 1997.",0362-05,Photographs,In copyright - educational use permitted; see http://rightsstatements.org/vocab/InC-EDU/1.0/ for more information,1999-09-14,2022-12-21T16:39:43.341000+00:00,https://api.library.tamu.edu/fcrepo/rest/4a/7d/ff/c4/4a7dffc4-04ec-4e1f-8f9e-ac661b9f328d/cvm-batch-2_objects/79/pages/page_0/files/CVM_0362-5.jpg,,,
reformatted digital,Texas A & M University. College of Veterinary Medicine & Biomedical Sciences,"['College Station', 'Texas']",StillImage,1990s,College of Veterinary Medicine Image Collection,"Richard H. Adams at Event, number 2",Dean Adams with a fiddler and two other men in suits inside a rodeo arena.,0434,Photographs,In copyright - educational use permitted; see http://rightsstatements.org/vocab/InC-EDU/1.0/ for more information,1997-11-20,2022-12-21T17:03:32.063000+00:00,https://api.library.tamu.edu/fcrepo/rest/4a/7d/ff/c4/4a7dffc4-04ec-4e1f-8f9e-ac661b9f328d/cvm-batch-2_objects/227/pages/page_0/files/CVM_0434.jpg,,,
reformatted digital,Texas A & M University. College of Veterinary Medicine & Biomedical Sciences,"['College Station', 'Texas']",StillImage,,College of Veterinary Medicine Image Collection,Alvin Price,"Dr. Alvin Audis Price was Dean between 1957-1973. Dr. Alvin Audis Price was dean of the College of Veterinary Medicine at Texas A&M University from 1957-1973. Dr. Price began his faculty career at Texas A&M in 1949 and went on to head the Department of Veterinary Anatomy. In 1973, after 16 years as dean, Dr. Price resumed his teaching career as a professor in the Department of Veterinary Physiology and Pharmacology. His continued participation in the undergraduate biomedical sciences program led to his appointment as its first director, in 1975. Dr. Price retired in 1988 and died March 11, 2001.",0405,Photographs,In copyright - educational use permitted; see http://rightsstatements.org/vocab/InC-EDU/1.0/ for more information,,2022-12-21T16:53:33.756000+00:00,https://api.library.tamu.edu/fcrepo/rest/4a/7d/ff/c4/4a7dffc4-04ec-4e1f-8f9e-ac661b9f328d/cvm-batch-2_objects/197/pages/page_0/files/CVM_0405.jpg,"Written on photograph: Price 57-73, Dean",,
reformatted digital,Texas A & M University. College of Veterinary Medicine & Biomedical Sciences,"['College Station', 'Texas']",StillImage,1990s,College of Veterinary Medicine Image Collection,"Playter Retirement, number 35",Mrs. Kay Playter speaks with another couple.,0544,Photographs,In copyright - educational use permitted; see http://rightsstatements.org/vocab/InC-EDU/1.0/ for more information,1999-06,2022-12-21T17:39:50.213000+00:00,https://api.library.tamu.edu/fcrepo/rest/4a/7d/ff/c4/4a7dffc4-04ec-4e1f-8f9e-ac661b9f328d/cvm-batch-2_objects/335/pages/page_0/files/CVM_0544.jpg,,Photograph taken during June 1999.,
reformatted digital,Texas A & M University. College of Veterinary Medicine & Biomedical Sciences,"['College Station', 'Texas']",StillImage,1990s,College of Veterinary Medicine Image Collection,"Stevenson Center Pet Residents, number 003",Two canine residents of the Stevenson Companion Animal Life-Care Center; (Front to back) Algernon (1997) and Chip (1998).,0360-03,Photographs,In copyright - educational use permitted; see http://rightsstatements.org/vocab/InC-EDU/1.0/ for more information,1999-09-14,2022-12-21T15:38:00.136000+00:00,https://api.library.tamu.edu/fcrepo/rest/4a/7d/ff/c4/4a7dffc4-04ec-4e1f-8f9e-ac661b9f328d/cvm-batch-2_objects/4/pages/page_0/files/CVM_0360-3.jpg,,,
reformatted digital,"['Texas A & M University. College of Veterinary Medicine & Biomedical Sciences', 'Texas A & M University. College of Veterinary Medicine. Media Resources']","['College Station', 'Texas']",StillImage,1990s,College of Veterinary Medicine Image Collection,Dr. Boothe in Laboratory,Dr. Dawn M. Boothe in the Veterinary Pharmacology and Physiology Laboratory.,"['0707', '0034']",Photographs,In copyright - educational use permitted; see http://rightsstatements.org/vocab/InC-EDU/1.0/ for more information,Between 1990 and 2000,2022-12-21T18:32:03.483000+00:00,https://api.library.tamu.edu/fcrepo/rest/4a/7d/ff/c4/4a7dffc4-04ec-4e1f-8f9e-ac661b9f328d/cvm-batch-2_objects/489/pages/page_0/files/CVM_0707.jpg,Written on photograph: Dawn Boothe in Lab/VTPP,,
reformatted digital,Texas A & M University. College of Veterinary Medicine & Biomedical Sciences,"['College Station', 'Texas']",StillImage,,College of Veterinary Medicine Image Collection,"Fred Jaggi, number 6",Dr. Jaggi stands in front magnify tool and inspects specimens through magnifying tool.,0411,Photographs,In copyright - educational use permitted; see http://rightsstatements.org/vocab/InC-EDU/1.0/ for more information,,2022-12-21T16:55:32.564000+00:00,https://api.library.tamu.edu/fcrepo/rest/4a/7d/ff/c4/4a7dffc4-04ec-4e1f-8f9e-ac661b9f328d/cvm-batch-2_objects/203/pages/page_0/files/CVM_0411.jpg,Written on photograph: Dr. Fred Jaggi- Public Health until retirement,,
reformatted digital,Texas A & M University. College of Veterinary Medicine & Biomedical Sciences,"['College Station', 'Texas']",StillImage,1990s,College of Veterinary Medicine Image Collection,"Stevenson Center Pet Residents, number 102","Student resident of the Stevenson Companion Animal Life-Care Center, Kathleen Harris bathes ""Orphan Annie.""",0363-05,Photographs,In copyright - educational use permitted; see http://rightsstatements.org/vocab/InC-EDU/1.0/ for more information,1999-09-14,2022-12-21T15:40:49.651000+00:00,https://api.library.tamu.edu/fcrepo/rest/4a/7d/ff/c4/4a7dffc4-04ec-4e1f-8f9e-ac661b9f328d/cvm-batch-2_objects/103/pages/page_0/files/CVM_0363-5.jpg,,,
reformatted digital,Texas A & M University. College of Veterinary Medicine & Biomedical Sciences,"['Texas', 'College Station']",StillImage,1990s,College of Veterinary Medicine Image Collection,"Stevenson Center Pet Residents, number 043","Canine resident ""Orphan Annie,"" who first came to the center in 1997.",0361-07,Photographs,In copyright - educational use permitted; see http://rightsstatements.org/vocab/InC-EDU/1.0/ for more information,1999-09-14,2022-12-21T16:28:32.166000+00:00,https://api.library.tamu.edu/fcrepo/rest/4a/7d/ff/c4/4a7dffc4-04ec-4e1f-8f9e-ac661b9f328d/cvm-batch-2_objects/44/pages/page_0/files/CVM_0361-7.jpg,,,
reformatted digital,"['Texas A & M University. College of Veterinary Medicine & Biomedical Sciences', 'Texas A & M University Graphic Services']","['College Station', 'Texas']",StillImage,1980s,College of Veterinary Medicine Image Collection,"Buildings on Campus, number 1",A Texas A&M University Academic Building viewed through an arched walkway.,0704,Photographs,In copyright - educational use permitted; see http://rightsstatements.org/vocab/InC-EDU/1.0/ for more information,1988,2022-12-21T18:31:00.830000+00:00,https://api.library.tamu.edu/fcrepo/rest/4a/7d/ff/c4/4a7dffc4-04ec-4e1f-8f9e-ac661b9f328d/cvm-batch-2_objects/486/pages/page_0/files/CVM_0704.jpg,Written on photograph: Copyright 1988. File 88-055 Neg. 10,,
reformatted digital,Texas A & M University. College of Veterinary Medicine & Biomedical Sciences,"['College Station', 'Texas']",StillImage,2000s,College of Veterinary Medicine Image Collection,"New Paddocks and Hay Barn, number 1",New paddocks and hay barn-21 Nov 03.,0386,Photographs,In copyright - educational use permitted; see http://rightsstatements.org/vocab/InC-EDU/1.0/ for more information,2003-11-21,2022-12-21T16:46:48.590000+00:00,https://api.library.tamu.edu/fcrepo/rest/4a/7d/ff/c4/4a7dffc4-04ec-4e1f-8f9e-ac661b9f328d/cvm-batch-2_objects/177/pages/page_0/files/CVM_0386.jpg,Written on photograph: 2003 New Equine Paddocks and Barns,,
reformatted digital,Texas A & M University. College of Veterinary Medicine & Biomedical Sciences,"['Texas', 'College Station']",StillImage,1990s,College of Veterinary Medicine Image Collection,"Stevenson Center Pet Residents, number 055","Feline resident ""Jessica"" who arrived at the Stevenson Companion Animal Life-Care Center in 1998.",0361-19,Photographs,In copyright - educational use permitted; see http://rightsstatements.org/vocab/InC-EDU/1.0/ for more information,1999-09-14,2022-12-21T16:32:23.539000+00:00,https://api.library.tamu.edu/fcrepo/rest/4a/7d/ff/c4/4a7dffc4-04ec-4e1f-8f9e-ac661b9f328d/cvm-batch-2_objects/56/pages/page_0/files/CVM_0361-19.jpg,,,
reformatted digital,Texas A & M University. College of Veterinary Medicine & Biomedical Sciences,"['Texas', 'College Station']",StillImage,,College of Veterinary Medicine Image Collection,"Fred Jaggi, number 3",Dr. Jaggi stands in front magnify tool and inspects specimens through magnifying tool.,0408,Photographs,In copyright - educational use permitted; see http://rightsstatements.org/vocab/InC-EDU/1.0/ for more information,,2022-12-21T16:54:33.112000+00:00,https://api.library.tamu.edu/fcrepo/rest/4a/7d/ff/c4/4a7dffc4-04ec-4e1f-8f9e-ac661b9f328d/cvm-batch-2_objects/200/pages/page_0/files/CVM_0408.jpg,Written on photograph: Dr. Fred Jaggi- Public Health until retirement,,
reformatted digital,Texas A & M University. College of Veterinary Medicine & Biomedical Sciences,"['College Station', 'Texas']",StillImage,2000s,College of Veterinary Medicine Image Collection,Womack Wins Wolf Prize 08,"Four men in front of the Freedom statue. Left to right is Dr. Richard H. Adams, unnamed man , Dr. James Womack, Ron Douglas of the provost office.",0563,Photographs,In copyright - educational use permitted; see http://rightsstatements.org/vocab/InC-EDU/1.0/ for more information,2001,2022-12-21T17:46:14.285000+00:00,https://api.library.tamu.edu/fcrepo/rest/4a/7d/ff/c4/4a7dffc4-04ec-4e1f-8f9e-ac661b9f328d/cvm-batch-2_objects/354/pages/page_0/files/CVM_0563.jpg,,,
reformatted digital,Texas A & M University. College of Veterinary Medicine & Biomedical Sciences,"['College Station', 'Texas']",StillImage,1990s,College of Veterinary Medicine Image Collection,"Karla Bludworth Enrichment Funds, number 3","Shown here left to right: Glenda Pearce, Dr. Claudia Barton, Karla Bludworth, and Dr. Kent Carter. Front and center is ""Wheeler Dealer"" the miniature horse belonging to Ms. Bludworth. Karla Bludworth of Hockley, Texas. She gifted $100,000 to the College of Veterinary Medicine for the caring service provided to her cat ""Sylvester.""",0679,Photographs,In copyright - educational use permitted; see http://rightsstatements.org/vocab/InC-EDU/1.0/ for more information,1999-09-28,2022-12-21T18:22:36.941000+00:00,https://api.library.tamu.edu/fcrepo/rest/4a/7d/ff/c4/4a7dffc4-04ec-4e1f-8f9e-ac661b9f328d/cvm-batch-2_objects/462/pages/page_0/files/CVM_0679.jpg,,,
reformatted digital,Texas A & M University. College of Veterinary Medicine & Biomedical Sciences,"['College Station', 'Texas']",StillImage,1990s,College of Veterinary Medicine Image Collection,"Clinical Hospital Rounds, number 15",Group of people at a meeting. Dr. Allen Roussel is on left in light blue over white shirt; Joe Jaros is shown on right side in dark suit.,0580,Photographs,In copyright - educational use permitted; see http://rightsstatements.org/vocab/InC-EDU/1.0/ for more information,Between 1995 and 2000,2022-12-21T17:50:13.612000+00:00,https://api.library.tamu.edu/fcrepo/rest/4a/7d/ff/c4/4a7dffc4-04ec-4e1f-8f9e-ac661b9f328d/cvm-batch-2_objects/366/pages/page_0/files/CVM_0580.jpg,,,
reformatted digital,Texas A & M University. College of Veterinary Medicine & Biomedical Sciences,"['College Station', 'Texas']",StillImage,1990s,College of Veterinary Medicine Image Collection,"Playter Retirement, number 06","Dr. Playter greeted by an unknown woman, while a woman seated in the foreground drinks tea.",0515,Photographs,In copyright - educational use permitted; see http://rightsstatements.org/vocab/InC-EDU/1.0/ for more information,1999-06,2022-12-21T17:30:11.072000+00:00,https://api.library.tamu.edu/fcrepo/rest/4a/7d/ff/c4/4a7dffc4-04ec-4e1f-8f9e-ac661b9f328d/cvm-batch-2_objects/306/pages/page_0/files/CVM_0515.jpg,,Photograph taken during June 1999.,
reformatted digital,Texas A & M University. College of Veterinary Medicine & Biomedical Sciences,"['College Station', 'Texas']",StillImage,1970s,College of Veterinary Medicine Image Collection,Dr. Ralph W. Storts,"Dr. Ralph W. Storts, Professor, Veterinary Pathology, adjusts a microscope. Dr. Storts joined the faculty in the Department of Veterinary Pharmacology at the College in 1966.",0423,Photographs,In copyright - educational use permitted; see http://rightsstatements.org/vocab/InC-EDU/1.0/ for more information,1970-03,2022-12-21T16:59:54.409000+00:00,https://api.library.tamu.edu/fcrepo/rest/4a/7d/ff/c4/4a7dffc4-04ec-4e1f-8f9e-ac661b9f328d/cvm-batch-2_objects/216/pages/page_0/files/CVM_0423.jpg,Written on photograph: Storts 3-70,,
reformatted digital,Texas A & M University. College of Veterinary Medicine & Biomedical Sciences,"['Texas', 'College Station']",StillImage,1990s,College of Veterinary Medicine Image Collection,"Playter Retirement, number 30","Dr. & Mrs. Michael A. Walker, Professor and Chief of Radiology.",0539,Photographs,In copyright - educational use permitted; see http://rightsstatements.org/vocab/InC-EDU/1.0/ for more information,1999-06,2022-12-21T17:38:09.968000+00:00,https://api.library.tamu.edu/fcrepo/rest/4a/7d/ff/c4/4a7dffc4-04ec-4e1f-8f9e-ac661b9f328d/cvm-batch-2_objects/330/pages/page_0/files/CVM_0539.jpg,,Photograph taken during June 1999.,
reformatted digital,Texas A & M University. College of Veterinary Medicine & Biomedical Sciences,"['College Station', 'Texas']",StillImage,1990s,College of Veterinary Medicine Image Collection,"Stevenson Center Pet Residents, number 027","Canine resident ""Algernon"" who arrived at the center in 1997.",0360-27,Photographs,In copyright - educational use permitted; see http://rightsstatements.org/vocab/InC-EDU/1.0/ for more information,1999-09-14,2022-12-21T16:06:24.110000+00:00,https://api.library.tamu.edu/fcrepo/rest/4a/7d/ff/c4/4a7dffc4-04ec-4e1f-8f9e-ac661b9f328d/cvm-batch-2_objects/28/pages/page_0/files/CVM_0360-27.jpg,,,
reformatted digital,Texas A & M University. College of Veterinary Medicine & Biomedical Sciences,"['College Station', 'Texas']",StillImage,1990s,College of Veterinary Medicine Image Collection,"Stevenson Center Pet Residents, number 035","Canine resident Jill,"" one of the original pets to enter the center in 1994.",0360-35,Photographs,In copyright - educational use permitted; see http://rightsstatements.org/vocab/InC-EDU/1.0/ for more information,1999-09-14,2022-12-21T16:08:55.970000+00:00,https://api.library.tamu.edu/fcrepo/rest/4a/7d/ff/c4/4a7dffc4-04ec-4e1f-8f9e-ac661b9f328d/cvm-batch-2_objects/36/pages/page_0/files/CVM_0360-35.jpg,,,
reformatted digital,"['Texas A & M University. College of Veterinary Medicine & Biomedical Sciences', 'Texas A & M University Graphic Services']","['Texas', 'College Station']",StillImage,1990s,College of Veterinary Medicine Image Collection,Students During a Lecture,A group of people in a classroom listening to a lecture.,0696,Photographs,In copyright - educational use permitted; see http://rightsstatements.org/vocab/InC-EDU/1.0/ for more information,1999,2022-12-21T18:28:16.185000+00:00,https://api.library.tamu.edu/fcrepo/rest/4a/7d/ff/c4/4a7dffc4-04ec-4e1f-8f9e-ac661b9f328d/cvm-batch-2_objects/478/pages/page_0/files/CVM_0696.jpg,Written on photograph: Copyright 1999. File#99-088. Neg 25,,
reformatted digital,Texas A & M University. College of Veterinary Medicine & Biomedical Sciences,"['College Station', 'Texas']",StillImage,1990s,College of Veterinary Medicine Image Collection,Corps of Cadets with Reveille,"The Mascot ""Reveille"" stands with Company E.",0555,Photographs,In copyright - educational use permitted; see http://rightsstatements.org/vocab/InC-EDU/1.0/ for more information,1998,2022-12-21T17:43:32.082000+00:00,https://api.library.tamu.edu/fcrepo/rest/4a/7d/ff/c4/4a7dffc4-04ec-4e1f-8f9e-ac661b9f328d/cvm-batch-2_objects/346/pages/page_0/files/CVM_0555.jpg,Written on photograph: Copyright 1998-TAMU photographic Services.,,"Shepard, A."
reformatted digital,Texas A & M University. College of Veterinary Medicine & Biomedical Sciences,"['College Station', 'Texas']",StillImage,1990s,College of Veterinary Medicine Image Collection,"Clinical Rounds, number 6",Group of people on large animal clinical rounds.,0381,Photographs,In copyright - educational use permitted; see http://rightsstatements.org/vocab/InC-EDU/1.0/ for more information,1998-02-24,2022-12-21T16:02:36.093000+00:00,https://api.library.tamu.edu/fcrepo/rest/4a/7d/ff/c4/4a7dffc4-04ec-4e1f-8f9e-ac661b9f328d/cvm-batch-2_objects/172/pages/page_0/files/CVM_0381.jpg,,,
reformatted digital,Texas A & M University. College of Veterinary Medicine & Biomedical Sciences,"['College Station', 'Texas']",StillImage,1990s,College of Veterinary Medicine Image Collection,"Stevenson Center Pet Residents, number 032","Canine resident ""Jill,"" one of the original pets to enter the center in 1994.",0360-32,Photographs,In copyright - educational use permitted; see http://rightsstatements.org/vocab/InC-EDU/1.0/ for more information,1999-09-14,2022-12-21T16:07:58.980000+00:00,https://api.library.tamu.edu/fcrepo/rest/4a/7d/ff/c4/4a7dffc4-04ec-4e1f-8f9e-ac661b9f328d/cvm-batch-2_objects/33/pages/page_0/files/CVM_0360-32.jpg,,,
reformatted digital,"['Texas A & M University. College of Veterinary Medicine. Media Resources', 'Texas A & M University. College of Veterinary Medicine & Biomedical Sciences']","['College Station', 'Texas']",StillImage,1980s,College of Veterinary Medicine Image Collection,Neurologic Exam on a dog,Two female students perform a neurological examination of the reflexes of a dog.,"['0010', '0711']",Photographs,In copyright - educational use permitted; see http://rightsstatements.org/vocab/InC-EDU/1.0/ for more information,1988-02,2022-12-21T18:33:28.227000+00:00,https://api.library.tamu.edu/fcrepo/rest/4a/7d/ff/c4/4a7dffc4-04ec-4e1f-8f9e-ac661b9f328d/cvm-batch-2_objects/493/pages/page_0/files/CVM_0711.jpg,"Written on photograph: ""People: Neuro exam, 2 Students , Dog. Feb 1988. Orig: 35mm color slide.""",Photograph taken during February 1988.,"Morgan, Beth"
reformatted digital,Texas A & M University. College of Veterinary Medicine & Biomedical Sciences,"['College Station', 'Texas']",StillImage,,College of Veterinary Medicine Image Collection,John Shadduck,Faculty photo of Dr. John Shadduck who was Dean of the College of Veterinary Medicine from 1990-1997.,"['0393', '0114']","['Portraits', 'Photographs']",In copyright - educational use permitted; see http://rightsstatements.org/vocab/InC-EDU/1.0/ for more information,,2022-12-21T16:49:08.475000+00:00,https://api.library.tamu.edu/fcrepo/rest/4a/7d/ff/c4/4a7dffc4-04ec-4e1f-8f9e-ac661b9f328d/cvm-batch-2_objects/184/pages/page_0/files/CVM_0393.jpg,"Written on photograph: John Shadduck. Faculty photograph. Dean, College of Veterinary Medicine. Original Medium B&W Neg.",,
reformatted digital,Texas A & M University. College of Veterinary Medicine & Biomedical Sciences,,StillImage,,College of Veterinary Medicine Image Collection,"Hunting, number 18",Three unnamed men and a brown dog perch on a concrete structure or wall.,0660,"['Portraits', 'Photographs']",In copyright - educational use permitted; see http://rightsstatements.org/vocab/InC-EDU/1.0/ for more information,,2022-12-21T18:16:12.374000+00:00,https://api.library.tamu.edu/fcrepo/rest/4a/7d/ff/c4/4a7dffc4-04ec-4e1f-8f9e-ac661b9f328d/cvm-batch-2_objects/443/pages/page_0/files/CVM_0660.jpg,,,
reformatted digital,Texas A & M University. College of Veterinary Medicine & Biomedical Sciences,"['College Station', 'Texas']",StillImage,1990s,College of Veterinary Medicine Image Collection,"1995 Bonfire, number 3",The 1995 Bonfire would be the one of the last few to burn before the tragic collapse of Bonfire 1999. The Aggie Bonfire was a Texas A&M tradition from 1909 until the last official one in 1998.,0552,Photographs,In copyright - educational use permitted; see http://rightsstatements.org/vocab/InC-EDU/1.0/ for more information,1995,2022-12-21T17:42:31.404000+00:00,https://api.library.tamu.edu/fcrepo/rest/4a/7d/ff/c4/4a7dffc4-04ec-4e1f-8f9e-ac661b9f328d/cvm-batch-2_objects/343/pages/page_0/files/CVM_0552.jpg,Written on photograph: Copyright 1996-TAMU photographic Services.,,"Kellett, Michael"
reformatted digital,Texas A & M University. College of Veterinary Medicine & Biomedical Sciences,"['College Station', 'Texas']",StillImage,1960s,College of Veterinary Medicine Image Collection,Dorothy J. Kane,"Dorothy Kane, a graduating student from the class of August 1970, holds a snake inside a laboratory.",0418,Photographs,In copyright - educational use permitted; see http://rightsstatements.org/vocab/InC-EDU/1.0/ for more information,Between 1965 and 1970,2022-12-21T16:58:13.879000+00:00,https://api.library.tamu.edu/fcrepo/rest/4a/7d/ff/c4/4a7dffc4-04ec-4e1f-8f9e-ac661b9f328d/cvm-batch-2_objects/211/pages/page_0/files/CVM_0418.jpg,,,
reformatted digital,Texas A & M University. College of Veterinary Medicine & Biomedical Sciences,"['College Station', 'Texas']",StillImage,1980s,College of Veterinary Medicine Image Collection,"Equine Ear Twitch, number 1",Demonstration of mild restraint.,0490,Photographs,In copyright - educational use permitted; see http://rightsstatements.org/vocab/InC-EDU/1.0/ for more information,1982-01-22,2022-12-21T17:21:56.523000+00:00,https://api.library.tamu.edu/fcrepo/rest/4a/7d/ff/c4/4a7dffc4-04ec-4e1f-8f9e-ac661b9f328d/cvm-batch-2_objects/281/pages/page_0/files/CVM_0490.jpg,"Written on photograph: photograph REQUEST (slip) : Sam Wigington, for the Dept. Large Animal Med. & Surg., TAMU, Breed: Appaloosa, 1 set in B W.",,
reformatted digital,Texas A & M University. College of Veterinary Medicine & Biomedical Sciences,"['College Station', 'Texas']",StillImage,1990s,College of Veterinary Medicine Image Collection,"Stevenson Center Pet Residents, number 130","Student resident of the Stevenson Companion Animal Life-Care Center, Kathleen Harris bathes ""Orphan Annie.""",0364-12,Photographs,In copyright - educational use permitted; see http://rightsstatements.org/vocab/InC-EDU/1.0/ for more information,1999-09-14,2022-12-21T15:49:37.757000+00:00,https://api.library.tamu.edu/fcrepo/rest/4a/7d/ff/c4/4a7dffc4-04ec-4e1f-8f9e-ac661b9f328d/cvm-batch-2_objects/131/pages/page_0/files/CVM_0364-12.jpg,,,
reformatted digital,Texas A & M University. College of Veterinary Medicine & Biomedical Sciences,"['Arlington', 'Texas']",StillImage,1940s,College of Veterinary Medicine Image Collection,"Veterinary Practice: Farrell Brothers, number 2","Dr. Don Farrell (left) and brother Dr. Joseph M. Farrell, Jr. (right) examine a canine patient in the new clinic space at Farrell Brothers Animal Hospital located near Arlington, Texas. Brothers, Dr. Joseph Milton Farrell, Jr. and Dr. Don Farrell opened their veterinary practice together on August 9th, 1948 in Arlington, Texas.",0691,Photographs,In copyright - educational use permitted; see http://rightsstatements.org/vocab/InC-EDU/1.0/ for more information,1948,2022-12-21T18:26:31.323000+00:00,https://api.library.tamu.edu/fcrepo/rest/4a/7d/ff/c4/4a7dffc4-04ec-4e1f-8f9e-ac661b9f328d/cvm-batch-2_objects/473/pages/page_0/files/CVM_0691.jpg,Written on photograph: Two Vets with patient,,
reformatted digital,Texas A & M University. College of Veterinary Medicine & Biomedical Sciences,"['College Station', 'Texas']",StillImage,1990s,College of Veterinary Medicine Image Collection,"Stevenson Center Pet Residents, number 016","Canine resident ""Chip"" who arrived at the center in 1998.",0360-16,Photographs,In copyright - educational use permitted; see http://rightsstatements.org/vocab/InC-EDU/1.0/ for more information,1999-09-14,2022-12-21T15:36:24.240000+00:00,https://api.library.tamu.edu/fcrepo/rest/4a/7d/ff/c4/4a7dffc4-04ec-4e1f-8f9e-ac661b9f328d/cvm-batch-2_objects/17/pages/page_0/files/CVM_0360-16.jpg,,,
reformatted digital,Texas A & M University. College of Veterinary Medicine & Biomedical Sciences,"['College Station', 'Texas']",StillImage,1990s,College of Veterinary Medicine Image Collection,"Womack Reception, number 24",Dr. Adams presents Dr. Womack with an official looking chair. Ann Kier stands behind the chair and appears to be speaking with Mrs. Womack in purple. An unnamed person is seen in on far right in the background.,0610,Photographs,In copyright - educational use permitted; see http://rightsstatements.org/vocab/InC-EDU/1.0/ for more information,1999-07-15,2022-12-21T17:59:14.276000+00:00,https://api.library.tamu.edu/fcrepo/rest/4a/7d/ff/c4/4a7dffc4-04ec-4e1f-8f9e-ac661b9f328d/cvm-batch-2_objects/393/pages/page_0/files/CVM_0610.jpg,Written on photograph: Roll 1 frame 24,,
reformatted digital,Texas A & M University. College of Veterinary Medicine & Biomedical Sciences,"['College Station', 'Texas']",StillImage,1990s,College of Veterinary Medicine Image Collection,"Dean Adams, number 01","Richard Adams in a dark colored suit. After serving in the Texas A&M Corps of Cadets for four years and graduating with his DVM in 1966, Dr. Adams served as a research veterinarian and Captain in the United States Army at Fort Detrick, MD, for two years. He then received his PhD in pharmacology in 1972, from the University of Pittsburgh while also serving as research associate. In 1972, he became an assistant professor in the department of pharmacology at the University of Texas Southwestern Medical School in Dallas. In 1975, he was tenured and promoted to associate professor. In 1984, he moved to the University of Missouri-Columbia College of Veterinary Medicine where he become a professor and the chairman of the department of veterinary biomedical sciences.",0436,"['Photographs', 'Portraits']",In copyright - educational use permitted; see http://rightsstatements.org/vocab/InC-EDU/1.0/ for more information,1994,2022-12-21T17:04:11.935000+00:00,https://api.library.tamu.edu/fcrepo/rest/4a/7d/ff/c4/4a7dffc4-04ec-4e1f-8f9e-ac661b9f328d/cvm-batch-2_objects/229/pages/page_0/files/CVM_0436.jpg,Written on photograph: H. Richard Adams-1994,,
reformatted digital,Texas A & M University. College of Veterinary Medicine & Biomedical Sciences,"['College Station', 'Texas']",StillImage,1990s,College of Veterinary Medicine Image Collection,"Womack Reception, number 37",Possibly Dr. Gerald N. Woodes with Dr. Womack at a reception for Dr. James Womack.,0623,Photographs,In copyright - educational use permitted; see http://rightsstatements.org/vocab/InC-EDU/1.0/ for more information,1999-07-15,2022-12-21T18:03:39.500000+00:00,https://api.library.tamu.edu/fcrepo/rest/4a/7d/ff/c4/4a7dffc4-04ec-4e1f-8f9e-ac661b9f328d/cvm-batch-2_objects/406/pages/page_0/files/CVM_0623.jpg,Written on photograph: Roll 2 frame 2,,
reformatted digital,Texas A & M University. College of Veterinary Medicine & Biomedical Sciences,"['College Station', 'Texas']",StillImage,1990s,College of Veterinary Medicine Image Collection,"Stevenson Center Special Events, number 06","Dr. Presnal (behind), and (left to right) Ellie Greenbaum with ""Jill,"" Kathleen Harris and unnamed woman pose during a holiday celebration.",0370,Photographs,In copyright - educational use permitted; see http://rightsstatements.org/vocab/InC-EDU/1.0/ for more information,1999-12,2022-12-21T15:59:05.413000+00:00,https://api.library.tamu.edu/fcrepo/rest/4a/7d/ff/c4/4a7dffc4-04ec-4e1f-8f9e-ac661b9f328d/cvm-batch-2_objects/161/pages/page_0/files/CVM_0370.jpg,,Photograph taken during December 1999.,
reformatted digital,Texas A & M University. College of Veterinary Medicine & Biomedical Sciences,"['College Station', 'Texas']",StillImage,1970s,College of Veterinary Medicine Image Collection,"Italian Delegates' Visit, number 04","Dr. Dante Graziosi, president of the Italian Institute for Foreign Trade and of Italy's Veterinary Medical Association, stand at podium while delivering a lecture on agricultural production in Europe and its relationship to the United States.",0470,Photographs,In copyright - educational use permitted; see http://rightsstatements.org/vocab/InC-EDU/1.0/ for more information,1978,2022-12-21T17:15:02.302000+00:00,https://api.library.tamu.edu/fcrepo/rest/4a/7d/ff/c4/4a7dffc4-04ec-4e1f-8f9e-ac661b9f328d/cvm-batch-2_objects/261/pages/page_0/files/CVM_0470.jpg,,,
reformatted digital,Texas A & M University. College of Veterinary Medicine & Biomedical Sciences,"['College Station', 'Texas']",StillImage,1970s,College of Veterinary Medicine Image Collection,"Italian Delegates' Visit, number 02","Dr. Dante Graziosi (left), president of the Italian Institute for Foreign Trade and of Italy's Veterinary Medical Association, shakes hands with Dr. George C. Shelton (right) while three others look on. Dr. Laura B. Osborne (Professor of Physics, far right) was an interpreter during the meeting. During this occasion, Dr. Graziosi, came to Texas A&M University to present a lecture to the College of Veterinary Medicine on agricultural production in Europe and its relationship to the United States.",0467,Photographs,In copyright - educational use permitted; see http://rightsstatements.org/vocab/InC-EDU/1.0/ for more information,1978-11-04,2022-12-21T17:14:21.902000+00:00,https://api.library.tamu.edu/fcrepo/rest/4a/7d/ff/c4/4a7dffc4-04ec-4e1f-8f9e-ac661b9f328d/cvm-batch-2_objects/259/pages/page_0/files/CVM_0467.jpg,,,
reformatted digital,Texas A & M University. College of Veterinary Medicine & Biomedical Sciences,"['Columbia', 'Missouri']",StillImage,1990s,College of Veterinary Medicine Image Collection,"Rodeo-Livestock Show, number 1","Two unidentified individuals riding in ""Missouri Mule Team"" wagon from the College of Veterinary Medicine at the University of Missouri, Columbia during an unknown event.",0635,Photographs,In copyright - educational use permitted; see http://rightsstatements.org/vocab/InC-EDU/1.0/ for more information,1997-11-20,2022-12-21T18:07:41.651000+00:00,https://api.library.tamu.edu/fcrepo/rest/4a/7d/ff/c4/4a7dffc4-04ec-4e1f-8f9e-ac661b9f328d/cvm-batch-2_objects/418/pages/page_0/files/CVM_0635.jpg,,,
reformatted digital,Texas A & M University. College of Veterinary Medicine & Biomedical Sciences,,StillImage,,College of Veterinary Medicine Image Collection,"Hunting, number 07",Dr. Richard Adams with dog and gun.,0649,"['Portraits', 'Photographs']",In copyright - educational use permitted; see http://rightsstatements.org/vocab/InC-EDU/1.0/ for more information,,2022-12-21T18:12:28.644000+00:00,https://api.library.tamu.edu/fcrepo/rest/4a/7d/ff/c4/4a7dffc4-04ec-4e1f-8f9e-ac661b9f328d/cvm-batch-2_objects/432/pages/page_0/files/CVM_0649.jpg,,,
reformatted digital,Texas A & M University. College of Veterinary Medicine & Biomedical Sciences,,StillImage,,College of Veterinary Medicine Image Collection,"Hunting-Dr. Adams, number 2",Dr. Richard Adam sits on the tailgate of a truck with his game deer.,0641,"['Portraits', 'Photographs']",In copyright - educational use permitted; see http://rightsstatements.org/vocab/InC-EDU/1.0/ for more information,,2022-12-21T18:09:44.991000+00:00,https://api.library.tamu.edu/fcrepo/rest/4a/7d/ff/c4/4a7dffc4-04ec-4e1f-8f9e-ac661b9f328d/cvm-batch-2_objects/424/pages/page_0/files/CVM_0641.jpg,,,
reformatted digital,Texas A & M University. College of Veterinary Medicine & Biomedical Sciences,"['College Station', 'Texas']",StillImage,1990s,College of Veterinary Medicine Image Collection,"Stevenson Center Pet Residents, number 114","Student resident of the Stevenson Companion Animal Life-Care Center, Kathleen Harris bathes brushes Methuselah"" resident feline.",0363-17,Photographs,In copyright - educational use permitted; see http://rightsstatements.org/vocab/InC-EDU/1.0/ for more information,1999-09-14,2022-12-21T15:44:36.229000+00:00,https://api.library.tamu.edu/fcrepo/rest/4a/7d/ff/c4/4a7dffc4-04ec-4e1f-8f9e-ac661b9f328d/cvm-batch-2_objects/115/pages/page_0/files/CVM_0363-17.jpg,,,
reformatted digital,Texas A & M University. College of Veterinary Medicine & Biomedical Sciences,"['College Station', 'Texas']",StillImage,1970s,College of Veterinary Medicine Image Collection,Wood Carving at Memorial Student Center,"Dean Richard H. Adams stands beside one of the six panels of a wood carvings commissioned for the Texas A&M University's 1976 centennial year. This is the work of artist Rodney Hill and his wife Sue, which, at the time this photo was taken, adorned the walls of the building that used to be the old Memorial Student Center.",0509,Photographs,In copyright - educational use permitted; see http://rightsstatements.org/vocab/InC-EDU/1.0/ for more information,1976,2022-12-21T17:28:10.439000+00:00,https://api.library.tamu.edu/fcrepo/rest/4a/7d/ff/c4/4a7dffc4-04ec-4e1f-8f9e-ac661b9f328d/cvm-batch-2_objects/300/pages/page_0/files/CVM_0509.jpg,,,
reformatted digital,Texas A & M University. College of Veterinary Medicine & Biomedical Sciences,"['College Station', 'Texas']",StillImage,1970s,College of Veterinary Medicine Image Collection,"Dr. James W. Dollahite, number 02","George Shelton (right) presents an award to Dr. James W. Dollahite (center), veterinarian, toxicologist and research scientist, for outstanding service to his profession, the livestock industry, and all who sought his aid and council. Mrs. Dollahite stands to the left.",0479,Photographs,In copyright - educational use permitted; see http://rightsstatements.org/vocab/InC-EDU/1.0/ for more information,1975-01,2022-12-21T17:18:05.961000+00:00,https://api.library.tamu.edu/fcrepo/rest/4a/7d/ff/c4/4a7dffc4-04ec-4e1f-8f9e-ac661b9f328d/cvm-batch-2_objects/270/pages/page_0/files/CVM_0479.jpg,"Written on photograph: ""January 10,1975.""",Photographed during January 1975.,
reformatted digital,Texas A & M University. College of Veterinary Medicine & Biomedical Sciences,"['College Station', 'Texas']",StillImage,1990s,College of Veterinary Medicine Image Collection,"Stevenson Center Pet Residents, number 085",The cat tower at the Stevenson Companion Animal Life-Care Center is enjoyed by the feline residents. Priscilla is at the top.,0362-12,Photographs,In copyright - educational use permitted; see http://rightsstatements.org/vocab/InC-EDU/1.0/ for more information,1999-09-14,2022-12-21T16:41:57.475000+00:00,https://api.library.tamu.edu/fcrepo/rest/4a/7d/ff/c4/4a7dffc4-04ec-4e1f-8f9e-ac661b9f328d/cvm-batch-2_objects/86/pages/page_0/files/CVM_0362-12.jpg,,,
reformatted digital,Texas A & M University. College of Veterinary Medicine & Biomedical Sciences,"['College Station', 'Texas']",StillImage,1990s,College of Veterinary Medicine Image Collection,Ronald Martens,"Ronald Martens, Department of Veterinary Large Animal Medicine. Dr. Ronald Martens received his D.V.M. degree at Michigan State University in 1965. His scholarly interests are in equine infectious diseases-pathogenesis, diagnosis and prevention and in particular Rhodococcus equi foal pneumonia. Dr. Martens as of 2017 is professor emeritus and held positions in the department of Large Animal Medicine.","['0120', '0457']","['Portraits', 'Photographs']",In copyright - educational use permitted; see http://rightsstatements.org/vocab/InC-EDU/1.0/ for more information,Between 1990 and 1995,2022-12-21T17:11:16.729000+00:00,https://api.library.tamu.edu/fcrepo/rest/4a/7d/ff/c4/4a7dffc4-04ec-4e1f-8f9e-ac661b9f328d/cvm-batch-2_objects/250/pages/page_0/files/CVM_0457.jpg,"Written on photograph: Ronald Martens, Faculty photograph. VLAM.",,
reformatted digital,Texas A & M University. College of Veterinary Medicine & Biomedical Sciences,"['College Station', 'Texas']",StillImage,1990s,College of Veterinary Medicine Image Collection,"Stevenson Center Pet Residents, number 097","""Wei-Linn"" a black-mustached parakeet who was the first bird to reside of Stevenson Companion Animal Life-Care Center.",0362-24,Photographs,In copyright - educational use permitted; see http://rightsstatements.org/vocab/InC-EDU/1.0/ for more information,1999-09-14,2022-12-21T16:45:48.434000+00:00,https://api.library.tamu.edu/fcrepo/rest/4a/7d/ff/c4/4a7dffc4-04ec-4e1f-8f9e-ac661b9f328d/cvm-batch-2_objects/98/pages/page_0/files/CVM_0362-24.jpg,,,
reformatted digital,Texas A & M University. College of Veterinary Medicine & Biomedical Sciences,"['College Station', 'Texas']",StillImage,1990s,College of Veterinary Medicine Image Collection,Buddy Fairies,"Buddy Fairies, leader for the Veterinary Extension Program, poses for a faculty picture.","['0449', '0107']","['Portraits', 'Photographs']",In copyright - educational use permitted; see http://rightsstatements.org/vocab/InC-EDU/1.0/ for more information,Between 1990 and 1995,2022-12-21T17:08:36.180000+00:00,https://api.library.tamu.edu/fcrepo/rest/4a/7d/ff/c4/4a7dffc4-04ec-4e1f-8f9e-ac661b9f328d/cvm-batch-2_objects/242/pages/page_0/files/CVM_0449.jpg,,,
reformatted digital,Texas A & M University. College of Veterinary Medicine & Biomedical Sciences,"['College Station', 'Texas']",StillImage,1990s,College of Veterinary Medicine Image Collection,"Stevenson Center Pet Residents, number 109","Student resident of the Stevenson Companion Animal Life-Care Center, Kathleen Harris bathes ""Orphan Annie.""",0363-12,Photographs,In copyright - educational use permitted; see http://rightsstatements.org/vocab/InC-EDU/1.0/ for more information,1999-09-14,2022-12-21T15:43:01.865000+00:00,https://api.library.tamu.edu/fcrepo/rest/4a/7d/ff/c4/4a7dffc4-04ec-4e1f-8f9e-ac661b9f328d/cvm-batch-2_objects/110/pages/page_0/files/CVM_0363-12.jpg,,,
reformatted digital,Texas A & M University. College of Veterinary Medicine & Biomedical Sciences,"['College Station', 'Texas']",StillImage,1990s,College of Veterinary Medicine Image Collection,"Stevenson Center Pet Residents, number 094","""Wei-Linn"" a black-mustached parakeet who was the first bird to reside of Stevenson Companion Animal Life-Care Center.",0362-21,Photographs,In copyright - educational use permitted; see http://rightsstatements.org/vocab/InC-EDU/1.0/ for more information,1999-09-14,2022-12-21T16:44:50.529000+00:00,https://api.library.tamu.edu/fcrepo/rest/4a/7d/ff/c4/4a7dffc4-04ec-4e1f-8f9e-ac661b9f328d/cvm-batch-2_objects/95/pages/page_0/files/CVM_0362-21.jpg,,,
reformatted digital,Texas A & M University. College of Veterinary Medicine & Biomedical Sciences,"['College Station', 'Texas']",StillImage,1990s,College of Veterinary Medicine Image Collection,"Stevenson Center Pet Residents, number 044","Canine resident ""Orphan Annie,"" who first came to the center in 1997.",0361-08,Photographs,In copyright - educational use permitted; see http://rightsstatements.org/vocab/InC-EDU/1.0/ for more information,1999-09-14,2022-12-21T16:28:51.243000+00:00,https://api.library.tamu.edu/fcrepo/rest/4a/7d/ff/c4/4a7dffc4-04ec-4e1f-8f9e-ac661b9f328d/cvm-batch-2_objects/45/pages/page_0/files/CVM_0361-8.jpg,,,
reformatted digital,Texas A & M University. College of Veterinary Medicine & Biomedical Sciences,"['College Station', 'Texas']",StillImage,2000s,College of Veterinary Medicine Image Collection,Womack Wins Wolf Prize 09,"Dr. James E. Womack, professor of pathobiology and Director of the Center for Animal and Bio-Technology and Genetics, (CABG) received the Wolf Prize.",0564,Photographs,In copyright - educational use permitted; see http://rightsstatements.org/vocab/InC-EDU/1.0/ for more information,2001,2022-12-21T17:46:34.545000+00:00,https://api.library.tamu.edu/fcrepo/rest/4a/7d/ff/c4/4a7dffc4-04ec-4e1f-8f9e-ac661b9f328d/cvm-batch-2_objects/355/pages/page_0/files/CVM_0564.jpg,,,
reformatted digital,Texas A & M University. College of Veterinary Medicine & Biomedical Sciences,"['Texas', 'College Station']",StillImage,1990s,College of Veterinary Medicine Image Collection,"Womack Reception, number 42","Shown here left to right: Dr. Loren Skow, unnamed woman, Dr. James Womack.",0628,Photographs,In copyright - educational use permitted; see http://rightsstatements.org/vocab/InC-EDU/1.0/ for more information,1999-07-15,2022-12-21T18:05:20.052000+00:00,https://api.library.tamu.edu/fcrepo/rest/4a/7d/ff/c4/4a7dffc4-04ec-4e1f-8f9e-ac661b9f328d/cvm-batch-2_objects/411/pages/page_0/files/CVM_0628.jpg,Written on photograph: -Roll 2 frame 7,,
reformatted digital,Texas A & M University. College of Veterinary Medicine & Biomedical Sciences,"['College Station', 'Texas']",StillImage,1990s,College of Veterinary Medicine Image Collection,"Stevenson Center Special Events, number 03",Unnamed man partakes of celebration foods.,0367,Photographs,In copyright - educational use permitted; see http://rightsstatements.org/vocab/InC-EDU/1.0/ for more information,1999-12,2022-12-21T15:58:07.037000+00:00,https://api.library.tamu.edu/fcrepo/rest/4a/7d/ff/c4/4a7dffc4-04ec-4e1f-8f9e-ac661b9f328d/cvm-batch-2_objects/158/pages/page_0/files/CVM_0367.jpg,,Photograph taken during December 1999.,
reformatted digital,Texas A & M University. College of Veterinary Medicine & Biomedical Sciences,"['College Station', 'Texas']",StillImage,1990s,College of Veterinary Medicine Image Collection,"Stevenson Center Pet Residents , number 074","Canine resident ""Algernon"" who arrived at the center in 1997.",0362-01,Photographs,In copyright - educational use permitted; see http://rightsstatements.org/vocab/InC-EDU/1.0/ for more information,1999-09-14,2022-12-21T16:38:26.904000+00:00,https://api.library.tamu.edu/fcrepo/rest/4a/7d/ff/c4/4a7dffc4-04ec-4e1f-8f9e-ac661b9f328d/cvm-batch-2_objects/75/pages/page_0/files/CVM_0362-1.jpg,,,
reformatted digital,Texas A & M University. College of Veterinary Medicine & Biomedical Sciences,"['College Station', 'Texas']",StillImage,1970s,College of Veterinary Medicine Image Collection,"Dr. Chester A. Gleiser, number 1",Gleiser looking at slides. Dr. Chester A. Gleiser was a retired small-animal pathologist and laboratory-animal veterinarian.,0430,Photographs,In copyright - educational use permitted; see http://rightsstatements.org/vocab/InC-EDU/1.0/ for more information,1970-03,2022-12-21T17:02:13.090000+00:00,https://api.library.tamu.edu/fcrepo/rest/4a/7d/ff/c4/4a7dffc4-04ec-4e1f-8f9e-ac661b9f328d/cvm-batch-2_objects/223/pages/page_0/files/CVM_0430.jpg,Written on photograph: Gleiser 3-70,,
reformatted digital,Texas A & M University. College of Veterinary Medicine & Biomedical Sciences,"['College Station', 'Texas']",StillImage,1990s,College of Veterinary Medicine Image Collection,"Playter Retirement, number 31",Mrs. Kay Playter in grey dress speaks with Dr. David A. Williams and his wife.,0540,Photographs,In copyright - educational use permitted; see http://rightsstatements.org/vocab/InC-EDU/1.0/ for more information,1999-06,2022-12-21T17:38:30.023000+00:00,https://api.library.tamu.edu/fcrepo/rest/4a/7d/ff/c4/4a7dffc4-04ec-4e1f-8f9e-ac661b9f328d/cvm-batch-2_objects/331/pages/page_0/files/CVM_0540.jpg,,Photograph taken during June 1999.,
reformatted digital,"['Texas A & M University Graphic Services', 'Texas A & M University. College of Veterinary Medicine & Biomedical Sciences']","['College Station', 'Texas']",StillImage,1990s,College of Veterinary Medicine Image Collection,"Students on Campus, number 2","Four female students pose for the camera on the campus of Texas A&M University. Two of them are wearing stickers that read, ""No room in my heart for prejudice.""",0703,"['Portraits', 'Photographs']",In copyright - educational use permitted; see http://rightsstatements.org/vocab/InC-EDU/1.0/ for more information,1999,2022-12-21T18:30:40.314000+00:00,https://api.library.tamu.edu/fcrepo/rest/4a/7d/ff/c4/4a7dffc4-04ec-4e1f-8f9e-ac661b9f328d/cvm-batch-2_objects/485/pages/page_0/files/CVM_0703.jpg,Written on photograph: Copyright 1999. File 99-337 neg. 27,,"Wulfson, Jean"
reformatted digital,Texas A & M University. College of Veterinary Medicine & Biomedical Sciences,"['College Station', 'Texas']",StillImage,1990s,College of Veterinary Medicine Image Collection,"Stevenson Center Pet Residents, number 028","Canine resident ""Algernon"" who arrived at the center in 1997.",0360-28,Photographs,In copyright - educational use permitted; see http://rightsstatements.org/vocab/InC-EDU/1.0/ for more information,1999-09-14,2022-12-21T16:06:43.006000+00:00,https://api.library.tamu.edu/fcrepo/rest/4a/7d/ff/c4/4a7dffc4-04ec-4e1f-8f9e-ac661b9f328d/cvm-batch-2_objects/29/pages/page_0/files/CVM_0360-28.jpg,,,
reformatted digital,"['Texas A & M University. College of Veterinary Medicine & Biomedical Sciences', 'Texas A & M University Graphic Services']","['College Station', 'Texas']",StillImage,1980s,College of Veterinary Medicine Image Collection,Professional Greeting,A woman and a young man shake hands.,0700,Photographs,In copyright - educational use permitted; see http://rightsstatements.org/vocab/InC-EDU/1.0/ for more information,1989,2022-12-21T18:29:38.314000+00:00,https://api.library.tamu.edu/fcrepo/rest/4a/7d/ff/c4/4a7dffc4-04ec-4e1f-8f9e-ac661b9f328d/cvm-batch-2_objects/482/pages/page_0/files/CVM_0700.jpg,Written on photograph: Copyright 1989. File#89-342 Neg#0,,
reformatted digital,Texas A & M University. College of Veterinary Medicine & Biomedical Sciences,"['College Station', 'Texas']",StillImage,1990s,College of Veterinary Medicine Image Collection,"Clinical Rounds, number 7","Veterinary staff or student, and librarian Katherine McNeil are shown with a horse in an ICU stall.",0382,Photographs,In copyright - educational use permitted; see http://rightsstatements.org/vocab/InC-EDU/1.0/ for more information,1998-02-24,2022-12-21T16:02:54.889000+00:00,https://api.library.tamu.edu/fcrepo/rest/4a/7d/ff/c4/4a7dffc4-04ec-4e1f-8f9e-ac661b9f328d/cvm-batch-2_objects/173/pages/page_0/files/CVM_0382.jpg,,,
reformatted digital,"['Texas A & M University. College of Veterinary Medicine & Biomedical Sciences', 'Texas A & M University. College of Veterinary Medicine. Media Resources']","['College Station', 'Texas']",StillImage,1980s,College of Veterinary Medicine Image Collection,Goats in a Pen,A pen of goats in Stall #2 of the old Large Animal Clinic.,"['0712', '0164']",Photographs,In copyright - educational use permitted; see http://rightsstatements.org/vocab/InC-EDU/1.0/ for more information,1985,2022-12-21T18:33:49.189000+00:00,https://api.library.tamu.edu/fcrepo/rest/4a/7d/ff/c4/4a7dffc4-04ec-4e1f-8f9e-ac661b9f328d/cvm-batch-2_objects/494/pages/page_0/files/CVM_0712.jpg,Written on photograph: Goats in pen- Old large animal clinic. 1985. original Medium: 35mm color slide,,
reformatted digital,Texas A & M University. College of Veterinary Medicine & Biomedical Sciences,"['Texas', 'College Station']",StillImage,1990s,College of Veterinary Medicine Image Collection,"Stevenson Center Pet Residents, number 051","Feline resident ""Jessica"" who arrived at the Stevenson Companion Animal Life-Care Center in 1998.",0361-15,Photographs,In copyright - educational use permitted; see http://rightsstatements.org/vocab/InC-EDU/1.0/ for more information,1999-09-14,2022-12-21T16:31:06.170000+00:00,https://api.library.tamu.edu/fcrepo/rest/4a/7d/ff/c4/4a7dffc4-04ec-4e1f-8f9e-ac661b9f328d/cvm-batch-2_objects/52/pages/page_0/files/CVM_0361-15.jpg,,,
reformatted digital,Texas A & M University. College of Veterinary Medicine & Biomedical Sciences,"['College Station', 'Texas']",StillImage,2000s,College of Veterinary Medicine Image Collection,Womack Wins Wolf Prize 04,Close-up of an unnamed man at podium.,0559,Photographs,In copyright - educational use permitted; see http://rightsstatements.org/vocab/InC-EDU/1.0/ for more information,2001,2022-12-21T17:44:53.031000+00:00,https://api.library.tamu.edu/fcrepo/rest/4a/7d/ff/c4/4a7dffc4-04ec-4e1f-8f9e-ac661b9f328d/cvm-batch-2_objects/350/pages/page_0/files/CVM_0559.jpg,,,
reformatted digital,Texas A & M University. College of Veterinary Medicine & Biomedical Sciences,"['College Station', 'Texas']",StillImage,1990s,College of Veterinary Medicine Image Collection,"Stevenson Center Pet Residents, number 128","Student resident of the Stevenson Companion Animal Life-Care Center, Kathleen Harris bathes ""Orphan Annie.""",0364-10,Photographs,In copyright - educational use permitted; see http://rightsstatements.org/vocab/InC-EDU/1.0/ for more information,1999-09-14,2022-12-21T15:49:00.114000+00:00,https://api.library.tamu.edu/fcrepo/rest/4a/7d/ff/c4/4a7dffc4-04ec-4e1f-8f9e-ac661b9f328d/cvm-batch-2_objects/129/pages/page_0/files/CVM_0364-10.jpg,,,
reformatted digital,Texas A & M University. College of Veterinary Medicine & Biomedical Sciences,"['College Station', 'Texas']",StillImage,,College of Veterinary Medicine Image Collection,"Mark Francis, number 1","Professional head shot of Dr. Mark Francis, 1863-1936, veterinarian, scientist, teacher.",0403,"['Portraits', 'Photographs']",In copyright - educational use permitted; see http://rightsstatements.org/vocab/InC-EDU/1.0/ for more information,,2022-12-21T16:52:29.484000+00:00,https://api.library.tamu.edu/fcrepo/rest/4a/7d/ff/c4/4a7dffc4-04ec-4e1f-8f9e-ac661b9f328d/cvm-batch-2_objects/194/pages/page_0/files/CVM_0403.jpg,,,
reformatted digital,Texas A & M University. College of Veterinary Medicine & Biomedical Sciences,"['College Station', 'Texas']",StillImage,,College of Veterinary Medicine Image Collection,"Clinical Hospital Rounds, number 09",Dr. Noah D. Cohen and an unnamed woman stand outside a large animal stall.,0574,Photographs,In copyright - educational use permitted; see http://rightsstatements.org/vocab/InC-EDU/1.0/ for more information,,2022-12-21T17:48:53.577000+00:00,https://api.library.tamu.edu/fcrepo/rest/4a/7d/ff/c4/4a7dffc4-04ec-4e1f-8f9e-ac661b9f328d/cvm-batch-2_objects/362/pages/page_0/files/CVM_0574.jpg,,,
reformatted digital,Texas A & M University. College of Veterinary Medicine & Biomedical Sciences,"['College Station', 'Texas']",StillImage,1960s,College of Veterinary Medicine Image Collection,Veterinary Microbiology Department,"Faculty of Veterinary Microbiology are: Front row, left to right: Jim Dixon, Charles Livingston, John Huff, Fred Heck, Archie Flowers, R. Wayne Moore. Second Row, left to right: Chet Meineke, D. Lamar Carroll, Leland Grumbles, Paul Jungerman, Charles Hall, Ted Franklin.",0419,"['Portraits', 'Photographs']",In copyright - educational use permitted; see http://rightsstatements.org/vocab/InC-EDU/1.0/ for more information,1961,2022-12-21T16:58:35.048000+00:00,https://api.library.tamu.edu/fcrepo/rest/4a/7d/ff/c4/4a7dffc4-04ec-4e1f-8f9e-ac661b9f328d/cvm-batch-2_objects/212/pages/page_0/files/CVM_0419.jpg,Written on photograph: V. Mi. 1961,,
reformatted digital,Texas A & M University. College of Veterinary Medicine & Biomedical Sciences,"['College Station', 'Texas']",StillImage,1990s,College of Veterinary Medicine Image Collection,"Stevenson Center, number 015",Two students with pets.,0364-29,Photographs,In copyright - educational use permitted; see http://rightsstatements.org/vocab/InC-EDU/1.0/ for more information,1999-09-14,2022-12-21T15:54:38.401000+00:00,https://api.library.tamu.edu/fcrepo/rest/4a/7d/ff/c4/4a7dffc4-04ec-4e1f-8f9e-ac661b9f328d/cvm-batch-2_objects/147/pages/page_0/files/CVM_0364-29.jpg,,,
reformatted digital,Texas A & M University. College of Veterinary Medicine & Biomedical Sciences,"['College Station', 'Texas']",StillImage,1980s,College of Veterinary Medicine Image Collection,"Appaloosa, number 03",A woman with a horse.,0500,Photographs,In copyright - educational use permitted; see http://rightsstatements.org/vocab/InC-EDU/1.0/ for more information,1982-01-22,2022-12-21T17:25:13.376000+00:00,https://api.library.tamu.edu/fcrepo/rest/4a/7d/ff/c4/4a7dffc4-04ec-4e1f-8f9e-ac661b9f328d/cvm-batch-2_objects/291/pages/page_0/files/CVM_0500.jpg,"Written on photograph: photograph REQUEST (slip) : Sam Wigington, for the Dept. Large Animal Med. & Surg., TAMU, Breed: Appaloosa, 1 set in B W.",,
reformatted digital,Texas A & M University. College of Veterinary Medicine & Biomedical Sciences,"['College Station', 'Texas']",StillImage,1990s,College of Veterinary Medicine Image Collection,"Stevenson Center Pet Residents, number 031","Canine resident ""Jill,"" one of the original pets to enter the center in 1994.",0360-31,Photographs,In copyright - educational use permitted; see http://rightsstatements.org/vocab/InC-EDU/1.0/ for more information,1999-09-14,2022-12-21T16:07:39.997000+00:00,https://api.library.tamu.edu/fcrepo/rest/4a/7d/ff/c4/4a7dffc4-04ec-4e1f-8f9e-ac661b9f328d/cvm-batch-2_objects/32/pages/page_0/files/CVM_0360-31.jpg,,,
reformatted digital,Texas A & M University. College of Veterinary Medicine & Biomedical Sciences,"['College Station', 'Texas']",StillImage,1990s,College of Veterinary Medicine Image Collection,"Stevenson Center Pet Residents, number 023","Canine resident ""Algernon"" who arrived at the center in 1997.",0360-23,Photographs,In copyright - educational use permitted; see http://rightsstatements.org/vocab/InC-EDU/1.0/ for more information,1999-09-14,2022-12-21T16:05:08.257000+00:00,https://api.library.tamu.edu/fcrepo/rest/4a/7d/ff/c4/4a7dffc4-04ec-4e1f-8f9e-ac661b9f328d/cvm-batch-2_objects/24/pages/page_0/files/CVM_0360-23.jpg,,,
reformatted digital,Texas A & M University. College of Veterinary Medicine & Biomedical Sciences,"['College Station', 'Texas']",StillImage,1940s,College of Veterinary Medicine Image Collection,Study of large animal skeleton,"Dr. Alvin Price instructs students on the skeletal system of a large animal. Left to right: Charles David Minnis (seated), Dr. Alvin A. Price, Jerry D. Gleason, Norman B. Guilloud, and Sammie E. Glass (stand behind Guilloud).",0692,Photographs,In copyright - educational use permitted; see http://rightsstatements.org/vocab/InC-EDU/1.0/ for more information,Between 1940 and 1950,2022-12-21T18:26:53.247000+00:00,https://api.library.tamu.edu/fcrepo/rest/4a/7d/ff/c4/4a7dffc4-04ec-4e1f-8f9e-ac661b9f328d/cvm-batch-2_objects/474/pages/page_0/files/CVM_0692.jpg,,,
reformatted digital,Texas A & M University. College of Veterinary Medicine & Biomedical Sciences,"['College Station', 'Texas']",StillImage,1990s,College of Veterinary Medicine Image Collection,"Womack Reception, number 29",Dr. Womack sits in his new chair.,0615,Photographs,In copyright - educational use permitted; see http://rightsstatements.org/vocab/InC-EDU/1.0/ for more information,1999-07-15,2022-12-21T18:00:56.639000+00:00,https://api.library.tamu.edu/fcrepo/rest/4a/7d/ff/c4/4a7dffc4-04ec-4e1f-8f9e-ac661b9f328d/cvm-batch-2_objects/398/pages/page_0/files/CVM_0615.jpg,Written on photograph: Roll 1 frame 29,,
reformatted digital,Texas A & M University. College of Veterinary Medicine & Biomedical Sciences,"['College Station', 'Texas']",StillImage,1990s,College of Veterinary Medicine Image Collection,"1995 Bonfire, number 2",The 1995 Bonfire would be the one of the last few to burn before the tragic collapse of Bonfire 1999. The Aggie Bonfire was a Texas A&M tradition from 1909 until the last official one in 1998.,0551,Photographs,In copyright - educational use permitted; see http://rightsstatements.org/vocab/InC-EDU/1.0/ for more information,1995,2022-12-21T17:42:11.455000+00:00,https://api.library.tamu.edu/fcrepo/rest/4a/7d/ff/c4/4a7dffc4-04ec-4e1f-8f9e-ac661b9f328d/cvm-batch-2_objects/342/pages/page_0/files/CVM_0551.jpg,Written on photograph: Copyright 1996-TAMU photographic Services.,,"Kellett, Michael"
reformatted digital,Texas A & M University. College of Veterinary Medicine & Biomedical Sciences,"['College Station', 'Texas']",StillImage,1990s,College of Veterinary Medicine Image Collection,"Womack Reception, number 38",Three unnamed women at the reception for Dr. James Womack.,0624,Photographs,In copyright - educational use permitted; see http://rightsstatements.org/vocab/InC-EDU/1.0/ for more information,1999-07-15,2022-12-21T18:03:59.443000+00:00,https://api.library.tamu.edu/fcrepo/rest/4a/7d/ff/c4/4a7dffc4-04ec-4e1f-8f9e-ac661b9f328d/cvm-batch-2_objects/407/pages/page_0/files/CVM_0624.jpg,Written on photograph: Roll 2 frame 3,,
reformatted digital,Texas A & M University. College of Veterinary Medicine & Biomedical Sciences,"['College Station', 'Texas']",StillImage,1990s,College of Veterinary Medicine Image Collection,"Stevenson Center Pet Residents, number 127","Student resident of the Stevenson Companion Animal Life-Care Center, Kathleen Harris bathes ""Orphan Annie.""",0364-09,Photographs,In copyright - educational use permitted; see http://rightsstatements.org/vocab/InC-EDU/1.0/ for more information,1999-09-14,2022-12-21T15:48:41.306000+00:00,https://api.library.tamu.edu/fcrepo/rest/4a/7d/ff/c4/4a7dffc4-04ec-4e1f-8f9e-ac661b9f328d/cvm-batch-2_objects/128/pages/page_0/files/CVM_0364-9.jpg,,,
reformatted digital,Texas A & M University. College of Veterinary Medicine & Biomedical Sciences,"['Texas', 'College Station']",StillImage,1990s,College of Veterinary Medicine Image Collection,"Stevenson Center Pet Residents, number 090","""Wei-Linn"" a black-mustached parakeet who was the first bird to reside of Stevenson Companion Animal Life-Care Center.",0362-17,Photographs,In copyright - educational use permitted; see http://rightsstatements.org/vocab/InC-EDU/1.0/ for more information,1999-09-14,2022-12-21T16:43:33.316000+00:00,https://api.library.tamu.edu/fcrepo/rest/4a/7d/ff/c4/4a7dffc4-04ec-4e1f-8f9e-ac661b9f328d/cvm-batch-2_objects/91/pages/page_0/files/CVM_0362-17.jpg,,,
reformatted digital,Texas A & M University. College of Veterinary Medicine & Biomedical Sciences,"['College Station', 'Texas']",StillImage,1990s,College of Veterinary Medicine Image Collection,"Stevenson Center Pet Residents, number 012","Canine resident ""Chip"" who arrived at the center in 1998.",0360-12,Photographs,In copyright - educational use permitted; see http://rightsstatements.org/vocab/InC-EDU/1.0/ for more information,1999-09-14,2022-12-21T15:35:07.406000+00:00,https://api.library.tamu.edu/fcrepo/rest/4a/7d/ff/c4/4a7dffc4-04ec-4e1f-8f9e-ac661b9f328d/cvm-batch-2_objects/13/pages/page_0/files/CVM_0360-12.jpg,,,
reformatted digital,Texas A & M University. College of Veterinary Medicine & Biomedical Sciences,,StillImage,1990s,College of Veterinary Medicine Image Collection,"Hunting-Dr. Adams, number 1",Dr. Richard Adam sits on the tailgate of a truck with his game deer.,0640,"['Portraits', 'Photographs']",In copyright - educational use permitted; see http://rightsstatements.org/vocab/InC-EDU/1.0/ for more information,1999-07-15,2022-12-21T18:09:24.706000+00:00,https://api.library.tamu.edu/fcrepo/rest/4a/7d/ff/c4/4a7dffc4-04ec-4e1f-8f9e-ac661b9f328d/cvm-batch-2_objects/423/pages/page_0/files/CVM_0640.jpg,,,
reformatted digital,Texas A & M University. College of Veterinary Medicine & Biomedical Sciences,"['Texas', 'College Station']",StillImage,1990s,College of Veterinary Medicine Image Collection,"Womack Reception, number 18",Dr. James Womack is shown in this image with a portrait of Dr. Mark Francis as the backdrop.,0604,Photographs,In copyright - educational use permitted; see http://rightsstatements.org/vocab/InC-EDU/1.0/ for more information,1999-07-15,2022-12-21T17:57:13.991000+00:00,https://api.library.tamu.edu/fcrepo/rest/4a/7d/ff/c4/4a7dffc4-04ec-4e1f-8f9e-ac661b9f328d/cvm-batch-2_objects/387/pages/page_0/files/CVM_0604.jpg,Written on photograph: Roll 1 frame 14,,
reformatted digital,Texas A & M University. College of Veterinary Medicine & Biomedical Sciences,"['College Station', 'Texas']",StillImage,1990s,College of Veterinary Medicine Image Collection,"Stevenson Center Pet Residents, number 086",The cat tower at the Stevenson Companion Animal Life-Care Center is enjoyed by the feline residents.,0362-13,Photographs,In copyright - educational use permitted; see http://rightsstatements.org/vocab/InC-EDU/1.0/ for more information,1999-09-14,2022-12-21T16:42:16.591000+00:00,https://api.library.tamu.edu/fcrepo/rest/4a/7d/ff/c4/4a7dffc4-04ec-4e1f-8f9e-ac661b9f328d/cvm-batch-2_objects/87/pages/page_0/files/CVM_0362-13.jpg,,,
reformatted digital,Texas A & M University. College of Veterinary Medicine & Biomedical Sciences,"['College Station', 'Texas']",StillImage,,College of Veterinary Medicine Image Collection,Commencement Speaker,"Dr. Leo K. Bustad (1920-1998) speaks at the 1977 College of Veterinary Medicine Graduation Ceremony at Texas A&M. Dr. Bustad was the inspiration for the ""Bustad companion Animal Veterinarian of the Year Award,"" which is given to a veterinarian since 1986; whose work exemplifies and promotes the human animal bond. It is unknown if he was the main commencement speaker or was there to present this award.",0462,Photographs,In copyright - educational use permitted; see http://rightsstatements.org/vocab/InC-EDU/1.0/ for more information,,2022-12-21T17:12:58.675000+00:00,https://api.library.tamu.edu/fcrepo/rest/4a/7d/ff/c4/4a7dffc4-04ec-4e1f-8f9e-ac661b9f328d/cvm-batch-2_objects/255/pages/page_0/files/CVM_0462.jpg,,,
reformatted digital,Texas A & M University. College of Veterinary Medicine & Biomedical Sciences,"['Missouri', 'Columbia']",StillImage,1990s,College of Veterinary Medicine Image Collection,"Rodeo-Livestock Show, number 3","A young man sits in the ""Missouri Mule Team"" wagon from the College of Veterinary Medicine at the University of Missouri, Columbia during an unknown event. He is holding a fiddle while the driver sits upfront.",0637,Photographs,In copyright - educational use permitted; see http://rightsstatements.org/vocab/InC-EDU/1.0/ for more information,1997-11-20,2022-12-21T18:08:22.729000+00:00,https://api.library.tamu.edu/fcrepo/rest/4a/7d/ff/c4/4a7dffc4-04ec-4e1f-8f9e-ac661b9f328d/cvm-batch-2_objects/420/pages/page_0/files/CVM_0637.jpg,,,
reformatted digital,Texas A & M University. College of Veterinary Medicine & Biomedical Sciences,"['College Station', 'Texas']",StillImage,1990s,College of Veterinary Medicine Image Collection,"Stevenson Center Pet Residents, number 110","Student resident of the Stevenson Companion Animal Life-Care Center, Kathleen Harris bathes ""Orphan Annie.""",0363-13,Photographs,In copyright - educational use permitted; see http://rightsstatements.org/vocab/InC-EDU/1.0/ for more information,1999-09-14,2022-12-21T15:43:20.767000+00:00,https://api.library.tamu.edu/fcrepo/rest/4a/7d/ff/c4/4a7dffc4-04ec-4e1f-8f9e-ac661b9f328d/cvm-batch-2_objects/111/pages/page_0/files/CVM_0363-13.jpg,,,
reformatted digital,Texas A & M University. College of Veterinary Medicine & Biomedical Sciences,"['College Station', 'Texas']",StillImage,1990s,College of Veterinary Medicine Image Collection,"Womack Reception, number 31",Dr. Womack receives a hug from an unnamed woman while electronic technician Mike McConnell looks on.,0617,Photographs,In copyright - educational use permitted; see http://rightsstatements.org/vocab/InC-EDU/1.0/ for more information,1999-07-15,2022-12-21T18:01:37.499000+00:00,https://api.library.tamu.edu/fcrepo/rest/4a/7d/ff/c4/4a7dffc4-04ec-4e1f-8f9e-ac661b9f328d/cvm-batch-2_objects/400/pages/page_0/files/CVM_0617.jpg,Written on photograph: -Roll 1 frame 31,,
reformatted digital,Texas A & M University. College of Veterinary Medicine & Biomedical Sciences,"['College Station', 'Texas']",StillImage,,College of Veterinary Medicine Image Collection,"Anatomy, dissection",A professor demonstrates the dissection of a dog with students observing. The man third from the left looking down over the instructors right shoulder is identified as Dr. Dunn and the man on the far right writing in the open notebook is identified as Dr. Hobson. All other men are unnamed.,0685,Photographs,In copyright - educational use permitted; see http://rightsstatements.org/vocab/InC-EDU/1.0/ for more information,,2022-12-21T18:24:44.165000+00:00,https://api.library.tamu.edu/fcrepo/rest/4a/7d/ff/c4/4a7dffc4-04ec-4e1f-8f9e-ac661b9f328d/cvm-batch-2_objects/468/pages/page_0/files/CVM_0685.jpg,,,
reformatted digital,Texas A & M University. College of Veterinary Medicine & Biomedical Sciences,"['College Station', 'Texas']",StillImage,1990s,College of Veterinary Medicine Image Collection,"Womack Reception, number 43",Family of Dr. James Womack on the occasion of his reception at the College of Veterinary Medicine.,0629,"['Portraits', 'Photographs']",In copyright - educational use permitted; see http://rightsstatements.org/vocab/InC-EDU/1.0/ for more information,1999-07-15,2022-12-21T18:05:40.114000+00:00,https://api.library.tamu.edu/fcrepo/rest/4a/7d/ff/c4/4a7dffc4-04ec-4e1f-8f9e-ac661b9f328d/cvm-batch-2_objects/412/pages/page_0/files/CVM_0629.jpg,Written on photograph: -Roll 2 frame 8,,
reformatted digital,Texas A & M University. College of Veterinary Medicine & Biomedical Sciences,"['College Station', 'Texas']",StillImage,1990s,College of Veterinary Medicine Image Collection,"Stevenson Center Special Events, number 04","Five party goers pose at the food table. Left to right: Mary Herron, unnamed woman, Henry C. Reinhard, unnamed woman, unnamed man.",0368,Photographs,In copyright - educational use permitted; see http://rightsstatements.org/vocab/InC-EDU/1.0/ for more information,1999-12,2022-12-21T15:58:26.422000+00:00,https://api.library.tamu.edu/fcrepo/rest/4a/7d/ff/c4/4a7dffc4-04ec-4e1f-8f9e-ac661b9f328d/cvm-batch-2_objects/159/pages/page_0/files/CVM_0368.jpg,,Photograph taken during December 1999.,
reformatted digital,Texas A & M University. College of Veterinary Medicine & Biomedical Sciences,"['College Station', 'Texas']",StillImage,1990s,College of Veterinary Medicine Image Collection,"Playter Retirement, number 36",Dr. Playter and an unnamed woman embrace.,0545,Photographs,In copyright - educational use permitted; see http://rightsstatements.org/vocab/InC-EDU/1.0/ for more information,1999-06,2022-12-21T17:40:10.106000+00:00,https://api.library.tamu.edu/fcrepo/rest/4a/7d/ff/c4/4a7dffc4-04ec-4e1f-8f9e-ac661b9f328d/cvm-batch-2_objects/336/pages/page_0/files/CVM_0545.jpg,,Photograph taken during June 1999.,
reformatted digital,Texas A & M University. College of Veterinary Medicine & Biomedical Sciences,"['College Station', 'Texas']",StillImage,1990s,College of Veterinary Medicine Image Collection,"Stevenson Center Pet Residents, number 040","Canine resident ""Orphan Annie,"" who first came to the center in 1997.",0361-04,Photographs,In copyright - educational use permitted; see http://rightsstatements.org/vocab/InC-EDU/1.0/ for more information,1999-09-14,2022-12-21T16:27:34.641000+00:00,https://api.library.tamu.edu/fcrepo/rest/4a/7d/ff/c4/4a7dffc4-04ec-4e1f-8f9e-ac661b9f328d/cvm-batch-2_objects/41/pages/page_0/files/CVM_0361-4.jpg,,,
reformatted digital,Texas A & M University. College of Veterinary Medicine & Biomedical Sciences,"['College Station', 'Texas']",StillImage,2000s,College of Veterinary Medicine Image Collection,"New Hay Barn, number 1",New hay barn - 21 Nov 03.,0387,Photographs,In copyright - educational use permitted; see http://rightsstatements.org/vocab/InC-EDU/1.0/ for more information,2003-11-21,2022-12-21T16:47:08.902000+00:00,https://api.library.tamu.edu/fcrepo/rest/4a/7d/ff/c4/4a7dffc4-04ec-4e1f-8f9e-ac661b9f328d/cvm-batch-2_objects/178/pages/page_0/files/CVM_0387.jpg,Written on photograph: 2003 New Equine Paddocks and Barns,,
reformatted digital,Texas A & M University. College of Veterinary Medicine & Biomedical Sciences,,StillImage,,College of Veterinary Medicine Image Collection,"Hunting, number 14",Sleeping and eating area of a hunting cabin.,0656,Photographs,In copyright - educational use permitted; see http://rightsstatements.org/vocab/InC-EDU/1.0/ for more information,,2022-12-21T18:14:50.790000+00:00,https://api.library.tamu.edu/fcrepo/rest/4a/7d/ff/c4/4a7dffc4-04ec-4e1f-8f9e-ac661b9f328d/cvm-batch-2_objects/439/pages/page_0/files/CVM_0656.jpg,,,
reformatted digital,Texas A & M University. College of Veterinary Medicine & Biomedical Sciences,"['College Station', 'Texas']",StillImage,2000s,College of Veterinary Medicine Image Collection,Womack Wins Wolf Prize 05,Dr. James E. Womack seated on a stage listening to a speaker.,0560,Photographs,In copyright - educational use permitted; see http://rightsstatements.org/vocab/InC-EDU/1.0/ for more information,2001,2022-12-21T17:45:13.165000+00:00,https://api.library.tamu.edu/fcrepo/rest/4a/7d/ff/c4/4a7dffc4-04ec-4e1f-8f9e-ac661b9f328d/cvm-batch-2_objects/351/pages/page_0/files/CVM_0560.jpg,,,
reformatted digital,Texas A & M University. College of Veterinary Medicine & Biomedical Sciences,"['College Station', 'Texas']",StillImage,1980s,College of Veterinary Medicine Image Collection,"Equine Ear Twitch, number 6",Demonstration of mild restraint.,0495,Photographs,In copyright - educational use permitted; see http://rightsstatements.org/vocab/InC-EDU/1.0/ for more information,1982-01-22,2022-12-21T17:23:35.318000+00:00,https://api.library.tamu.edu/fcrepo/rest/4a/7d/ff/c4/4a7dffc4-04ec-4e1f-8f9e-ac661b9f328d/cvm-batch-2_objects/286/pages/page_0/files/CVM_0495.jpg,"Written on photograph: photograph REQUEST (slip) : Sam Wigington, for the Dept. Large Animal Med. & Surg., TAMU, Breed: Appaloosa, 1 set in B W.",,
reformatted digital,Texas A & M University. College of Veterinary Medicine & Biomedical Sciences,"['College Station', 'Texas']",StillImage,1990s,College of Veterinary Medicine Image Collection,"Playter Retirement, number 07",Dr. Playter is hugged by an unknown woman. Others in the room applaud.,0516,Photographs,In copyright - educational use permitted; see http://rightsstatements.org/vocab/InC-EDU/1.0/ for more information,1999-06,2022-12-21T17:30:31.269000+00:00,https://api.library.tamu.edu/fcrepo/rest/4a/7d/ff/c4/4a7dffc4-04ec-4e1f-8f9e-ac661b9f328d/cvm-batch-2_objects/307/pages/page_0/files/CVM_0516.jpg,,Photograph taken during June 1999.,
reformatted digital,Texas A & M University. College of Veterinary Medicine & Biomedical Sciences,"['College Station', 'Texas']",StillImage,1990s,College of Veterinary Medicine Image Collection,"Stevenson Center, number 022","Student resident with ""Lovey"" and ""Yummy.""",0364-36,Photographs,In copyright - educational use permitted; see http://rightsstatements.org/vocab/InC-EDU/1.0/ for more information,1999-09-14,2022-12-21T15:56:50.204000+00:00,https://api.library.tamu.edu/fcrepo/rest/4a/7d/ff/c4/4a7dffc4-04ec-4e1f-8f9e-ac661b9f328d/cvm-batch-2_objects/154/pages/page_0/files/CVM_0364-36.jpg,,,
reformatted digital,Texas A & M University. College of Veterinary Medicine & Biomedical Sciences,"['College Station', 'Texas']",StillImage,1990s,College of Veterinary Medicine Image Collection,"Stevenson Center Pet Residents, number 070","Feline resident ""Priscilla"" who arrived at the Stevenson Companion Animal Life-Care Center in 1997.",0361-34,Photographs,In copyright - educational use permitted; see http://rightsstatements.org/vocab/InC-EDU/1.0/ for more information,1999-09-14,2022-12-21T16:37:10.411000+00:00,https://api.library.tamu.edu/fcrepo/rest/4a/7d/ff/c4/4a7dffc4-04ec-4e1f-8f9e-ac661b9f328d/cvm-batch-2_objects/71/pages/page_0/files/CVM_0361-34.jpg,,,
reformatted digital,"['Texas A & M University. College of Veterinary Medicine & Biomedical Sciences', 'Texas A & M University Graphic Services']","['College Station', 'Texas']",StillImage,1990s,College of Veterinary Medicine Image Collection,"Students Study, number 2",Group of students in a classroom setting.,0699,Photographs,In copyright - educational use permitted; see http://rightsstatements.org/vocab/InC-EDU/1.0/ for more information,1995,2022-12-21T18:29:17.728000+00:00,https://api.library.tamu.edu/fcrepo/rest/4a/7d/ff/c4/4a7dffc4-04ec-4e1f-8f9e-ac661b9f328d/cvm-batch-2_objects/481/pages/page_0/files/CVM_0699.jpg,Written on photograph: Copyright 1995. File# 95-752 Neg#6,,"Lyle, James"
reformatted digital,Texas A & M University. College of Veterinary Medicine & Biomedical Sciences,"['College Station', 'Texas']",StillImage,1990s,College of Veterinary Medicine Image Collection,"Playter Retirement, number 25",Dr. Playter speaks with Dave Busbee and his wife Donna.,0534,Photographs,In copyright - educational use permitted; see http://rightsstatements.org/vocab/InC-EDU/1.0/ for more information,1999-06,2022-12-21T17:36:30.254000+00:00,https://api.library.tamu.edu/fcrepo/rest/4a/7d/ff/c4/4a7dffc4-04ec-4e1f-8f9e-ac661b9f328d/cvm-batch-2_objects/325/pages/page_0/files/CVM_0534.jpg,,Photograph taken during June 1999.,
reformatted digital,Texas A & M University. College of Veterinary Medicine & Biomedical Sciences,"['College Station', 'Texas']",StillImage,1990s,College of Veterinary Medicine Image Collection,"Stevenson Center Pet Residents, number 024","Canine resident ""Algernon"" who arrived at the center in 1997.",0360-24,Photographs,In copyright - educational use permitted; see http://rightsstatements.org/vocab/InC-EDU/1.0/ for more information,1999-09-14,2022-12-21T16:05:27.261000+00:00,https://api.library.tamu.edu/fcrepo/rest/4a/7d/ff/c4/4a7dffc4-04ec-4e1f-8f9e-ac661b9f328d/cvm-batch-2_objects/25/pages/page_0/files/CVM_0360-24.jpg,,,
reformatted digital,"['Texas A & M University. College of Veterinary Medicine & Biomedical Sciences', 'Texas A & M University Graphic Services']","['Texas', 'College Station']",StillImage,1990s,College of Veterinary Medicine Image Collection,"Students on Campus, number 1",Students walking to classes on the campus of Texas A&M University.,0697,Photographs,In copyright - educational use permitted; see http://rightsstatements.org/vocab/InC-EDU/1.0/ for more information,1993,2022-12-21T18:28:36.726000+00:00,https://api.library.tamu.edu/fcrepo/rest/4a/7d/ff/c4/4a7dffc4-04ec-4e1f-8f9e-ac661b9f328d/cvm-batch-2_objects/479/pages/page_0/files/CVM_0697.jpg,Written on photograph: Copyright 1993 File#93-558 Neg#35,,"Kellett, Michael"
reformatted digital,Texas A & M University. College of Veterinary Medicine & Biomedical Sciences,"['College Station', 'Texas']",StillImage,1990s,College of Veterinary Medicine Image Collection,"Womack Reception, number 30",Dr. James Womack has the microphone and addresses his guests.,0616,Photographs,In copyright - educational use permitted; see http://rightsstatements.org/vocab/InC-EDU/1.0/ for more information,1999-07-15,2022-12-21T18:01:16.931000+00:00,https://api.library.tamu.edu/fcrepo/rest/4a/7d/ff/c4/4a7dffc4-04ec-4e1f-8f9e-ac661b9f328d/cvm-batch-2_objects/399/pages/page_0/files/CVM_0616.jpg,Written on photograph: Roll 1 frame 30,,
reformatted digital,Texas A & M University. College of Veterinary Medicine & Biomedical Sciences,"['Texas', 'College Station']",StillImage,1990s,College of Veterinary Medicine Image Collection,"Canine Amputee, number 4","Mischief, the four-year-old miniature schnauzer, was featured on the first ""The Doc Is In"" segment on television, after having his leg amputated at the Texas A&M University College of Veterinary Medicine. ""The Doc Is In"" was a segment of the Public Broadcasting Service program, ""Cure and Caring,"" that featured the College of Veterinary Medicine. It first aired during the latter's second season in 1999 and was hosted by Dr. Dawn Boothe. This segment featured actual medical cases and discussed how the animals were treated. The show was broadcast from the studios of KAMU at Texas A&M and was produced by TeleVentures Productions.",0672,Photographs,In copyright - educational use permitted; see http://rightsstatements.org/vocab/InC-EDU/1.0/ for more information,1999-09-28,2022-12-21T18:20:16.284000+00:00,https://api.library.tamu.edu/fcrepo/rest/4a/7d/ff/c4/4a7dffc4-04ec-4e1f-8f9e-ac661b9f328d/cvm-batch-2_objects/455/pages/page_0/files/CVM_0672.jpg,,,
reformatted digital,Texas A & M University. College of Veterinary Medicine & Biomedical Sciences,"['College Station', 'Texas']",StillImage,1990s,College of Veterinary Medicine Image Collection,"Clinical Rounds, number 1",Large animal rounds. Unnamed veterinary staff explains care of animal. Librarian Katherine McNeil (white jacket) with other Veterinary students listen.,0376,Photographs,In copyright - educational use permitted; see http://rightsstatements.org/vocab/InC-EDU/1.0/ for more information,1998-02-24,2022-12-21T16:01:01.660000+00:00,https://api.library.tamu.edu/fcrepo/rest/4a/7d/ff/c4/4a7dffc4-04ec-4e1f-8f9e-ac661b9f328d/cvm-batch-2_objects/167/pages/page_0/files/CVM_0376.jpg,,,
reformatted digital,Texas A & M University. College of Veterinary Medicine & Biomedical Sciences,"['College Station', 'Texas']",StillImage,1970s,College of Veterinary Medicine Image Collection,"Mary Nedbalek, number 1",A certificate of appreciation presented by Dr. Alvin Price to Mary E. Nedbalek for 20 years of dedicated service to Texas A&M University. This certificate was presented to Ms. Nedbalek on the occasion of her retirement. She worked for the University for 20 years and was on the staff at the College of Veterinary Medicine at the time of her retirement.,0476,Photographs,In copyright - educational use permitted; see http://rightsstatements.org/vocab/InC-EDU/1.0/ for more information,1975-01,2022-12-21T17:17:03.065000+00:00,https://api.library.tamu.edu/fcrepo/rest/4a/7d/ff/c4/4a7dffc4-04ec-4e1f-8f9e-ac661b9f328d/cvm-batch-2_objects/267/pages/page_0/files/CVM_0476.jpg,,Photographed during January 1975.,
reformatted digital,"['Texas A & M University. College of Veterinary Medicine. Media Resources', 'Texas A & M University. College of Veterinary Medicine & Biomedical Sciences']","['College Station', 'Texas']",StillImage,,College of Veterinary Medicine Image Collection,Dr. Simpson in the Laboratory,Dr. R. Bruce Simpson in the Veterinary Pathobiology Laboratory with a technician and petri dishes.,"['0708', '0083']",Photographs,In copyright - educational use permitted; see http://rightsstatements.org/vocab/InC-EDU/1.0/ for more information,Between 1995 and 2005,2022-12-21T18:32:24.204000+00:00,https://api.library.tamu.edu/fcrepo/rest/4a/7d/ff/c4/4a7dffc4-04ec-4e1f-8f9e-ac661b9f328d/cvm-batch-2_objects/490/pages/page_0/files/CVM_0708.jpg,"Written on photograph: ""Original: Color Slide.""",,
reformatted digital,Texas A & M University. College of Veterinary Medicine & Biomedical Sciences,"['College Station', 'Texas']",StillImage,,College of Veterinary Medicine Image Collection,"George Shelton, number 4","Faculty photograph of George Calvin Shelton (View 4), standing and looking toward camera with book in hand.",0399,"['Portraits', 'Photographs']",In copyright - educational use permitted; see http://rightsstatements.org/vocab/InC-EDU/1.0/ for more information,,2022-12-21T16:51:10.616000+00:00,https://api.library.tamu.edu/fcrepo/rest/4a/7d/ff/c4/4a7dffc4-04ec-4e1f-8f9e-ac661b9f328d/cvm-batch-2_objects/190/pages/page_0/files/CVM_0399.jpg,,,
reformatted digital,Texas A & M University. College of Veterinary Medicine & Biomedical Sciences,"['College Station', 'Texas']",StillImage,1990s,College of Veterinary Medicine Image Collection,"Stevenson Center, number 011",Ellie Greenbaum and student with pets.,0364-25,Photographs,In copyright - educational use permitted; see http://rightsstatements.org/vocab/InC-EDU/1.0/ for more information,1999-09-14,2022-12-21T15:53:23.038000+00:00,https://api.library.tamu.edu/fcrepo/rest/4a/7d/ff/c4/4a7dffc4-04ec-4e1f-8f9e-ac661b9f328d/cvm-batch-2_objects/143/pages/page_0/files/CVM_0364-25.jpg,,,
reformatted digital,Texas A & M University. College of Veterinary Medicine & Biomedical Sciences,"['College Station', 'Texas']",StillImage,1980s,College of Veterinary Medicine Image Collection,"Appaloosa, number 09",A woman with a horse.,0506,Photographs,In copyright - educational use permitted; see http://rightsstatements.org/vocab/InC-EDU/1.0/ for more information,1982-01-22,2022-12-21T17:27:10.753000+00:00,https://api.library.tamu.edu/fcrepo/rest/4a/7d/ff/c4/4a7dffc4-04ec-4e1f-8f9e-ac661b9f328d/cvm-batch-2_objects/297/pages/page_0/files/CVM_0506.jpg,"Written on photograph: photograph REQUEST (slip) : Sam Wigington, for the Dept. Large Animal Med. & Surg., TAMU, Breed: Appaloosa, 1 set in B W.",,
reformatted digital,Texas A & M University. College of Veterinary Medicine & Biomedical Sciences,"['College Station', 'Texas']",StillImage,1990s,College of Veterinary Medicine Image Collection,"Stevenson Center Pet Residents, number 019","Canine resident ""Chip"" who arrived at the center in 1998.",0360-19,Photographs,In copyright - educational use permitted; see http://rightsstatements.org/vocab/InC-EDU/1.0/ for more information,1999-09-14,2022-12-21T16:03:52.846000+00:00,https://api.library.tamu.edu/fcrepo/rest/4a/7d/ff/c4/4a7dffc4-04ec-4e1f-8f9e-ac661b9f328d/cvm-batch-2_objects/20/pages/page_0/files/CVM_0360-19.jpg,,,
reformatted digital,Texas A & M University. College of Veterinary Medicine & Biomedical Sciences,"['Texas', 'College Station']",StillImage,,College of Veterinary Medicine Image Collection,Veterinary Physiology Laboratory,Students are using an instrument to measure and record each other's body functions in the Veterinary Physiology Laboratory.,0688,Photographs,In copyright - educational use permitted; see http://rightsstatements.org/vocab/InC-EDU/1.0/ for more information,,2022-12-21T18:25:25.703000+00:00,https://api.library.tamu.edu/fcrepo/rest/4a/7d/ff/c4/4a7dffc4-04ec-4e1f-8f9e-ac661b9f328d/cvm-batch-2_objects/470/pages/page_0/files/CVM_0688.jpg,,,
reformatted digital,Texas A & M University. College of Veterinary Medicine & Biomedical Sciences,"['College Station', 'Texas']",StillImage,1990s,College of Veterinary Medicine Image Collection,"Womack Reception, number 25",Dr. Adams presents Dr. Womack with an official looking chair. Ann Kier and Mrs. Womack stand in the background watching. An unnamed person is seen in on far right in the background.,0611,Photographs,In copyright - educational use permitted; see http://rightsstatements.org/vocab/InC-EDU/1.0/ for more information,1999-07-15,2022-12-21T17:59:34.705000+00:00,https://api.library.tamu.edu/fcrepo/rest/4a/7d/ff/c4/4a7dffc4-04ec-4e1f-8f9e-ac661b9f328d/cvm-batch-2_objects/394/pages/page_0/files/CVM_0611.jpg,Written on photograph: Roll 1 frame 25,,
reformatted digital,"['Texas A & M University. College of Veterinary Medicine & Biomedical Sciences', 'Texas A & M University Graphic Services']","['College Station', 'Texas']",StillImage,1990s,College of Veterinary Medicine Image Collection,"Visit from Laura Bush, number 1",Laura Bush speaks to Texas Folic Acid Council at the College of Veterinary Medicine and visits the Birth Defects Research Laboratory.,0547,Photographs,In copyright - educational use permitted; see http://rightsstatements.org/vocab/InC-EDU/1.0/ for more information,1999,2022-12-21T17:40:50.510000+00:00,https://api.library.tamu.edu/fcrepo/rest/4a/7d/ff/c4/4a7dffc4-04ec-4e1f-8f9e-ac661b9f328d/cvm-batch-2_objects/338/pages/page_0/files/CVM_0547.jpg,,,
reformatted digital,Texas A & M University. College of Veterinary Medicine & Biomedical Sciences,"['College Station', 'Texas']",StillImage,1990s,College of Veterinary Medicine Image Collection,"Stevenson Center Pet Residents, number 089","Feline resident ""Methuselah,"" also known as brindle, arrived at the Stevenson Companion Animal Life-Care Center in 1997.",0362-16,Photographs,In copyright - educational use permitted; see http://rightsstatements.org/vocab/InC-EDU/1.0/ for more information,1999-09-14,2022-12-21T16:43:14.131000+00:00,https://api.library.tamu.edu/fcrepo/rest/4a/7d/ff/c4/4a7dffc4-04ec-4e1f-8f9e-ac661b9f328d/cvm-batch-2_objects/90/pages/page_0/files/CVM_0362-16.jpg,,,
reformatted digital,Texas A & M University. College of Veterinary Medicine & Biomedical Sciences,"['College Station', 'Texas']",StillImage,1990s,College of Veterinary Medicine Image Collection,Jon Hunter,"Dr. Jon Hunter's faculty photography. Dr. Hunter educational background includes B.S. Electrical Engineering, Northwestern University 1965; M.S. Biomedical Engineering, Iowa State University 1971; and D.V.M. Veterinary Medicine, University of Illinois 1977.","['0118', '0455']","['Portraits', 'Photographs']",In copyright - educational use permitted; see http://rightsstatements.org/vocab/InC-EDU/1.0/ for more information,Between 1990 and 1995,2022-12-21T17:10:37.197000+00:00,https://api.library.tamu.edu/fcrepo/rest/4a/7d/ff/c4/4a7dffc4-04ec-4e1f-8f9e-ac661b9f328d/cvm-batch-2_objects/248/pages/page_0/files/CVM_0455.jpg,"Written on photograph: Jon Hunter, Faculty photograph, VTPP.",,
reformatted digital,Texas A & M University. College of Veterinary Medicine & Biomedical Sciences,"['Texas', 'College Station']",StillImage,,College of Veterinary Medicine Image Collection,Group of Men on the Steps of a Building.,"Group portrait at an unidentified event, possibly a veterinary conference. Dr. Marsteller is the man that is standing front and center, with light hair and folded handkerchief in his breast pocket. Front row left to Right: 1. Unknown 2. John Henry Milliff, Assist. Professor , Department of Veterinary Pathology; 3. W. W. Armistead, Asst. Professor of Veterinary Medicine and Surgery; 4. August Albert Lenert, Head of Veterinary Medicine and Surgery Department; 5. R. P. Marsteller, Dean of the College of Veterinary Sciences; 6. R. C. Dunn; 7. Unknown; 8. Unknown ; 9. Unknown . Back row left to Right: 1. Unknown 2. Horatio Luther Van Volkenburg, Instructor in Depart of Veterinary Parasitology (1937-1944).",0463,"['Photographs', 'Portraits']",In copyright - educational use permitted; see http://rightsstatements.org/vocab/InC-EDU/1.0/ for more information,,2022-12-21T17:13:19.892000+00:00,https://api.library.tamu.edu/fcrepo/rest/4a/7d/ff/c4/4a7dffc4-04ec-4e1f-8f9e-ac661b9f328d/cvm-batch-2_objects/256/pages/page_0/files/CVM_0463.jpg,,,
reformatted digital,Texas A & M University. College of Veterinary Medicine & Biomedical Sciences,"['College Station', 'Texas']",StillImage,1950s,College of Veterinary Medicine Image Collection,"Tom Brown, number 2","Newspaper clipping from November 18, 1954 about Mr. Tom Brown, staff employee of the College of Veterinary Medicine.",0413-01,Photographs,In copyright - educational use permitted; see http://rightsstatements.org/vocab/InC-EDU/1.0/ for more information,1954,2022-12-21T16:56:33.853000+00:00,https://api.library.tamu.edu/fcrepo/rest/4a/7d/ff/c4/4a7dffc4-04ec-4e1f-8f9e-ac661b9f328d/cvm-batch-2_objects/206/pages/page_0/files/CVM_0413-1.jpg,,,
reformatted digital,Texas A & M University. College of Veterinary Medicine & Biomedical Sciences,"['College Station', 'Texas']",StillImage,1990s,College of Veterinary Medicine Image Collection,"Stevenson Center Pet Residents, number 115","Student resident of the Stevenson Companion Animal Life-Care Center, Kathleen Harris bathes brushes Methuselah"" resident feline.",0363-18,Photographs,In copyright - educational use permitted; see http://rightsstatements.org/vocab/InC-EDU/1.0/ for more information,1999-09-14,2022-12-21T15:44:55.030000+00:00,https://api.library.tamu.edu/fcrepo/rest/4a/7d/ff/c4/4a7dffc4-04ec-4e1f-8f9e-ac661b9f328d/cvm-batch-2_objects/116/pages/page_0/files/CVM_0363-18.jpg,,,
reformatted digital,Texas A & M University. College of Veterinary Medicine & Biomedical Sciences,"['College Station', 'Texas']",StillImage,1990s,College of Veterinary Medicine Image Collection,"Stevenson Center Pet Residents, number 123","Student resident of the Stevenson Companion Animal Life-Care Center, Kathleen Harris bathes ""Orphan Annie.""",0364-05,Photographs,In copyright - educational use permitted; see http://rightsstatements.org/vocab/InC-EDU/1.0/ for more information,1999-09-14,2022-12-21T15:47:25.993000+00:00,https://api.library.tamu.edu/fcrepo/rest/4a/7d/ff/c4/4a7dffc4-04ec-4e1f-8f9e-ac661b9f328d/cvm-batch-2_objects/124/pages/page_0/files/CVM_0364-5.jpg,,,
reformatted digital,Texas A & M University. College of Veterinary Medicine & Biomedical Sciences,"['College Station', 'Texas']",StillImage,1990s,College of Veterinary Medicine Image Collection,"Stevenson Center Pet Residents, number 067","Feline resident ""Priscilla"" who arrived at the Stevenson Companion Animal Life-Care Center in 1997.",0361-31,Photographs,In copyright - educational use permitted; see http://rightsstatements.org/vocab/InC-EDU/1.0/ for more information,1999-09-14,2022-12-21T16:36:13.119000+00:00,https://api.library.tamu.edu/fcrepo/rest/4a/7d/ff/c4/4a7dffc4-04ec-4e1f-8f9e-ac661b9f328d/cvm-batch-2_objects/68/pages/page_0/files/CVM_0361-31.jpg,,,
reformatted digital,Texas A & M University. College of Veterinary Medicine & Biomedical Sciences,"['College Station', 'Texas']",StillImage,1990s,College of Veterinary Medicine Image Collection,"Womack Reception, number 17",Ann Kier with microphone speaks at Dr. Womack's reception.,0603,Photographs,In copyright - educational use permitted; see http://rightsstatements.org/vocab/InC-EDU/1.0/ for more information,1999-07-15,2022-12-21T17:56:54.132000+00:00,https://api.library.tamu.edu/fcrepo/rest/4a/7d/ff/c4/4a7dffc4-04ec-4e1f-8f9e-ac661b9f328d/cvm-batch-2_objects/386/pages/page_0/files/CVM_0603.jpg,Written on photograph: Roll 1 frame 13,,
reformatted digital,Texas A & M University. College of Veterinary Medicine & Biomedical Sciences,"['College Station', 'Texas']",StillImage,1990s,College of Veterinary Medicine Image Collection,"Womack Reception, number 09",Group of people and a young boy sit at a round table; and two women and three men are seated in chairs along the wall.,0595,Photographs,In copyright - educational use permitted; see http://rightsstatements.org/vocab/InC-EDU/1.0/ for more information,1999-07-15,2022-12-21T17:54:13.617000+00:00,https://api.library.tamu.edu/fcrepo/rest/4a/7d/ff/c4/4a7dffc4-04ec-4e1f-8f9e-ac661b9f328d/cvm-batch-2_objects/378/pages/page_0/files/CVM_0595.jpg,Written on photograph: Roll 1 frame 9,,
reformatted digital,Texas A & M University. College of Veterinary Medicine & Biomedical Sciences,"['Texas', 'College Station']",StillImage,1990s,College of Veterinary Medicine Image Collection,"Womack Reception, number 14",Attendees at Dr. Womack's reception.,0600,Photographs,In copyright - educational use permitted; see http://rightsstatements.org/vocab/InC-EDU/1.0/ for more information,1999-07-15,2022-12-21T17:55:53.969000+00:00,https://api.library.tamu.edu/fcrepo/rest/4a/7d/ff/c4/4a7dffc4-04ec-4e1f-8f9e-ac661b9f328d/cvm-batch-2_objects/383/pages/page_0/files/CVM_0600.jpg,Written on photograph: Roll 1 frame 10,,
reformatted digital,Texas A & M University. College of Veterinary Medicine & Biomedical Sciences,"['College Station', 'Texas']",StillImage,1990s,College of Veterinary Medicine Image Collection,"Playter Retirement, number 19","An unknown man in white shirt and tie, with a woman and two young girl stand at table during introductions.",0528,Photographs,In copyright - educational use permitted; see http://rightsstatements.org/vocab/InC-EDU/1.0/ for more information,1999-06,2022-12-21T17:34:30.638000+00:00,https://api.library.tamu.edu/fcrepo/rest/4a/7d/ff/c4/4a7dffc4-04ec-4e1f-8f9e-ac661b9f328d/cvm-batch-2_objects/319/pages/page_0/files/CVM_0528.jpg,,Photograph taken during June 1999.,
reformatted digital,Texas A & M University. College of Veterinary Medicine & Biomedical Sciences,"['College Station', 'Texas']",StillImage,1990s,College of Veterinary Medicine Image Collection,"Stevenson Center Pet Residents, number 082",The cat tower at the Stevenson Companion Animal Life-Care Center is enjoyed by the feline residents.,0362-09,Photographs,In copyright - educational use permitted; see http://rightsstatements.org/vocab/InC-EDU/1.0/ for more information,1999-09-14,2022-12-21T16:40:59.937000+00:00,https://api.library.tamu.edu/fcrepo/rest/4a/7d/ff/c4/4a7dffc4-04ec-4e1f-8f9e-ac661b9f328d/cvm-batch-2_objects/83/pages/page_0/files/CVM_0362-9.jpg,,,
reformatted digital,Texas A & M University. College of Veterinary Medicine & Biomedical Sciences,"['College Station', 'Texas']",StillImage,1970s,College of Veterinary Medicine Image Collection,Dr. George W. Klontz,George W. Klontz specializing in the aquatic animal medicine program.,0426,Photographs,In copyright - educational use permitted; see http://rightsstatements.org/vocab/InC-EDU/1.0/ for more information,1970-03,2022-12-21T17:00:54.378000+00:00,https://api.library.tamu.edu/fcrepo/rest/4a/7d/ff/c4/4a7dffc4-04ec-4e1f-8f9e-ac661b9f328d/cvm-batch-2_objects/219/pages/page_0/files/CVM_0426.jpg,Written on photograph: Klontz 3-70,,
reformatted digital,Texas A & M University. College of Veterinary Medicine & Biomedical Sciences,"['College Station', 'Texas']",StillImage,1990s,College of Veterinary Medicine Image Collection,Charles Vrooman,"Photograph of Charles Vrooman, Senior Academic Business Administrator. Charles Vrooman's position at the Veterinary College was assistant dean for finance and administration.","['0458', '0115']","['Portraits', 'Photographs']",In copyright - educational use permitted; see http://rightsstatements.org/vocab/InC-EDU/1.0/ for more information,Between 1990 and 1995,2022-12-21T17:11:36.524000+00:00,https://api.library.tamu.edu/fcrepo/rest/4a/7d/ff/c4/4a7dffc4-04ec-4e1f-8f9e-ac661b9f328d/cvm-batch-2_objects/251/pages/page_0/files/CVM_0458.jpg,,,
reformatted digital,Texas A & M University. College of Veterinary Medicine & Biomedical Sciences,"['College Station', 'Texas']",StillImage,1990s,College of Veterinary Medicine Image Collection,"Playter Retirement, number 37",An unnamed woman at the podium.,0546,Photographs,In copyright - educational use permitted; see http://rightsstatements.org/vocab/InC-EDU/1.0/ for more information,1999-06,2022-12-21T17:40:30.028000+00:00,https://api.library.tamu.edu/fcrepo/rest/4a/7d/ff/c4/4a7dffc4-04ec-4e1f-8f9e-ac661b9f328d/cvm-batch-2_objects/337/pages/page_0/files/CVM_0546.jpg,,Photograph taken during June 1999.,
reformatted digital,Texas A & M University. College of Veterinary Medicine & Biomedical Sciences,"['College Station', 'Texas']",StillImage,1990s,College of Veterinary Medicine Image Collection,"Stevenson Center Pet Residents, number 005","Canine resident ""Lovey"" who arrived at the center in 1998.",0360-05,Photographs,In copyright - educational use permitted; see http://rightsstatements.org/vocab/InC-EDU/1.0/ for more information,1999-09-14,2022-12-21T15:38:37.665000+00:00,https://api.library.tamu.edu/fcrepo/rest/4a/7d/ff/c4/4a7dffc4-04ec-4e1f-8f9e-ac661b9f328d/cvm-batch-2_objects/6/pages/page_0/files/CVM_0360-5.jpg,,,
reformatted digital,Texas A & M University. College of Veterinary Medicine & Biomedical Sciences,"['College Station', 'Texas']",StillImage,2000s,College of Veterinary Medicine Image Collection,Womack Wins Wolf Prize 03,"Side view of Dr. James Womack speaking at podium while three men are seated behind him. Left to right: unnamed man, Dean Richard H. Adams, President Bowen.",0558,Photographs,In copyright - educational use permitted; see http://rightsstatements.org/vocab/InC-EDU/1.0/ for more information,2001,2022-12-21T17:44:32.964000+00:00,https://api.library.tamu.edu/fcrepo/rest/4a/7d/ff/c4/4a7dffc4-04ec-4e1f-8f9e-ac661b9f328d/cvm-batch-2_objects/349/pages/page_0/files/CVM_0558.jpg,,,
reformatted digital,Texas A & M University. College of Veterinary Medicine & Biomedical Sciences,"['College Station', 'Texas']",StillImage,1990s,College of Veterinary Medicine Image Collection,"Stevenson Center Pet Residents, number 104","Student resident of the Stevenson Companion Animal Life-Care Center, Kathleen Harris bathes ""Orphan Annie.""",0363-07,Photographs,In copyright - educational use permitted; see http://rightsstatements.org/vocab/InC-EDU/1.0/ for more information,1999-09-14,2022-12-21T15:41:27.497000+00:00,https://api.library.tamu.edu/fcrepo/rest/4a/7d/ff/c4/4a7dffc4-04ec-4e1f-8f9e-ac661b9f328d/cvm-batch-2_objects/105/pages/page_0/files/CVM_0363-7.jpg,,,
reformatted digital,Texas A & M University. College of Veterinary Medicine & Biomedical Sciences,"['College Station', 'Texas']",StillImage,1990s,College of Veterinary Medicine Image Collection,"Stevenson Center Pet Residents, number 056","Feline resident ""Jessica"" who arrived at the Stevenson Companion Animal Life-Care Center in 1998.",0361-20,Photographs,In copyright - educational use permitted; see http://rightsstatements.org/vocab/InC-EDU/1.0/ for more information,1999-09-14,2022-12-21T16:32:42.690000+00:00,https://api.library.tamu.edu/fcrepo/rest/4a/7d/ff/c4/4a7dffc4-04ec-4e1f-8f9e-ac661b9f328d/cvm-batch-2_objects/57/pages/page_0/files/CVM_0361-20.jpg,,,
reformatted digital,Texas A & M University. College of Veterinary Medicine & Biomedical Sciences,"['Texas', 'College Station']",StillImage,1940s,College of Veterinary Medicine Image Collection,"Tom Brown, number 1","Mr. Tom Brown with a pencil in his pocket stands outside the Veterinary Hospital holding a dog. Tom Brown started working at the Veterinary School in 1920. He was known by the students as ""Dr. Tom.""",0413,Photographs,In copyright - educational use permitted; see http://rightsstatements.org/vocab/InC-EDU/1.0/ for more information,Between 1945 and 1950,2022-12-21T16:56:12.037000+00:00,https://api.library.tamu.edu/fcrepo/rest/4a/7d/ff/c4/4a7dffc4-04ec-4e1f-8f9e-ac661b9f328d/cvm-batch-2_objects/205/pages/page_0/files/CVM_0413.jpg,,,
reformatted digital,Texas A & M University. College of Veterinary Medicine & Biomedical Sciences,"['College Station', 'Texas']",StillImage,,College of Veterinary Medicine Image Collection,Foundation of Veterinary Medicine at the A&M College of Texas,Faculty and administrators in the early days of the College of Veterinary Medicine. Back row left to right--Henry Wickes; A.K. Kuttler; Solomon Nathan Blackberg (misspelled as Blackleg; Victor J. Branner; Emmett W. Price; Bill Thaxton; A.A. Lennert. Front row left to right-- Unknown; Dr. Mark Francis; L.G. Cloud; Sir Arnold R. Theiler; Hubert Schmidt; J.E. Boog-Scott; Dr. R.P. Marsteller.,0684,"['Portraits', 'Photographs']",In copyright - educational use permitted; see http://rightsstatements.org/vocab/InC-EDU/1.0/ for more information,Between 1925 and 1935,2022-12-21T18:24:23.278000+00:00,https://api.library.tamu.edu/fcrepo/rest/4a/7d/ff/c4/4a7dffc4-04ec-4e1f-8f9e-ac661b9f328d/cvm-batch-2_objects/467/pages/page_0/files/CVM_0684.jpg,,,
reformatted digital,Texas A & M University. College of Veterinary Medicine & Biomedical Sciences,"['College Station', 'Texas']",StillImage,1990s,College of Veterinary Medicine Image Collection,"Clinical Hospital Rounds, number 16",Group of people at a meeting. Dr. Allen Roussel is on left in light blue over white shirt; Joe Jaros is shown on right side in dark suit.,0581,Photographs,In copyright - educational use permitted; see http://rightsstatements.org/vocab/InC-EDU/1.0/ for more information,Between 1995 and 2000,2022-12-21T17:50:33.576000+00:00,https://api.library.tamu.edu/fcrepo/rest/4a/7d/ff/c4/4a7dffc4-04ec-4e1f-8f9e-ac661b9f328d/cvm-batch-2_objects/367/pages/page_0/files/CVM_0581.jpg,,,
reformatted digital,Texas A & M University. College of Veterinary Medicine & Biomedical Sciences,"['College Station', 'Texas']",StillImage,2000s,College of Veterinary Medicine Image Collection,"New Hay Barn, number 2",New hay barn -21 Nov 03.,0388,Photographs,In copyright - educational use permitted; see http://rightsstatements.org/vocab/InC-EDU/1.0/ for more information,2003-11-21,2022-12-21T16:47:29.199000+00:00,https://api.library.tamu.edu/fcrepo/rest/4a/7d/ff/c4/4a7dffc4-04ec-4e1f-8f9e-ac661b9f328d/cvm-batch-2_objects/179/pages/page_0/files/CVM_0388.jpg,Written on photograph: 2003 New Equine Paddocks and Barns,,
reformatted digital,Texas A & M University. College of Veterinary Medicine & Biomedical Sciences,"['College Station', 'Texas']",StillImage,,College of Veterinary Medicine Image Collection,"Dean Adams, number 06",Richard Adams- Images taken during a conversation or interview.,0442,Photographs,In copyright - educational use permitted; see http://rightsstatements.org/vocab/InC-EDU/1.0/ for more information,,2022-12-21T17:06:14.383000+00:00,https://api.library.tamu.edu/fcrepo/rest/4a/7d/ff/c4/4a7dffc4-04ec-4e1f-8f9e-ac661b9f328d/cvm-batch-2_objects/235/pages/page_0/files/CVM_0442.jpg,,,
reformatted digital,Texas A & M University. College of Veterinary Medicine & Biomedical Sciences,"['College Station', 'Texas']",StillImage,1990s,College of Veterinary Medicine Image Collection,"Karla Bludworth Enrichment Funds, number 5","Shown here left to right: Glenda Pearce, Dr. Claudia Barton, Karla Bludworth, and Dr. Kent Carter. Front and center is ""Wheeler Dealer"" the miniature horse belonging to Ms. Bludworth. Karla Bludworth of Hockley, Texas. She gifted $100,000 to the College of Veterinary Medicine for the caring service provided to her cat ""Sylvester.""",0681,Photographs,In copyright - educational use permitted; see http://rightsstatements.org/vocab/InC-EDU/1.0/ for more information,1999-09-28,2022-12-21T18:23:18.624000+00:00,https://api.library.tamu.edu/fcrepo/rest/4a/7d/ff/c4/4a7dffc4-04ec-4e1f-8f9e-ac661b9f328d/cvm-batch-2_objects/464/pages/page_0/files/CVM_0681.jpg,,,
reformatted digital,Texas A & M University. College of Veterinary Medicine & Biomedical Sciences,"['College Station', 'Texas']",StillImage,1990s,College of Veterinary Medicine Image Collection,"Playter Retirement, number 08",Dr. Playter gets a hug from Dr. Roger Feldman. Others in the room applaud.,0517,Photographs,In copyright - educational use permitted; see http://rightsstatements.org/vocab/InC-EDU/1.0/ for more information,1999-06,2022-12-21T17:30:51.204000+00:00,https://api.library.tamu.edu/fcrepo/rest/4a/7d/ff/c4/4a7dffc4-04ec-4e1f-8f9e-ac661b9f328d/cvm-batch-2_objects/308/pages/page_0/files/CVM_0517.jpg,,Photograph taken during June 1999.,
reformatted digital,Texas A & M University. College of Veterinary Medicine & Biomedical Sciences,"['College Station', 'Texas']",StillImage,1990s,College of Veterinary Medicine Image Collection,"Stevenson Center, number 023",Ellie Greenbaum cleaning up an accident.,0364-37,Photographs,In copyright - educational use permitted; see http://rightsstatements.org/vocab/InC-EDU/1.0/ for more information,1999-09-14,2022-12-21T15:57:08.960000+00:00,https://api.library.tamu.edu/fcrepo/rest/4a/7d/ff/c4/4a7dffc4-04ec-4e1f-8f9e-ac661b9f328d/cvm-batch-2_objects/155/pages/page_0/files/CVM_0364-37.jpg,,,
reformatted digital,Texas A & M University. College of Veterinary Medicine & Biomedical Sciences,"['Texas', 'College Station']",StillImage,1990s,College of Veterinary Medicine Image Collection,"Playter Retirement, number 32",Dr. Playter (left) speaks with Texas A&M University Provost Ronald Douglas (right).,0541,Photographs,In copyright - educational use permitted; see http://rightsstatements.org/vocab/InC-EDU/1.0/ for more information,1999-06,2022-12-21T17:38:49.933000+00:00,https://api.library.tamu.edu/fcrepo/rest/4a/7d/ff/c4/4a7dffc4-04ec-4e1f-8f9e-ac661b9f328d/cvm-batch-2_objects/332/pages/page_0/files/CVM_0541.jpg,,Photograph taken during June 1999.,
reformatted digital,Texas A & M University. College of Veterinary Medicine & Biomedical Sciences,"['College Station', 'Texas']",StillImage,1990s,College of Veterinary Medicine Image Collection,"Stevenson Center Pet Residents, number 037","Canine resident ""Orphan Annie,"" who first came to the center in 1997.",0361-01,Photographs,In copyright - educational use permitted; see http://rightsstatements.org/vocab/InC-EDU/1.0/ for more information,1999-09-14,2022-12-21T16:09:33.985000+00:00,https://api.library.tamu.edu/fcrepo/rest/4a/7d/ff/c4/4a7dffc4-04ec-4e1f-8f9e-ac661b9f328d/cvm-batch-2_objects/38/pages/page_0/files/CVM_0361-1.jpg,,,
reformatted digital,Texas A & M University. College of Veterinary Medicine & Biomedical Sciences,,StillImage,,College of Veterinary Medicine Image Collection,"Hunting, number 13",Kitchen area of a hunting cabin.,0655,Photographs,In copyright - educational use permitted; see http://rightsstatements.org/vocab/InC-EDU/1.0/ for more information,,2022-12-21T18:14:30.621000+00:00,https://api.library.tamu.edu/fcrepo/rest/4a/7d/ff/c4/4a7dffc4-04ec-4e1f-8f9e-ac661b9f328d/cvm-batch-2_objects/438/pages/page_0/files/CVM_0655.jpg,,,
reformatted digital,Texas A & M University. College of Veterinary Medicine & Biomedical Sciences,,StillImage,,College of Veterinary Medicine Image Collection,"Hunting, number 19",Two unidentified men are standing on the front grill stand with two hunting dogs. Another man is seen behind them in this frame and a brown dog is on the ground to the left of the truck.,0661,"['Portraits', 'Photographs']",In copyright - educational use permitted; see http://rightsstatements.org/vocab/InC-EDU/1.0/ for more information,,2022-12-21T18:16:32.565000+00:00,https://api.library.tamu.edu/fcrepo/rest/4a/7d/ff/c4/4a7dffc4-04ec-4e1f-8f9e-ac661b9f328d/cvm-batch-2_objects/444/pages/page_0/files/CVM_0661.jpg,,,
reformatted digital,Texas A & M University. College of Veterinary Medicine & Biomedical Sciences,"['College Station', 'Texas']",StillImage,2000s,College of Veterinary Medicine Image Collection,Womack Wins Wolf Prize 02,"Dr. James Womack speaks at podium while three men are seated behind him. Left to right: unnamed man, Dean Richard H. Adams, President Bowen.",0557,Photographs,In copyright - educational use permitted; see http://rightsstatements.org/vocab/InC-EDU/1.0/ for more information,2001,2022-12-21T17:44:12.738000+00:00,https://api.library.tamu.edu/fcrepo/rest/4a/7d/ff/c4/4a7dffc4-04ec-4e1f-8f9e-ac661b9f328d/cvm-batch-2_objects/348/pages/page_0/files/CVM_0557.jpg,,,
reformatted digital,Texas A & M University. College of Veterinary Medicine & Biomedical Sciences,"['College Station', 'Texas']",StillImage,1990s,College of Veterinary Medicine Image Collection,"Clinical Rounds, number 8","Veterinary staff or student, and librarian Katherine McNeil are shown with a horse in an ICU stall.",0383,Photographs,In copyright - educational use permitted; see http://rightsstatements.org/vocab/InC-EDU/1.0/ for more information,1998-02-24,2022-12-21T16:03:13.807000+00:00,https://api.library.tamu.edu/fcrepo/rest/4a/7d/ff/c4/4a7dffc4-04ec-4e1f-8f9e-ac661b9f328d/cvm-batch-2_objects/174/pages/page_0/files/CVM_0383.jpg,,,
reformatted digital,Texas A & M University. College of Veterinary Medicine & Biomedical Sciences,"['Texas', 'College Station']",StillImage,1990s,College of Veterinary Medicine Image Collection,"Canine Amputee, number 5","Mischief, the four-year-old miniature schnauzer, was featured on the first ""The Doc Is In"" segment on television, after having his leg amputated at the Texas A&M University College of Veterinary Medicine. ""The Doc Is In"" was a segment of the Public Broadcasting Service program, ""Cure and Caring,"" that featured the College of Veterinary Medicine. It first aired during the latter's second season in 1999 and was hosted by Dr. Dawn Boothe. This segment featured actual medical cases and discussed how the animals were treated. The show was broadcast from the studios of KAMU at Texas A&M and was produced by TeleVentures Productions.",0673,Photographs,In copyright - educational use permitted; see http://rightsstatements.org/vocab/InC-EDU/1.0/ for more information,1999-09-28,2022-12-21T18:20:36.272000+00:00,https://api.library.tamu.edu/fcrepo/rest/4a/7d/ff/c4/4a7dffc4-04ec-4e1f-8f9e-ac661b9f328d/cvm-batch-2_objects/456/pages/page_0/files/CVM_0673.jpg,,,
reformatted digital,Texas A & M University. College of Veterinary Medicine & Biomedical Sciences,"['College Station', 'Texas']",StillImage,1990s,College of Veterinary Medicine Image Collection,"Playter Retirement, number 12",Norberto F. Espitia speaks at the podium.,0521,Photographs,In copyright - educational use permitted; see http://rightsstatements.org/vocab/InC-EDU/1.0/ for more information,1999-06,2022-12-21T17:32:10.817000+00:00,https://api.library.tamu.edu/fcrepo/rest/4a/7d/ff/c4/4a7dffc4-04ec-4e1f-8f9e-ac661b9f328d/cvm-batch-2_objects/312/pages/page_0/files/CVM_0521.jpg,,Photograph taken during June 1999.,
reformatted digital,Texas A & M University. College of Veterinary Medicine & Biomedical Sciences,"['Texas', 'College Station']",StillImage,1990s,College of Veterinary Medicine Image Collection,"Stevenson Center Pet Residents, number 117","Student resident of the Stevenson Companion Animal Life-Care Center, Kathleen Harris bathes brushes Methuselah"" resident feline.",0363-20,Photographs,In copyright - educational use permitted; see http://rightsstatements.org/vocab/InC-EDU/1.0/ for more information,1999-09-14,2022-12-21T15:45:32.783000+00:00,https://api.library.tamu.edu/fcrepo/rest/4a/7d/ff/c4/4a7dffc4-04ec-4e1f-8f9e-ac661b9f328d/cvm-batch-2_objects/118/pages/page_0/files/CVM_0363-20.jpg,,,
reformatted digital,Texas A & M University. College of Veterinary Medicine & Biomedical Sciences,"['College Station', 'Texas']",StillImage,1980s,College of Veterinary Medicine Image Collection,"Equine Ear Twitch, number 2",Demonstration of mild restraint.,0491,Photographs,In copyright - educational use permitted; see http://rightsstatements.org/vocab/InC-EDU/1.0/ for more information,1982-01-22,2022-12-21T17:22:16.640000+00:00,https://api.library.tamu.edu/fcrepo/rest/4a/7d/ff/c4/4a7dffc4-04ec-4e1f-8f9e-ac661b9f328d/cvm-batch-2_objects/282/pages/page_0/files/CVM_0491.jpg,"Written on photograph: photograph REQUEST (slip) : Sam Wigington, for the Dept. Large Animal Med. & Surg., TAMU, Breed: Appaloosa, 1 set in B W.",,
reformatted digital,Texas A & M University. College of Veterinary Medicine & Biomedical Sciences,"['College Station', 'Texas']",StillImage,,College of Veterinary Medicine Image Collection,Ivan Boughton,Faculty photograph of Dr. Ivan B. Boughton (1893-1974).,0395,"['Portraits', 'Photographs']",In copyright - educational use permitted; see http://rightsstatements.org/vocab/InC-EDU/1.0/ for more information,,2022-12-21T16:49:49.916000+00:00,https://api.library.tamu.edu/fcrepo/rest/4a/7d/ff/c4/4a7dffc4-04ec-4e1f-8f9e-ac661b9f328d/cvm-batch-2_objects/186/pages/page_0/files/CVM_0395.jpg,,,
reformatted digital,Texas A & M University. College of Veterinary Medicine & Biomedical Sciences,"['Texas', 'College Station']",StillImage,,College of Veterinary Medicine Image Collection,"George Shelton, number 5",Head shots of Dr. George Shelton (1923-2010).,0400,"['Portraits', 'Photographs']",In copyright - educational use permitted; see http://rightsstatements.org/vocab/InC-EDU/1.0/ for more information,,2022-12-21T16:51:29.862000+00:00,https://api.library.tamu.edu/fcrepo/rest/4a/7d/ff/c4/4a7dffc4-04ec-4e1f-8f9e-ac661b9f328d/cvm-batch-2_objects/191/pages/page_0/files/CVM_0400.jpg,,,
reformatted digital,Texas A & M University. College of Veterinary Medicine & Biomedical Sciences,"['College Station', 'Texas']",StillImage,1990s,College of Veterinary Medicine Image Collection,"Playter Retirement, number 24",Mrs. Robert Playter (Kay) speaks with Robert W. Field.,0533,Photographs,In copyright - educational use permitted; see http://rightsstatements.org/vocab/InC-EDU/1.0/ for more information,1999-06,2022-12-21T17:36:10.268000+00:00,https://api.library.tamu.edu/fcrepo/rest/4a/7d/ff/c4/4a7dffc4-04ec-4e1f-8f9e-ac661b9f328d/cvm-batch-2_objects/324/pages/page_0/files/CVM_0533.jpg,,Photograph taken during June 1999.,
reformatted digital,Texas A & M University. College of Veterinary Medicine & Biomedical Sciences,"['College Station', 'Texas']",StillImage,1990s,College of Veterinary Medicine Image Collection,"Stevenson Center, number 018",Two students with pets.,0364-32,Photographs,In copyright - educational use permitted; see http://rightsstatements.org/vocab/InC-EDU/1.0/ for more information,1999-09-14,2022-12-21T15:55:34.895000+00:00,https://api.library.tamu.edu/fcrepo/rest/4a/7d/ff/c4/4a7dffc4-04ec-4e1f-8f9e-ac661b9f328d/cvm-batch-2_objects/150/pages/page_0/files/CVM_0364-32.jpg,,,
reformatted digital,Texas A & M University. College of Veterinary Medicine & Biomedical Sciences,"['College Station', 'Texas']",StillImage,1980s,College of Veterinary Medicine Image Collection,"Appaloosa, number 10",Image of the photograph request slip that was filled out to take this set of images.,0507,Photographs,In copyright - educational use permitted; see http://rightsstatements.org/vocab/InC-EDU/1.0/ for more information,1982-01-22,2022-12-21T17:27:30.459000+00:00,https://api.library.tamu.edu/fcrepo/rest/4a/7d/ff/c4/4a7dffc4-04ec-4e1f-8f9e-ac661b9f328d/cvm-batch-2_objects/298/pages/page_0/files/CVM_0507.jpg,"Written on photograph: photograph REQUEST (slip) : Sam Wigington, for the Dept. Large Animal Med. & Surg., TAMU, Breed: Appaloosa, 1 set in B W.",,
reformatted digital,Texas A & M University. College of Veterinary Medicine & Biomedical Sciences,"['Texas', 'College Station']",StillImage,1990s,College of Veterinary Medicine Image Collection,"Playter Retirement, number 21",Mrs. Robert Playter (Kay) in grey dress stands in recognition.,0530,Photographs,In copyright - educational use permitted; see http://rightsstatements.org/vocab/InC-EDU/1.0/ for more information,1999-06,2022-12-21T17:35:10.486000+00:00,https://api.library.tamu.edu/fcrepo/rest/4a/7d/ff/c4/4a7dffc4-04ec-4e1f-8f9e-ac661b9f328d/cvm-batch-2_objects/321/pages/page_0/files/CVM_0530.jpg,,Photograph taken during June 1999.,
reformatted digital,Texas A & M University. College of Veterinary Medicine & Biomedical Sciences,"['College Station', 'Texas']",StillImage,1990s,College of Veterinary Medicine Image Collection,"Stevenson Center Pet Residents, number 020","Canine resident ""Algernon"" who arrived at the center in 1997.",0360-20,Photographs,In copyright - educational use permitted; see http://rightsstatements.org/vocab/InC-EDU/1.0/ for more information,1999-09-14,2022-12-21T16:04:11.688000+00:00,https://api.library.tamu.edu/fcrepo/rest/4a/7d/ff/c4/4a7dffc4-04ec-4e1f-8f9e-ac661b9f328d/cvm-batch-2_objects/21/pages/page_0/files/CVM_0360-20.jpg,,,
reformatted digital,Texas A & M University. College of Veterinary Medicine & Biomedical Sciences,"['Texas', 'College Station']",StillImage,1940s,College of Veterinary Medicine Image Collection,Poultry dissection Labs,Students study the anatomy of poultry in a laboratory-like setting.,0693,Photographs,In copyright - educational use permitted; see http://rightsstatements.org/vocab/InC-EDU/1.0/ for more information,Between 1940 and 1950,2022-12-21T18:27:14.560000+00:00,https://api.library.tamu.edu/fcrepo/rest/4a/7d/ff/c4/4a7dffc4-04ec-4e1f-8f9e-ac661b9f328d/cvm-batch-2_objects/475/pages/page_0/files/CVM_0693.jpg,,,
reformatted digital,Texas A & M University. College of Veterinary Medicine & Biomedical Sciences,"['College Station', 'Texas']",StillImage,1990s,College of Veterinary Medicine Image Collection,"Stevenson Center Special Events, number 11","""Orphan Annie"" gets some attention from unnamed woman.",0375,Photographs,In copyright - educational use permitted; see http://rightsstatements.org/vocab/InC-EDU/1.0/ for more information,1999-12,2022-12-21T16:00:42.797000+00:00,https://api.library.tamu.edu/fcrepo/rest/4a/7d/ff/c4/4a7dffc4-04ec-4e1f-8f9e-ac661b9f328d/cvm-batch-2_objects/166/pages/page_0/files/CVM_0375.jpg,,Photograph taken during December 1999.,
reformatted digital,Texas A & M University. College of Veterinary Medicine & Biomedical Sciences,"['College Station', 'Texas']",StillImage,1990s,College of Veterinary Medicine Image Collection,"Stevenson Center Pet Residents, number 018","Canine resident ""Chip"" who arrived at the center in 1998.",0360-18,Photographs,In copyright - educational use permitted; see http://rightsstatements.org/vocab/InC-EDU/1.0/ for more information,1999-09-14,2022-12-21T15:37:02.694000+00:00,https://api.library.tamu.edu/fcrepo/rest/4a/7d/ff/c4/4a7dffc4-04ec-4e1f-8f9e-ac661b9f328d/cvm-batch-2_objects/19/pages/page_0/files/CVM_0360-18.jpg,,,
reformatted digital,Texas A & M University. College of Veterinary Medicine & Biomedical Sciences,"['Columbia', 'Missouri']",StillImage,1990s,College of Veterinary Medicine Image Collection,"Rodeo-Livestock Show, number 2","A young man sits in the ""Missouri Mule Team"" wagon from the College of Veterinary Medicine at the University of Missouri, Columbia during an unknown event. He is holding a fiddle while the driver sits upfront.",0636,Photographs,In copyright - educational use permitted; see http://rightsstatements.org/vocab/InC-EDU/1.0/ for more information,1997-11-20,2022-12-21T18:08:02.275000+00:00,https://api.library.tamu.edu/fcrepo/rest/4a/7d/ff/c4/4a7dffc4-04ec-4e1f-8f9e-ac661b9f328d/cvm-batch-2_objects/419/pages/page_0/files/CVM_0636.jpg,,,
reformatted digital,Texas A & M University. College of Veterinary Medicine & Biomedical Sciences,"['College Station', 'Texas']",StillImage,1990s,College of Veterinary Medicine Image Collection,"Womack Reception, number 26",Dr. Adams shakes Dr. Womack's hand. Mrs. Womack in purple and Ann Kier look on while a third unnamed person is seen to the right of the frame.,0612,Photographs,In copyright - educational use permitted; see http://rightsstatements.org/vocab/InC-EDU/1.0/ for more information,1999-07-15,2022-12-21T17:59:55.514000+00:00,https://api.library.tamu.edu/fcrepo/rest/4a/7d/ff/c4/4a7dffc4-04ec-4e1f-8f9e-ac661b9f328d/cvm-batch-2_objects/395/pages/page_0/files/CVM_0612.jpg,Written on photograph: Roll 1 frame 26,,
reformatted digital,Texas A & M University. College of Veterinary Medicine & Biomedical Sciences,,StillImage,,College of Veterinary Medicine Image Collection,"Hunting, number 26",Two men and a dog are seated behind the cab of white truck.,0668,"['Portraits', 'Photographs']",In copyright - educational use permitted; see http://rightsstatements.org/vocab/InC-EDU/1.0/ for more information,,2022-12-21T18:18:55.401000+00:00,https://api.library.tamu.edu/fcrepo/rest/4a/7d/ff/c4/4a7dffc4-04ec-4e1f-8f9e-ac661b9f328d/cvm-batch-2_objects/451/pages/page_0/files/CVM_0668.jpg,,,
reformatted digital,Texas A & M University. College of Veterinary Medicine & Biomedical Sciences,"['San Antonio', 'Texas']",StillImage,1970s,College of Veterinary Medicine Image Collection,"Awards Presented at a Convention, number 1","1973 awards presentation at a 1974 convention held in San Antonio, Hilton Palacio Del Rio. Two men are shown at the podium, while a woman and a man are seated in frame right.",0472,Photographs,In copyright - educational use permitted; see http://rightsstatements.org/vocab/InC-EDU/1.0/ for more information,1974,2022-12-21T17:15:42.428000+00:00,https://api.library.tamu.edu/fcrepo/rest/4a/7d/ff/c4/4a7dffc4-04ec-4e1f-8f9e-ac661b9f328d/cvm-batch-2_objects/263/pages/page_0/files/CVM_0472.jpg,Written on photograph: 74 Conv. San Antonio 1973 Award,,
reformatted digital,Texas A & M University. College of Veterinary Medicine & Biomedical Sciences,"['College Station', 'Texas']",StillImage,1990s,College of Veterinary Medicine Image Collection,"Stevenson Center Special Events, number 08",Unnamed staff with cat in the grooming area of the Stevenson Companion Animal Life-Care Center.,0372,Photographs,In copyright - educational use permitted; see http://rightsstatements.org/vocab/InC-EDU/1.0/ for more information,1999-12,2022-12-21T15:59:44.247000+00:00,https://api.library.tamu.edu/fcrepo/rest/4a/7d/ff/c4/4a7dffc4-04ec-4e1f-8f9e-ac661b9f328d/cvm-batch-2_objects/163/pages/page_0/files/CVM_0372.jpg,,Photograph taken during December 1999.,
reformatted digital,Texas A & M University. College of Veterinary Medicine & Biomedical Sciences,"['College Station', 'Texas']",StillImage,1990s,College of Veterinary Medicine Image Collection,"Playter Retirement, number 01","An unknown woman stands at a banquet table with ""Dr. Playter"" place marker while people in room applaud. Dr. Playter (not pictured) joined the faculty in 1970 as an assistant professor in the small animal clinic after earning his master's degree in veterinary medicine and surgery at Texas A&M. Later becoming a full professor and then department head of Small Animal Medicine and Surgery. He left College Station to become the director of the Veterinary Health Center at Cornell University, Ithaca, N.Y. from 1985-1990. Dr. Playter returned to TAMU, College of Veterinary Medicine as the associate dean for Clinical & Outreach Programs, hospital director and director of the continuing education program from 1990-1996. He then resumed teaching, but in 1997 was asked to serve as the interim dean for the college. From 1998 to 1999 he was appointed Executive Associate Dean and then retired in June of 1999.",0510,Photographs,In copyright - educational use permitted; see http://rightsstatements.org/vocab/InC-EDU/1.0/ for more information,1999-06,2022-12-21T17:28:30.224000+00:00,https://api.library.tamu.edu/fcrepo/rest/4a/7d/ff/c4/4a7dffc4-04ec-4e1f-8f9e-ac661b9f328d/cvm-batch-2_objects/301/pages/page_0/files/CVM_0510.jpg,,Photograph taken during June 1999.,
reformatted digital,Texas A & M University. College of Veterinary Medicine & Biomedical Sciences,"['Texas', 'College Station']",StillImage,1980s,College of Veterinary Medicine Image Collection,Carolyn Grine,"Faculty Photo, Dean's Office. Carolyn Cooper Grine retired from Texas A&M in 1994.","['0414', '0124']","['Portraits', 'Photographs']",In copyright - educational use permitted; see http://rightsstatements.org/vocab/InC-EDU/1.0/ for more information,Between 1985 and 1990,2022-12-21T16:56:53.506000+00:00,https://api.library.tamu.edu/fcrepo/rest/4a/7d/ff/c4/4a7dffc4-04ec-4e1f-8f9e-ac661b9f328d/cvm-batch-2_objects/207/pages/page_0/files/CVM_0414.jpg,,,
reformatted digital,Texas A & M University. College of Veterinary Medicine & Biomedical Sciences,"['College Station', 'Texas']",StillImage,1990s,College of Veterinary Medicine Image Collection,"Stevenson Center Pet Residents, number 068","Feline resident ""Priscilla"" who arrived at the Stevenson Companion Animal Life-Care Center in 1997.",0361-32,Photographs,In copyright - educational use permitted; see http://rightsstatements.org/vocab/InC-EDU/1.0/ for more information,1999-09-14,2022-12-21T16:36:32.175000+00:00,https://api.library.tamu.edu/fcrepo/rest/4a/7d/ff/c4/4a7dffc4-04ec-4e1f-8f9e-ac661b9f328d/cvm-batch-2_objects/69/pages/page_0/files/CVM_0361-32.jpg,,,
reformatted digital,Texas A & M University. College of Veterinary Medicine & Biomedical Sciences,"['College Station', 'Texas']",StillImage,1990s,College of Veterinary Medicine Image Collection,"Stevenson Center Pet Residents, number 116","Student resident of the Stevenson Companion Animal Life-Care Center, Kathleen Harris bathes brushes Methuselah"" resident feline.",0363-19,Photographs,In copyright - educational use permitted; see http://rightsstatements.org/vocab/InC-EDU/1.0/ for more information,1999-09-14,2022-12-21T15:45:13.931000+00:00,https://api.library.tamu.edu/fcrepo/rest/4a/7d/ff/c4/4a7dffc4-04ec-4e1f-8f9e-ac661b9f328d/cvm-batch-2_objects/117/pages/page_0/files/CVM_0363-19.jpg,,,
reformatted digital,Texas A & M University. College of Veterinary Medicine & Biomedical Sciences,"['College Station', 'Texas']",StillImage,1980s,College of Veterinary Medicine Image Collection,"Appaloosa, number 05",A woman with a horse.,0502,Photographs,In copyright - educational use permitted; see http://rightsstatements.org/vocab/InC-EDU/1.0/ for more information,1982-01-22,2022-12-21T17:25:52.455000+00:00,https://api.library.tamu.edu/fcrepo/rest/4a/7d/ff/c4/4a7dffc4-04ec-4e1f-8f9e-ac661b9f328d/cvm-batch-2_objects/293/pages/page_0/files/CVM_0502.jpg,"Written on photograph: photograph REQUEST (slip) : Sam Wigington, for the Dept. Large Animal Med. & Surg., TAMU, Breed: Appaloosa, 1 set in B W.",,
reformatted digital,Texas A & M University. College of Veterinary Medicine & Biomedical Sciences,"['College Station', 'Texas']",StillImage,1990s,College of Veterinary Medicine Image Collection,"Womack Reception, number 10","Dr. E. Murl Bailey, Jr. addresses the reception attendees.",0596,Photographs,In copyright - educational use permitted; see http://rightsstatements.org/vocab/InC-EDU/1.0/ for more information,1999-07-15,2022-12-21T17:54:33.537000+00:00,https://api.library.tamu.edu/fcrepo/rest/4a/7d/ff/c4/4a7dffc4-04ec-4e1f-8f9e-ac661b9f328d/cvm-batch-2_objects/379/pages/page_0/files/CVM_0596.jpg,Written on photograph: Roll 1 frame 18,,
reformatted digital,Texas A & M University. College of Veterinary Medicine & Biomedical Sciences,"['College Station', 'Texas']",StillImage,1990s,College of Veterinary Medicine Image Collection,Kay Read,"Faculty photograph of Dr. Kay Read, Associate Professor (1975-81) and Full Professor (1984-89) of Veterinary Pathobiology. He served as Acting Department Head and Professor in 1990; Head of Department from 1991 to 1995, Professor from 1996 to 2001; and Professor Emeritus starting in 2002. (All dates are approximates taken from faculty/staff directories.)","['0454', '0123']","['Portraits', 'Photographs']",In copyright - educational use permitted; see http://rightsstatements.org/vocab/InC-EDU/1.0/ for more information,Between 1990 and 1995,2022-12-21T17:10:17.591000+00:00,https://api.library.tamu.edu/fcrepo/rest/4a/7d/ff/c4/4a7dffc4-04ec-4e1f-8f9e-ac661b9f328d/cvm-batch-2_objects/247/pages/page_0/files/CVM_0454.jpg,,,
reformatted digital,Texas A & M University. College of Veterinary Medicine & Biomedical Sciences,"['College Station', 'Texas']",StillImage,1990s,College of Veterinary Medicine Image Collection,"Womack Reception, number 21",Dr. James Womack and another unnamed man are shown in this image with a portrait of Dr. Mark Francis as the backdrop.,0607,Photographs,In copyright - educational use permitted; see http://rightsstatements.org/vocab/InC-EDU/1.0/ for more information,1999-07-15,2022-12-21T17:58:13.637000+00:00,https://api.library.tamu.edu/fcrepo/rest/4a/7d/ff/c4/4a7dffc4-04ec-4e1f-8f9e-ac661b9f328d/cvm-batch-2_objects/390/pages/page_0/files/CVM_0607.jpg,Written on photograph: Roll 1 frame 17,,
reformatted digital,Texas A & M University. College of Veterinary Medicine & Biomedical Sciences,"['College Station', 'Texas']",StillImage,1990s,College of Veterinary Medicine Image Collection,"Stevenson Center Pet Residents, number 087","Feline resident ""Methuselah,"" also known as brindle, arrived at the Stevenson Companion Animal Life-Care Center in 1997.",0362-14,Photographs,In copyright - educational use permitted; see http://rightsstatements.org/vocab/InC-EDU/1.0/ for more information,1999-09-14,2022-12-21T16:42:35.738000+00:00,https://api.library.tamu.edu/fcrepo/rest/4a/7d/ff/c4/4a7dffc4-04ec-4e1f-8f9e-ac661b9f328d/cvm-batch-2_objects/88/pages/page_0/files/CVM_0362-14.jpg,,,
reformatted digital,Texas A & M University. College of Veterinary Medicine & Biomedical Sciences,"['Texas', 'College Station']",StillImage,1990s,College of Veterinary Medicine Image Collection,"Stevenson Center Pet Residents, number 092","""Wei-Linn"" a black-mustached parakeet who was the first bird to reside of Stevenson Companion Animal Life-Care Center.",0362-19,Photographs,In copyright - educational use permitted; see http://rightsstatements.org/vocab/InC-EDU/1.0/ for more information,1999-09-14,2022-12-21T16:44:11.888000+00:00,https://api.library.tamu.edu/fcrepo/rest/4a/7d/ff/c4/4a7dffc4-04ec-4e1f-8f9e-ac661b9f328d/cvm-batch-2_objects/93/pages/page_0/files/CVM_0362-19.jpg,,,
reformatted digital,Texas A & M University. College of Veterinary Medicine & Biomedical Sciences,"['College Station', 'Texas']",StillImage,1990s,College of Veterinary Medicine Image Collection,J. D. McCrady,"Dr. J. D. McCrady, sits for a faculty picture. Dr. McCrady was professor in physiology and pharmacology and served many years on the faculty, leading in numerous initiatives of the College.","['0116', '0451']","['Portraits', 'Photographs']",In copyright - educational use permitted; see http://rightsstatements.org/vocab/InC-EDU/1.0/ for more information,Between 1990 and 1995,2022-12-21T17:09:16.628000+00:00,https://api.library.tamu.edu/fcrepo/rest/4a/7d/ff/c4/4a7dffc4-04ec-4e1f-8f9e-ac661b9f328d/cvm-batch-2_objects/244/pages/page_0/files/CVM_0451.jpg,,,
reformatted digital,Texas A & M University. College of Veterinary Medicine & Biomedical Sciences,"['Texas', 'College Station']",StillImage,,College of Veterinary Medicine Image Collection,Syed A. Naqi,"Dr. Syed A. Naqi in a faculty photograph. Dr. Syed A. Naqi in listed in the 1979-1980 Faculty Directory with the following information. ""Associate Professor of Veterinary Microbiology & Parasitology; B.V.Sc. (D.V.M.)-Osmania U. (India)1961; M.S. 1967 and Ph.D. 1969 in Veterinary Microbiology and Immunology at Texas A&M ; Diplomate, A.C.V.M.""",0459,"['Portraits', 'Photographs']",In copyright - educational use permitted; see http://rightsstatements.org/vocab/InC-EDU/1.0/ for more information,,2022-12-21T17:11:57.049000+00:00,https://api.library.tamu.edu/fcrepo/rest/4a/7d/ff/c4/4a7dffc4-04ec-4e1f-8f9e-ac661b9f328d/cvm-batch-2_objects/252/pages/page_0/files/CVM_0459.jpg,,,
reformatted digital,Texas A & M University. College of Veterinary Medicine & Biomedical Sciences,"['College Station', 'Texas']",StillImage,1990s,College of Veterinary Medicine Image Collection,"Stevenson Center Pet Residents, number 063","Feline resident ""Jessica"" who arrived at the Stevenson Companion Animal Life-Care Center in 1998.",0361-27,Photographs,In copyright - educational use permitted; see http://rightsstatements.org/vocab/InC-EDU/1.0/ for more information,1999-09-14,2022-12-21T16:34:56.671000+00:00,https://api.library.tamu.edu/fcrepo/rest/4a/7d/ff/c4/4a7dffc4-04ec-4e1f-8f9e-ac661b9f328d/cvm-batch-2_objects/64/pages/page_0/files/CVM_0361-27.jpg,,,
reformatted digital,Texas A & M University. College of Veterinary Medicine & Biomedical Sciences,"['College Station', 'Texas']",StillImage,1990s,College of Veterinary Medicine Image Collection,"Stevenson Center Pet Residents, number 111","Student resident of the Stevenson Companion Animal Life-Care Center, Kathleen Harris bathes ""Orphan Annie.""",0363-14,Photographs,In copyright - educational use permitted; see http://rightsstatements.org/vocab/InC-EDU/1.0/ for more information,1999-09-14,2022-12-21T15:43:39.681000+00:00,https://api.library.tamu.edu/fcrepo/rest/4a/7d/ff/c4/4a7dffc4-04ec-4e1f-8f9e-ac661b9f328d/cvm-batch-2_objects/112/pages/page_0/files/CVM_0363-14.jpg,,,
reformatted digital,Texas A & M University. College of Veterinary Medicine & Biomedical Sciences,"['College Station', 'Texas']",StillImage,1990s,College of Veterinary Medicine Image Collection,"Stevenson Center Pet Residents, number 119","Student resident of the Stevenson Companion Animal Life-Care Center, Kathleen Harris bathes ""Orphan Annie.""",0364-01,Photographs,In copyright - educational use permitted; see http://rightsstatements.org/vocab/InC-EDU/1.0/ for more information,1999-09-14,2022-12-21T15:46:10.511000+00:00,https://api.library.tamu.edu/fcrepo/rest/4a/7d/ff/c4/4a7dffc4-04ec-4e1f-8f9e-ac661b9f328d/cvm-batch-2_objects/120/pages/page_0/files/CVM_0364-1.jpg,,,
reformatted digital,Texas A & M University. College of Veterinary Medicine & Biomedical Sciences,"['College Station', 'Texas']",StillImage,1990s,College of Veterinary Medicine Image Collection,"Womack Reception, number 13",Dr. and Mrs. Womack open a gift.,0599,Photographs,In copyright - educational use permitted; see http://rightsstatements.org/vocab/InC-EDU/1.0/ for more information,1999-07-15,2022-12-21T17:55:33.897000+00:00,https://api.library.tamu.edu/fcrepo/rest/4a/7d/ff/c4/4a7dffc4-04ec-4e1f-8f9e-ac661b9f328d/cvm-batch-2_objects/382/pages/page_0/files/CVM_0599.jpg,Written on photograph: -Roll 1 frame 21,,
reformatted digital,Texas A & M University. College of Veterinary Medicine & Biomedical Sciences,"['College Station', 'Texas']",StillImage,1990s,College of Veterinary Medicine Image Collection,"Womack Reception, number 05","Dr. Richard H. Adams (left), Dr. James Womack (right).",0591,Photographs,In copyright - educational use permitted; see http://rightsstatements.org/vocab/InC-EDU/1.0/ for more information,1999-07-15,2022-12-21T17:52:52.470000+00:00,https://api.library.tamu.edu/fcrepo/rest/4a/7d/ff/c4/4a7dffc4-04ec-4e1f-8f9e-ac661b9f328d/cvm-batch-2_objects/374/pages/page_0/files/CVM_0591.jpg,Written on photograph: Roll 1 frame 5,,
reformatted digital,Texas A & M University. College of Veterinary Medicine & Biomedical Sciences,"['College Station', 'Texas']",StillImage,1970s,College of Veterinary Medicine Image Collection,Dr. Charlton,Dr. Charlton using a microscope.,0425,Photographs,In copyright - educational use permitted; see http://rightsstatements.org/vocab/InC-EDU/1.0/ for more information,1970-03,2022-12-21T17:00:34.728000+00:00,https://api.library.tamu.edu/fcrepo/rest/4a/7d/ff/c4/4a7dffc4-04ec-4e1f-8f9e-ac661b9f328d/cvm-batch-2_objects/218/pages/page_0/files/CVM_0425.jpg,Written on photograph: Charlton 3-70,,
reformatted digital,Texas A & M University. College of Veterinary Medicine & Biomedical Sciences,"['College Station', 'Texas']",StillImage,1970s,College of Veterinary Medicine Image Collection,"Dr. Chester A. Gleiser, number 2",Gleiser looking at slides. Dr. Chester A. Gleiser was a retired small-animal pathologist and laboratory-animal veterinarian.,0431,Photographs,In copyright - educational use permitted; see http://rightsstatements.org/vocab/InC-EDU/1.0/ for more information,1970-03,2022-12-21T17:02:32.656000+00:00,https://api.library.tamu.edu/fcrepo/rest/4a/7d/ff/c4/4a7dffc4-04ec-4e1f-8f9e-ac661b9f328d/cvm-batch-2_objects/224/pages/page_0/files/CVM_0431.jpg,Written on photograph: Gleiser 3-70,,
reformatted digital,Texas A & M University. College of Veterinary Medicine & Biomedical Sciences,"['College Station', 'Texas']",StillImage,,College of Veterinary Medicine Image Collection,"Dean Adams, number 07",Richard Adams- Images taken during a conversation or interview.,0443,Photographs,In copyright - educational use permitted; see http://rightsstatements.org/vocab/InC-EDU/1.0/ for more information,,2022-12-21T17:06:34.562000+00:00,https://api.library.tamu.edu/fcrepo/rest/4a/7d/ff/c4/4a7dffc4-04ec-4e1f-8f9e-ac661b9f328d/cvm-batch-2_objects/236/pages/page_0/files/CVM_0443.jpg,,,
reformatted digital,Texas A & M University. College of Veterinary Medicine & Biomedical Sciences,"['Texas', 'College Station']",StillImage,1990s,College of Veterinary Medicine Image Collection,"Stevenson Center Pet Residents, number 004",Two canine residents of the Stevenson Companion Animal Life-Care Center; (Front to back) Chip (1998) and Lovey who arrived at the center in 1998.,0360-04,Photographs,In copyright - educational use permitted; see http://rightsstatements.org/vocab/InC-EDU/1.0/ for more information,1999-09-14,2022-12-21T15:38:18.899000+00:00,https://api.library.tamu.edu/fcrepo/rest/4a/7d/ff/c4/4a7dffc4-04ec-4e1f-8f9e-ac661b9f328d/cvm-batch-2_objects/5/pages/page_0/files/CVM_0360-4.jpg,,,
reformatted digital,Texas A & M University. College of Veterinary Medicine & Biomedical Sciences,"['College Station', 'Texas']",StillImage,1990s,College of Veterinary Medicine Image Collection,"Womack Reception, number 44",Family of Dr. James Womack on the occasion of his reception at the College of Veterinary Medicine.,0630,Photographs,In copyright - educational use permitted; see http://rightsstatements.org/vocab/InC-EDU/1.0/ for more information,1999-07-15,2022-12-21T18:06:00.168000+00:00,https://api.library.tamu.edu/fcrepo/rest/4a/7d/ff/c4/4a7dffc4-04ec-4e1f-8f9e-ac661b9f328d/cvm-batch-2_objects/413/pages/page_0/files/CVM_0630.jpg,Written on photograph: Roll 2 frame 9,,
reformatted digital,Texas A & M University. College of Veterinary Medicine & Biomedical Sciences,"['College Station', 'Texas']",StillImage,1990s,College of Veterinary Medicine Image Collection,"Stevenson Center Pet Residents, number 076","Feline resident ""Bubba Kitty"" who arrived at the Stevenson Companion Animal Life-Care Center in 1997.",0362-03,Photographs,In copyright - educational use permitted; see http://rightsstatements.org/vocab/InC-EDU/1.0/ for more information,1999-09-14,2022-12-21T16:39:05.087000+00:00,https://api.library.tamu.edu/fcrepo/rest/4a/7d/ff/c4/4a7dffc4-04ec-4e1f-8f9e-ac661b9f328d/cvm-batch-2_objects/77/pages/page_0/files/CVM_0362-3.jpg,,,
reformatted digital,Texas A & M University. College of Veterinary Medicine & Biomedical Sciences,"['Texas', 'College Station']",StillImage,1990s,College of Veterinary Medicine Image Collection,Stevenson Center Pet Residents 103,"Student resident of the Stevenson Companion Animal Life-Care Center, Kathleen Harris bathes ""Orphan Annie.""",0363-06,Photographs,In copyright - educational use permitted; see http://rightsstatements.org/vocab/InC-EDU/1.0/ for more information,1999-09-14,2022-12-21T15:41:08.562000+00:00,https://api.library.tamu.edu/fcrepo/rest/4a/7d/ff/c4/4a7dffc4-04ec-4e1f-8f9e-ac661b9f328d/cvm-batch-2_objects/104/pages/page_0/files/CVM_0363-6.jpg,,,
reformatted digital,Texas A & M University. College of Veterinary Medicine & Biomedical Sciences,"['Texas', 'College Station']",StillImage,1990s,College of Veterinary Medicine Image Collection,"Playter Retirement, number 33",Six people standing together. Left to right: Joseph R. Joyce; unknown; unknown; Dr. Playter; Dr. Donald Wiersig; Mrs. Donald Wiersig.,0542,Photographs,In copyright - educational use permitted; see http://rightsstatements.org/vocab/InC-EDU/1.0/ for more information,1999-06,2022-12-21T17:39:09.936000+00:00,https://api.library.tamu.edu/fcrepo/rest/4a/7d/ff/c4/4a7dffc4-04ec-4e1f-8f9e-ac661b9f328d/cvm-batch-2_objects/333/pages/page_0/files/CVM_0542.jpg,,Photograph taken during June 1999.,
reformatted digital,Texas A & M University. College of Veterinary Medicine & Biomedical Sciences,"['College Station', 'Texas']",StillImage,1990s,College of Veterinary Medicine Image Collection,"Stevenson Center Pet Residents, number 001","Four canine residents of the Stevenson Companion Animal Life-Care Center; (left to right) Lovey who arrived at the center in 1998, Orphan Annie (1997), Chip (1998), and Algernon (1997).",0360-01,Photographs,In copyright - educational use permitted; see http://rightsstatements.org/vocab/InC-EDU/1.0/ for more information,1999-09-14,2022-12-21T15:37:22.313000+00:00,https://api.library.tamu.edu/fcrepo/rest/4a/7d/ff/c4/4a7dffc4-04ec-4e1f-8f9e-ac661b9f328d/cvm-batch-2_objects/2/pages/page_0/files/CVM_0360-1.jpg,,,
reformatted digital,"['Texas A & M University. College of Veterinary Medicine & Biomedical Sciences', 'Texas A & M University Graphic Services']","['Texas', 'College Station']",StillImage,1980s,College of Veterinary Medicine Image Collection,"Buildings on Campus, number 2",A Texas A&M University Academic Building viewed through an arched walkway.,0705,Photographs,In copyright - educational use permitted; see http://rightsstatements.org/vocab/InC-EDU/1.0/ for more information,1988,2022-12-21T18:31:21.359000+00:00,https://api.library.tamu.edu/fcrepo/rest/4a/7d/ff/c4/4a7dffc4-04ec-4e1f-8f9e-ac661b9f328d/cvm-batch-2_objects/487/pages/page_0/files/CVM_0705.jpg,Written on photograph: Copyright 1988. File 88-055 Neg. 19,,
reformatted digital,Texas A & M University. College of Veterinary Medicine & Biomedical Sciences,"['Texas', 'College Station']",StillImage,1990s,College of Veterinary Medicine Image Collection,"Stevenson Center Pet Residents, number 052","Feline resident ""Jessica"" who arrived at the Stevenson Companion Animal Life-Care Center in 1998.",0361-16,Photographs,In copyright - educational use permitted; see http://rightsstatements.org/vocab/InC-EDU/1.0/ for more information,1999-09-14,2022-12-21T16:31:25.648000+00:00,https://api.library.tamu.edu/fcrepo/rest/4a/7d/ff/c4/4a7dffc4-04ec-4e1f-8f9e-ac661b9f328d/cvm-batch-2_objects/53/pages/page_0/files/CVM_0361-16.jpg,,,
reformatted digital,Texas A & M University. College of Veterinary Medicine & Biomedical Sciences,"['College Station', 'Texas']",StillImage,,College of Veterinary Medicine Image Collection,"Fred Jaggi, number 4",Closer view of Dr. Jaggi standing in front of an open cabinet with right arm on door. Magnify tool shown in image left.,0409,Photographs,In copyright - educational use permitted; see http://rightsstatements.org/vocab/InC-EDU/1.0/ for more information,,2022-12-21T16:54:52.740000+00:00,https://api.library.tamu.edu/fcrepo/rest/4a/7d/ff/c4/4a7dffc4-04ec-4e1f-8f9e-ac661b9f328d/cvm-batch-2_objects/201/pages/page_0/files/CVM_0409.jpg,Written on photograph: Dr. Fred Jaggi- Public Health until retirement,,
reformatted digital,Texas A & M University. College of Veterinary Medicine & Biomedical Sciences,"['College Station', 'Texas']",StillImage,1990s,College of Veterinary Medicine Image Collection,"Stevenson Center Pet Residents, number 100","Student resident of the Stevenson Companion Animal Life-Care Center, Kathleen Harris bathes ""Orphan Annie.""",0363-03,Photographs,In copyright - educational use permitted; see http://rightsstatements.org/vocab/InC-EDU/1.0/ for more information,1999-09-14,2022-12-21T15:40:11.841000+00:00,https://api.library.tamu.edu/fcrepo/rest/4a/7d/ff/c4/4a7dffc4-04ec-4e1f-8f9e-ac661b9f328d/cvm-batch-2_objects/101/pages/page_0/files/CVM_0363-3.jpg,,,
reformatted digital,Texas A & M University. College of Veterinary Medicine & Biomedical Sciences,"['College Station', 'Texas']",StillImage,1990s,College of Veterinary Medicine Image Collection,"Karla Bludworth Enrichment Funds, number 4","Shown here left to right: Glenda Pearce, Dr. Claudia Barton, Karla Bludworth, and Dr. Kent Carter. Front and center is ""Wheeler Dealer"" the miniature horse belonging to Ms. Bludworth. Karla Bludworth of Hockley, Texas gifted $100,000 to the College of Veterinary Medicine for the caring service provided to her cat ""Sylvester"" and her miniature horse ""Wheeler Dealer.""",0680,Photographs,In copyright - educational use permitted; see http://rightsstatements.org/vocab/InC-EDU/1.0/ for more information,1999-09-28,2022-12-21T18:22:57.220000+00:00,https://api.library.tamu.edu/fcrepo/rest/4a/7d/ff/c4/4a7dffc4-04ec-4e1f-8f9e-ac661b9f328d/cvm-batch-2_objects/463/pages/page_0/files/CVM_0680.jpg,,,
reformatted digital,Texas A & M University. College of Veterinary Medicine & Biomedical Sciences,"['College Station', 'Texas']",StillImage,1990s,College of Veterinary Medicine Image Collection,"Clinical Hospital Rounds, number 10",Eleven unidentified people consult on animal care. Man in dark suit on right side is librarian Joe Jaros and to his left is Dr. David Duton.,0575,Photographs,In copyright - educational use permitted; see http://rightsstatements.org/vocab/InC-EDU/1.0/ for more information,Between 1995 and 2000,2022-12-21T17:49:13.669000+00:00,https://api.library.tamu.edu/fcrepo/rest/4a/7d/ff/c4/4a7dffc4-04ec-4e1f-8f9e-ac661b9f328d/cvm-batch-2_objects/363/pages/page_0/files/CVM_0575.jpg,,,
reformatted digital,Texas A & M University. College of Veterinary Medicine & Biomedical Sciences,"['College Station', 'Texas']",StillImage,2000s,College of Veterinary Medicine Image Collection,Equine Pavilion,"Equine pavilion-November 2003. Construction was completed in 2002 and the building included 19,000 square feet of stalls, treatment rooms, breeding areas, and a laboratory.",0384,Photographs,In copyright - educational use permitted; see http://rightsstatements.org/vocab/InC-EDU/1.0/ for more information,2003-11,2022-12-21T16:03:33.901000+00:00,https://api.library.tamu.edu/fcrepo/rest/4a/7d/ff/c4/4a7dffc4-04ec-4e1f-8f9e-ac661b9f328d/cvm-batch-2_objects/175/pages/page_0/files/CVM_0384.jpg,Written on photograph: 2003 New Equine Paddocks and Barns,Photographed during November 2003.,
reformatted digital,Texas A & M University. College of Veterinary Medicine & Biomedical Sciences,"['College Station', 'Texas']",StillImage,1990s,College of Veterinary Medicine Image Collection,"Playter Retirement, number 13",Dr. Adams at the podium and Sherry Adams wearing black present Mrs. Kay Playter with roses.,0522,Photographs,In copyright - educational use permitted; see http://rightsstatements.org/vocab/InC-EDU/1.0/ for more information,1999-06,2022-12-21T17:32:30.898000+00:00,https://api.library.tamu.edu/fcrepo/rest/4a/7d/ff/c4/4a7dffc4-04ec-4e1f-8f9e-ac661b9f328d/cvm-batch-2_objects/313/pages/page_0/files/CVM_0522.jpg,,Photograph taken during June 1999.,
reformatted digital,Texas A & M University. College of Veterinary Medicine & Biomedical Sciences,"['Texas', 'College Station']",StillImage,,College of Veterinary Medicine Image Collection,"Dean Adams, number 03",Dr. Adams poses on corner of desk in an office.,0438,"['Portraits', 'Photographs']",In copyright - educational use permitted; see http://rightsstatements.org/vocab/InC-EDU/1.0/ for more information,,2022-12-21T17:04:53.480000+00:00,https://api.library.tamu.edu/fcrepo/rest/4a/7d/ff/c4/4a7dffc4-04ec-4e1f-8f9e-ac661b9f328d/cvm-batch-2_objects/231/pages/page_0/files/CVM_0438.jpg,Written on photograph: Dr. H. Richard Adams,,
reformatted digital,Texas A & M University. College of Veterinary Medicine & Biomedical Sciences,"['College Station', 'Texas']",StillImage,1990s,College of Veterinary Medicine Image Collection,"Karla Bludworth Enrichment Funds, number 1","Dr. Claudia Barton (left) and Karla Bludworth of Hockley, Texas (right), along with ""Wheeler-Dealer"" the miniature horse stand outside the Large Animal Hospital building. Ms. Bludworth gifted $100,000 to the College of Veterinary Medicine for the caring service provided to her cat ""Sylvester"" and her miniature horse ""Wheeler Dealer.""",0677,Photographs,In copyright - educational use permitted; see http://rightsstatements.org/vocab/InC-EDU/1.0/ for more information,1999-09-28,2022-12-21T18:21:56.614000+00:00,https://api.library.tamu.edu/fcrepo/rest/4a/7d/ff/c4/4a7dffc4-04ec-4e1f-8f9e-ac661b9f328d/cvm-batch-2_objects/460/pages/page_0/files/CVM_0677.jpg,,,
reformatted digital,Texas A & M University. College of Veterinary Medicine & Biomedical Sciences,"['Texas', 'College Station']",StillImage,1990s,College of Veterinary Medicine Image Collection,"Stevenson Center, number 019","Either ""Lovey"" or ""Yummy.""",0364-33,Photographs,In copyright - educational use permitted; see http://rightsstatements.org/vocab/InC-EDU/1.0/ for more information,1999-09-14,2022-12-21T15:55:53.681000+00:00,https://api.library.tamu.edu/fcrepo/rest/4a/7d/ff/c4/4a7dffc4-04ec-4e1f-8f9e-ac661b9f328d/cvm-batch-2_objects/151/pages/page_0/files/CVM_0364-33.jpg,,,
reformatted digital,Texas A & M University. College of Veterinary Medicine & Biomedical Sciences,"['Texas', 'College Station']",StillImage,1990s,College of Veterinary Medicine Image Collection,"Stevenson Center, number 017",Two students with pets.,0364-31,Photographs,In copyright - educational use permitted; see http://rightsstatements.org/vocab/InC-EDU/1.0/ for more information,1999-09-14,2022-12-21T15:55:16.063000+00:00,https://api.library.tamu.edu/fcrepo/rest/4a/7d/ff/c4/4a7dffc4-04ec-4e1f-8f9e-ac661b9f328d/cvm-batch-2_objects/149/pages/page_0/files/CVM_0364-31.jpg,,,
reformatted digital,Texas A & M University. College of Veterinary Medicine & Biomedical Sciences,"['Texas', 'College Station']",StillImage,1990s,College of Veterinary Medicine Image Collection,"Stevenson Center Pet Residents, number 025","Canine resident ""Jill,"" one of the original pets to enter the center in 1994.",0360-25,Photographs,In copyright - educational use permitted; see http://rightsstatements.org/vocab/InC-EDU/1.0/ for more information,1999-09-14,2022-12-21T16:05:46.085000+00:00,https://api.library.tamu.edu/fcrepo/rest/4a/7d/ff/c4/4a7dffc4-04ec-4e1f-8f9e-ac661b9f328d/cvm-batch-2_objects/26/pages/page_0/files/CVM_0360-25.jpg,,,
reformatted digital,Texas A & M University. College of Veterinary Medicine & Biomedical Sciences,"['Texas', 'College Station']",StillImage,1990s,College of Veterinary Medicine Image Collection,"Stevenson Center Pet Residents, number 033","Canine resident ""Jill,"" one of the original pets to enter the center in 1994.",0360-33,Photographs,In copyright - educational use permitted; see http://rightsstatements.org/vocab/InC-EDU/1.0/ for more information,1999-09-14,2022-12-21T16:08:18.030000+00:00,https://api.library.tamu.edu/fcrepo/rest/4a/7d/ff/c4/4a7dffc4-04ec-4e1f-8f9e-ac661b9f328d/cvm-batch-2_objects/34/pages/page_0/files/CVM_0360-33.jpg,,,
reformatted digital,"['Texas A & M University Graphic Services', 'Texas A & M University. College of Veterinary Medicine & Biomedical Sciences']","['College Station', 'Texas']",StillImage,1990s,College of Veterinary Medicine Image Collection,"Students Study, number 1",Group study with five students inside a classroom.,0694,Photographs,In copyright - educational use permitted; see http://rightsstatements.org/vocab/InC-EDU/1.0/ for more information,1995,2022-12-21T18:27:35.260000+00:00,https://api.library.tamu.edu/fcrepo/rest/4a/7d/ff/c4/4a7dffc4-04ec-4e1f-8f9e-ac661b9f328d/cvm-batch-2_objects/476/pages/page_0/files/CVM_0694.jpg,Written on photograph: Copyright 1995. File# 95-752 Neg#5,,"Lyle, James"
reformatted digital,Texas A & M University. College of Veterinary Medicine & Biomedical Sciences,,StillImage,,College of Veterinary Medicine Image Collection,"Hunting, number 01",Camp cabins on some unidentified land,0643,Photographs,In copyright - educational use permitted; see http://rightsstatements.org/vocab/InC-EDU/1.0/ for more information,,2022-12-21T18:10:26.042000+00:00,https://api.library.tamu.edu/fcrepo/rest/4a/7d/ff/c4/4a7dffc4-04ec-4e1f-8f9e-ac661b9f328d/cvm-batch-2_objects/426/pages/page_0/files/CVM_0643.jpg,,,
reformatted digital,Texas A & M University. College of Veterinary Medicine & Biomedical Sciences,,StillImage,,College of Veterinary Medicine Image Collection,"Hunting, number 15",Two unidentified men kneel in front of white truck with a dog. The man on the right holds a rabbit or some other small game.,0657,"['Portraits', 'Photographs']",In copyright - educational use permitted; see http://rightsstatements.org/vocab/InC-EDU/1.0/ for more information,,2022-12-21T18:15:11.350000+00:00,https://api.library.tamu.edu/fcrepo/rest/4a/7d/ff/c4/4a7dffc4-04ec-4e1f-8f9e-ac661b9f328d/cvm-batch-2_objects/440/pages/page_0/files/CVM_0657.jpg,,,
reformatted digital,Texas A & M University. College of Veterinary Medicine & Biomedical Sciences,"['College Station', 'Texas']",StillImage,1990s,College of Veterinary Medicine Image Collection,World War I Memorial,Bugle salute at the WWI Memorial at West Gate. Two Corp. men and one man in a suit.,0553,Photographs,In copyright - educational use permitted; see http://rightsstatements.org/vocab/InC-EDU/1.0/ for more information,1996,2022-12-21T17:42:51.699000+00:00,https://api.library.tamu.edu/fcrepo/rest/4a/7d/ff/c4/4a7dffc4-04ec-4e1f-8f9e-ac661b9f328d/cvm-batch-2_objects/344/pages/page_0/files/CVM_0553.jpg,Written on photograph: Copyright 1996-TAMU photographic Services.,,"Wulfson, Jean"
reformatted digital,Texas A & M University. College of Veterinary Medicine & Biomedical Sciences,"['College Station', 'Texas']",StillImage,2000s,College of Veterinary Medicine Image Collection,"Cadet and Horse, number 2",A cadet gives horse a bite of the apple.,0488,Photographs,In copyright - educational use permitted; see http://rightsstatements.org/vocab/InC-EDU/1.0/ for more information,Between 2000 and 2007,2022-12-21T17:21:15.285000+00:00,https://api.library.tamu.edu/fcrepo/rest/4a/7d/ff/c4/4a7dffc4-04ec-4e1f-8f9e-ac661b9f328d/cvm-batch-2_objects/279/pages/page_0/files/CVM_0488.jpg,,,
reformatted digital,Texas A & M University. College of Veterinary Medicine & Biomedical Sciences,"['College Station', 'Texas']",StillImage,1990s,College of Veterinary Medicine Image Collection,"Canine Amputee, number 1","Mischief, the four-year-old miniature schnauzer, was featured on the first ""The Doc Is In"" segment on television, after having his leg amputated at the Texas A&M University College of Veterinary Medicine. ""The Doc Is In"" was a segment of the Public Broadcasting Service program, ""Cure and Caring,"" that featured the College of Veterinary Medicine. It first aired during the latter's second season in 1999 and was hosted by Dr. Dawn Boothe. This segment featured actual medical cases and discussed how the animals were treated. The show was broadcast from the studios of KAMU at Texas A&M and was produced by TeleVentures Productions.",0669,Photographs,In copyright - educational use permitted; see http://rightsstatements.org/vocab/InC-EDU/1.0/ for more information,1999-09-28,2022-12-21T18:19:15.743000+00:00,https://api.library.tamu.edu/fcrepo/rest/4a/7d/ff/c4/4a7dffc4-04ec-4e1f-8f9e-ac661b9f328d/cvm-batch-2_objects/452/pages/page_0/files/CVM_0669.jpg,,,
reformatted digital,Texas A & M University. College of Veterinary Medicine & Biomedical Sciences,"['College Station', 'Texas']",StillImage,1990s,College of Veterinary Medicine Image Collection,"Playter Retirement, number 20","An unknown man in white shirt and tie, with a woman are seated at a table.",0529,Photographs,In copyright - educational use permitted; see http://rightsstatements.org/vocab/InC-EDU/1.0/ for more information,1999-06,2022-12-21T17:34:50.498000+00:00,https://api.library.tamu.edu/fcrepo/rest/4a/7d/ff/c4/4a7dffc4-04ec-4e1f-8f9e-ac661b9f328d/cvm-batch-2_objects/320/pages/page_0/files/CVM_0529.jpg,,Photograph taken during June 1999.,
reformatted digital,Texas A & M University. College of Veterinary Medicine & Biomedical Sciences,"['College Station', 'Texas']",StillImage,1990s,College of Veterinary Medicine Image Collection,"Stevenson Center Pet Residents, number 017","Canine resident ""Chip"" who arrived at the center in 1998.",0360-17,Photographs,In copyright - educational use permitted; see http://rightsstatements.org/vocab/InC-EDU/1.0/ for more information,1999-09-14,2022-12-21T15:36:43.389000+00:00,https://api.library.tamu.edu/fcrepo/rest/4a/7d/ff/c4/4a7dffc4-04ec-4e1f-8f9e-ac661b9f328d/cvm-batch-2_objects/18/pages/page_0/files/CVM_0360-17.jpg,,,
reformatted digital,Texas A & M University. College of Veterinary Medicine & Biomedical Sciences,"['College Station', 'Texas']",StillImage,1980s,College of Veterinary Medicine Image Collection,"Appaloosa, number 06",A woman with a horse.,0503,Photographs,In copyright - educational use permitted; see http://rightsstatements.org/vocab/InC-EDU/1.0/ for more information,1982-01-22,2022-12-21T17:26:12.028000+00:00,https://api.library.tamu.edu/fcrepo/rest/4a/7d/ff/c4/4a7dffc4-04ec-4e1f-8f9e-ac661b9f328d/cvm-batch-2_objects/294/pages/page_0/files/CVM_0503.jpg,"Written on photograph: photograph REQUEST (slip) : Sam Wigington, for the Dept. Large Animal Med. & Surg., TAMU, Breed: Appaloosa, 1 set in B W.",,
reformatted digital,Texas A & M University. College of Veterinary Medicine & Biomedical Sciences,"['College Station', 'Texas']",StillImage,1930s,College of Veterinary Medicine Image Collection,Large Animal Procedure,"Student from class of 1939 observe and receive clinical instruction on the treatment of cattle. The second young man from the left has been identified as Lewis L. Jackson, and the man injecting the steer is Dr. Ketchersid.",0689,Photographs,In copyright - educational use permitted; see http://rightsstatements.org/vocab/InC-EDU/1.0/ for more information,1939,2022-12-21T18:25:47.412000+00:00,https://api.library.tamu.edu/fcrepo/rest/4a/7d/ff/c4/4a7dffc4-04ec-4e1f-8f9e-ac661b9f328d/cvm-batch-2_objects/471/pages/page_0/files/CVM_0689.jpg,"Written on photograph: ""Class of 39. Jackson & Dr. Ketchensid.""",,
reformatted digital,Texas A & M University. College of Veterinary Medicine & Biomedical Sciences,"['College Station', 'Texas']",StillImage,1990s,College of Veterinary Medicine Image Collection,"Stevenson Center Special Events, number 07",Unnamed staff pets a cat and a dog with red Christmas bows.,0371,Photographs,In copyright - educational use permitted; see http://rightsstatements.org/vocab/InC-EDU/1.0/ for more information,1999-12,2022-12-21T15:59:24.814000+00:00,https://api.library.tamu.edu/fcrepo/rest/4a/7d/ff/c4/4a7dffc4-04ec-4e1f-8f9e-ac661b9f328d/cvm-batch-2_objects/162/pages/page_0/files/CVM_0371.jpg,,Photograph taken during December 1999.,
reformatted digital,Texas A & M University. College of Veterinary Medicine & Biomedical Sciences,"['College Station', 'Texas']",StillImage,1990s,College of Veterinary Medicine Image Collection,"Stevenson Center Pet Residents, number 014","Canine resident ""Chip"" who arrived at the center in 1998.",0360-14,Photographs,In copyright - educational use permitted; see http://rightsstatements.org/vocab/InC-EDU/1.0/ for more information,1999-09-14,2022-12-21T15:35:45.892000+00:00,https://api.library.tamu.edu/fcrepo/rest/4a/7d/ff/c4/4a7dffc4-04ec-4e1f-8f9e-ac661b9f328d/cvm-batch-2_objects/15/pages/page_0/files/CVM_0360-14.jpg,,,
reformatted digital,Texas A & M University. College of Veterinary Medicine & Biomedical Sciences,"['College Station', 'Texas']",StillImage,1990s,College of Veterinary Medicine Image Collection,"Womack Reception, number 46",Family of Dr. James Womack on the occasion of his reception at the College of Veterinary Medicine.,0632,Photographs,In copyright - educational use permitted; see http://rightsstatements.org/vocab/InC-EDU/1.0/ for more information,1999-07-15,2022-12-21T18:06:40.310000+00:00,https://api.library.tamu.edu/fcrepo/rest/4a/7d/ff/c4/4a7dffc4-04ec-4e1f-8f9e-ac661b9f328d/cvm-batch-2_objects/415/pages/page_0/files/CVM_0632.jpg,Written on photograph: Roll 2 frame 11,,
reformatted digital,Texas A & M University. College of Veterinary Medicine & Biomedical Sciences,"['College Station', 'Texas']",StillImage,1990s,College of Veterinary Medicine Image Collection,"Womack Reception, number 22",Dr. and Mrs. Womack open a gift. An unnamed man stands in background.,0608,Photographs,In copyright - educational use permitted; see http://rightsstatements.org/vocab/InC-EDU/1.0/ for more information,1999-07-15,2022-12-21T17:58:33.647000+00:00,https://api.library.tamu.edu/fcrepo/rest/4a/7d/ff/c4/4a7dffc4-04ec-4e1f-8f9e-ac661b9f328d/cvm-batch-2_objects/391/pages/page_0/files/CVM_0608.jpg,Written on photograph: Roll 1 frame 22,,
reformatted digital,Texas A & M University. College of Veterinary Medicine & Biomedical Sciences,"['Austin', 'Texas']",StillImage,1990s,College of Veterinary Medicine Image Collection,Exotic Animal Practitioner,"Dr. Harry Miller III holds a wild cat. At the 1997 Texas Veterinary Medical Association annual meeting, Dr. Harry Miller III was named 1997 Exotic Animal Practitioner of the Year. Miller graduated from the College of Veterinary Medicine in 1970 and has been an adjunct professor at Texas A&M since 1995. Dr. Miller left Texas A&M sometime in 1997 to open ""Westgate Pet & Bird Hospital"" in Austin, Texas. He retired around 2006, but is often called in for difficult cases.",0642,Photographs,In copyright - educational use permitted; see http://rightsstatements.org/vocab/InC-EDU/1.0/ for more information,1997,2022-12-21T18:10:05.699000+00:00,https://api.library.tamu.edu/fcrepo/rest/4a/7d/ff/c4/4a7dffc4-04ec-4e1f-8f9e-ac661b9f328d/cvm-batch-2_objects/425/pages/page_0/files/CVM_0642.jpg,"Written on photograph: ""Dr. Harry Miller III, CVM Adjunct Professor of Zoology, Exotic Animal Medicine.""",,
reformatted digital,Texas A & M University. College of Veterinary Medicine & Biomedical Sciences,"['Texas', 'College Station']",StillImage,1990s,College of Veterinary Medicine Image Collection,"Stevenson Center Pet Residents, number 088","Feline resident ""Methuselah,"" also known as brindle, arrived at the Stevenson Companion Animal Life-Care Center in 1997.",0362-15,Photographs,In copyright - educational use permitted; see http://rightsstatements.org/vocab/InC-EDU/1.0/ for more information,1999-09-14,2022-12-21T16:42:54.952000+00:00,https://api.library.tamu.edu/fcrepo/rest/4a/7d/ff/c4/4a7dffc4-04ec-4e1f-8f9e-ac661b9f328d/cvm-batch-2_objects/89/pages/page_0/files/CVM_0362-15.jpg,,,
reformatted digital,Texas A & M University. College of Veterinary Medicine & Biomedical Sciences,"['College Station', 'Texas']",StillImage,1990s,College of Veterinary Medicine Image Collection,"Stevenson Center Pet Residents, number 064","Feline resident ""Jessica"" who arrived at the Stevenson Companion Animal Life-Care Center in 1998.",0361-28,Photographs,In copyright - educational use permitted; see http://rightsstatements.org/vocab/InC-EDU/1.0/ for more information,1999-09-14,2022-12-21T16:35:15.819000+00:00,https://api.library.tamu.edu/fcrepo/rest/4a/7d/ff/c4/4a7dffc4-04ec-4e1f-8f9e-ac661b9f328d/cvm-batch-2_objects/65/pages/page_0/files/CVM_0361-28.jpg,,,
reformatted digital,Texas A & M University. College of Veterinary Medicine & Biomedical Sciences,"['College Station', 'Texas']",StillImage,1990s,College of Veterinary Medicine Image Collection,"Stevenson Center Pet Residents, number 112","This is either ""Lovey"" or ""Yummy,"" who were both residents of the Stevenson Companion Animal Life-Care Center.",0363-15,Photographs,In copyright - educational use permitted; see http://rightsstatements.org/vocab/InC-EDU/1.0/ for more information,1999-09-14,2022-12-21T15:43:58.569000+00:00,https://api.library.tamu.edu/fcrepo/rest/4a/7d/ff/c4/4a7dffc4-04ec-4e1f-8f9e-ac661b9f328d/cvm-batch-2_objects/113/pages/page_0/files/CVM_0363-15.jpg,,,
reformatted digital,Texas A & M University. College of Veterinary Medicine & Biomedical Sciences,"['Texas', 'College Station']",StillImage,1990s,College of Veterinary Medicine Image Collection,"Womack Reception, number 06",Colleagues honor Dr. Womack with a little humorous teasing.,0592,Photographs,In copyright - educational use permitted; see http://rightsstatements.org/vocab/InC-EDU/1.0/ for more information,1999-07-15,2022-12-21T17:53:12.346000+00:00,https://api.library.tamu.edu/fcrepo/rest/4a/7d/ff/c4/4a7dffc4-04ec-4e1f-8f9e-ac661b9f328d/cvm-batch-2_objects/375/pages/page_0/files/CVM_0592.jpg,Written on photograph: Roll 1 frame 6,,
reformatted digital,Texas A & M University. College of Veterinary Medicine & Biomedical Sciences,"['College Station', 'Texas']",StillImage,1990s,College of Veterinary Medicine Image Collection,Ralph Smith,"Ralph Smith, Director of Biomedical Sciences, sits for a faculty picture.","['0121', '0450']","['Portraits', 'Photographs']",In copyright - educational use permitted; see http://rightsstatements.org/vocab/InC-EDU/1.0/ for more information,Between 1990 and 1995,2022-12-21T17:08:56.575000+00:00,https://api.library.tamu.edu/fcrepo/rest/4a/7d/ff/c4/4a7dffc4-04ec-4e1f-8f9e-ac661b9f328d/cvm-batch-2_objects/243/pages/page_0/files/CVM_0450.jpg,,,
reformatted digital,Texas A & M University. College of Veterinary Medicine & Biomedical Sciences,"['College Station', 'Texas']",StillImage,1990s,College of Veterinary Medicine Image Collection,"Womack Reception, number 33","People at the reception for Dr. James Womack. Shown left to right: Dr. Leslie G. Adams, Dr. Ellen W. Collisson, and an unnamed man in dark suit.",0619,Photographs,In copyright - educational use permitted; see http://rightsstatements.org/vocab/InC-EDU/1.0/ for more information,1999-07-15,2022-12-21T18:02:18.613000+00:00,https://api.library.tamu.edu/fcrepo/rest/4a/7d/ff/c4/4a7dffc4-04ec-4e1f-8f9e-ac661b9f328d/cvm-batch-2_objects/402/pages/page_0/files/CVM_0619.jpg,Written on photograph: Roll 1 frame 33,,
reformatted digital,Texas A & M University. College of Veterinary Medicine & Biomedical Sciences,"['College Station', 'Texas']",StillImage,1990s,College of Veterinary Medicine Image Collection,"Stevenson Center Pet Residents, number 083",The cat tower at the Stevenson Companion Animal Life-Care Center is enjoyed by the feline residents.,0362-10,Photographs,In copyright - educational use permitted; see http://rightsstatements.org/vocab/InC-EDU/1.0/ for more information,1999-09-14,2022-12-21T16:41:19.158000+00:00,https://api.library.tamu.edu/fcrepo/rest/4a/7d/ff/c4/4a7dffc4-04ec-4e1f-8f9e-ac661b9f328d/cvm-batch-2_objects/84/pages/page_0/files/CVM_0362-10.jpg,,,
reformatted digital,Texas A & M University. College of Veterinary Medicine & Biomedical Sciences,"['Texas', 'College Station']",StillImage,1990s,College of Veterinary Medicine Image Collection,"Womack Reception, number 45",Family of Dr. James Womack on the occasion of his reception at the College of Veterinary Medicine.,0631,Photographs,In copyright - educational use permitted; see http://rightsstatements.org/vocab/InC-EDU/1.0/ for more information,1999-07-15,2022-12-21T18:06:20.217000+00:00,https://api.library.tamu.edu/fcrepo/rest/4a/7d/ff/c4/4a7dffc4-04ec-4e1f-8f9e-ac661b9f328d/cvm-batch-2_objects/414/pages/page_0/files/CVM_0631.jpg,Written on photograph: Roll 2 frame 10,,
reformatted digital,Texas A & M University. College of Veterinary Medicine & Biomedical Sciences,"['College Station', 'Texas']",StillImage,1990s,College of Veterinary Medicine Image Collection,"Stevenson Center Pet Residents, number 095","""Wei-Linn"" a black-mustached parakeet who was the first bird to reside of Stevenson Companion Animal Life-Care Center.",0362-22,Photographs,In copyright - educational use permitted; see http://rightsstatements.org/vocab/InC-EDU/1.0/ for more information,1999-09-14,2022-12-21T16:45:09.765000+00:00,https://api.library.tamu.edu/fcrepo/rest/4a/7d/ff/c4/4a7dffc4-04ec-4e1f-8f9e-ac661b9f328d/cvm-batch-2_objects/96/pages/page_0/files/CVM_0362-22.jpg,,,
reformatted digital,Texas A & M University. College of Veterinary Medicine & Biomedical Sciences,"['College Station', 'Texas']",StillImage,1990s,College of Veterinary Medicine Image Collection,Robert Burghardt,"Robert Burghardt, Director of Image Analysis Laboratory. As of 2017 Dr. Bob Burghardt was Associate Dean for Research and Graduate Studies, Director of the Image Analysis Laboratory and Professor, Veterinary Integrative Biosciences in the College of Veterinary Medicine & Biomedical Sciences. He earned a B.S. in Zoology at the University of Michigan and M.S. and Ph.D. degrees at Wayne State University.","['0110', '0447']","['Portraits', 'Photographs']",In copyright - educational use permitted; see http://rightsstatements.org/vocab/InC-EDU/1.0/ for more information,Between 1990 and 1995,2022-12-21T17:07:55.746000+00:00,https://api.library.tamu.edu/fcrepo/rest/4a/7d/ff/c4/4a7dffc4-04ec-4e1f-8f9e-ac661b9f328d/cvm-batch-2_objects/240/pages/page_0/files/CVM_0447.jpg,,,
reformatted digital,Texas A & M University. College of Veterinary Medicine & Biomedical Sciences,"['College Station', 'Texas']",StillImage,1990s,College of Veterinary Medicine Image Collection,"Stevenson Center Pet Residents, number 079","Feline resident ""Bubba Kitty"" who arrived at the Stevenson Companion Animal Life-Care Center in 1997.",0362-06,Photographs,In copyright - educational use permitted; see http://rightsstatements.org/vocab/InC-EDU/1.0/ for more information,1999-09-14,2022-12-21T16:40:02.418000+00:00,https://api.library.tamu.edu/fcrepo/rest/4a/7d/ff/c4/4a7dffc4-04ec-4e1f-8f9e-ac661b9f328d/cvm-batch-2_objects/80/pages/page_0/files/CVM_0362-6.jpg,,,
reformatted digital,Texas A & M University. College of Veterinary Medicine & Biomedical Sciences,"['College Station', 'Texas']",StillImage,1990s,College of Veterinary Medicine Image Collection,"Stevenson Center Pet Residents, number 059","Feline resident ""Jessica"" who arrived at the Stevenson Companion Animal Life-Care Center in 1998.",0361-23,Photographs,In copyright - educational use permitted; see http://rightsstatements.org/vocab/InC-EDU/1.0/ for more information,1999-09-14,2022-12-21T16:33:40.469000+00:00,https://api.library.tamu.edu/fcrepo/rest/4a/7d/ff/c4/4a7dffc4-04ec-4e1f-8f9e-ac661b9f328d/cvm-batch-2_objects/60/pages/page_0/files/CVM_0361-23.jpg,,,
reformatted digital,Texas A & M University. College of Veterinary Medicine & Biomedical Sciences,"['College Station', 'Texas']",StillImage,1990s,College of Veterinary Medicine Image Collection,"Womack Reception, number 01",Dr. James Womack (center) looks over the refreshment table for his reception. Three of unnamed persons are shown.,0587,Photographs,In copyright - educational use permitted; see http://rightsstatements.org/vocab/InC-EDU/1.0/ for more information,1999-07-15,2022-12-21T17:51:33.074000+00:00,https://api.library.tamu.edu/fcrepo/rest/4a/7d/ff/c4/4a7dffc4-04ec-4e1f-8f9e-ac661b9f328d/cvm-batch-2_objects/370/pages/page_0/files/CVM_0587.jpg,Written on photograph: Roll 1 frame 1,,
reformatted digital,Texas A & M University. College of Veterinary Medicine & Biomedical Sciences,"['College Station', 'Texas']",StillImage,1990s,College of Veterinary Medicine Image Collection,"Stevenson Center Pet Residents, number 075","Canine resident ""Algernon"" who arrived at the center in 1997.",0362-02,Photographs,In copyright - educational use permitted; see http://rightsstatements.org/vocab/InC-EDU/1.0/ for more information,1999-09-14,2022-12-21T16:38:46.047000+00:00,https://api.library.tamu.edu/fcrepo/rest/4a/7d/ff/c4/4a7dffc4-04ec-4e1f-8f9e-ac661b9f328d/cvm-batch-2_objects/76/pages/page_0/files/CVM_0362-2.jpg,,,
reformatted digital,Texas A & M University. College of Veterinary Medicine & Biomedical Sciences,"['College Station', 'Texas']",StillImage,1970s,College of Veterinary Medicine Image Collection,Dr. William C. Banks,"Dr. Banks reviews an X Ray. Dr. Banks graduated from A&M in 1941 at the age of 30. William Banks, DVM, was the 14th President of the Southwestern Chapter of the Society of Nuclear Medicine and Molecular Imaging and the first to be a Veterinarian.",0427,Photographs,In copyright - educational use permitted; see http://rightsstatements.org/vocab/InC-EDU/1.0/ for more information,1970-03,2022-12-21T17:01:14.105000+00:00,https://api.library.tamu.edu/fcrepo/rest/4a/7d/ff/c4/4a7dffc4-04ec-4e1f-8f9e-ac661b9f328d/cvm-batch-2_objects/220/pages/page_0/files/CVM_0427.jpg,Written on photograph: Banks 3-70,,
reformatted digital,Texas A & M University. College of Veterinary Medicine & Biomedical Sciences,"['College Station', 'Texas']",StillImage,,College of Veterinary Medicine Image Collection,Dean Adams with four Women,Dr. Adams stands with four women in a waiting area. He appears to be conversing with someone out of frame.,0439,Photographs,In copyright - educational use permitted; see http://rightsstatements.org/vocab/InC-EDU/1.0/ for more information,,2022-12-21T17:05:14.018000+00:00,https://api.library.tamu.edu/fcrepo/rest/4a/7d/ff/c4/4a7dffc4-04ec-4e1f-8f9e-ac661b9f328d/cvm-batch-2_objects/232/pages/page_0/files/CVM_0439.jpg,,,
reformatted digital,Texas A & M University. College of Veterinary Medicine & Biomedical Sciences,"['College Station', 'Texas']",StillImage,1980s,College of Veterinary Medicine Image Collection,"Equine Ear Twitch, number 8",Demonstration of mild restraint.,0497,Photographs,In copyright - educational use permitted; see http://rightsstatements.org/vocab/InC-EDU/1.0/ for more information,1982-01-22,2022-12-21T17:24:14.893000+00:00,https://api.library.tamu.edu/fcrepo/rest/4a/7d/ff/c4/4a7dffc4-04ec-4e1f-8f9e-ac661b9f328d/cvm-batch-2_objects/288/pages/page_0/files/CVM_0497.jpg,"Written on photograph: photograph REQUEST (slip) : Sam Wigington, for the Dept. Large Animal Med. & Surg., TAMU, Breed: Appaloosa, 1 set in B W.",,
reformatted digital,Texas A & M University. College of Veterinary Medicine & Biomedical Sciences,"['College Station', 'Texas']",StillImage,1990s,College of Veterinary Medicine Image Collection,"Stevenson Center Pet Residents, number 072","Feline resident ""Priscilla"" who arrived at the Stevenson Companion Animal Life-Care Center in 1997.",0361-36,Photographs,In copyright - educational use permitted; see http://rightsstatements.org/vocab/InC-EDU/1.0/ for more information,1999-09-14,2022-12-21T16:37:48.731000+00:00,https://api.library.tamu.edu/fcrepo/rest/4a/7d/ff/c4/4a7dffc4-04ec-4e1f-8f9e-ac661b9f328d/cvm-batch-2_objects/73/pages/page_0/files/CVM_0361-36.jpg,,,
reformatted digital,Texas A & M University. College of Veterinary Medicine & Biomedical Sciences,"['College Station', 'Texas']",StillImage,1990s,College of Veterinary Medicine Image Collection,"Stevenson Center Pet Residents, number 099","Student resident of the Stevenson Companion Animal Life-Care Center, Kathleen Harris bathes ""Orphan Annie.""",0363-02,Photographs,In copyright - educational use permitted; see http://rightsstatements.org/vocab/InC-EDU/1.0/ for more information,1999-09-14,2022-12-21T15:39:52.899000+00:00,https://api.library.tamu.edu/fcrepo/rest/4a/7d/ff/c4/4a7dffc4-04ec-4e1f-8f9e-ac661b9f328d/cvm-batch-2_objects/100/pages/page_0/files/CVM_0363-2.jpg,,,
reformatted digital,Texas A & M University. College of Veterinary Medicine & Biomedical Sciences,"['College Station', 'Texas']",StillImage,1990s,College of Veterinary Medicine Image Collection,"Stevenson Center Special Events, number 01","Seven women are gathered at the Stevenson Companion Animal Life-Care Center. Kathleen Harris is seated on a sofa, while Ellie Greenbaum is standing to the right holding ""Jill"" the poodle. A Christmas tree is seen in the background.",0365,Photographs,In copyright - educational use permitted; see http://rightsstatements.org/vocab/InC-EDU/1.0/ for more information,1999-12,2022-12-21T15:57:28.454000+00:00,https://api.library.tamu.edu/fcrepo/rest/4a/7d/ff/c4/4a7dffc4-04ec-4e1f-8f9e-ac661b9f328d/cvm-batch-2_objects/156/pages/page_0/files/CVM_0365.jpg,,Photograph taken during December 1999.,
reformatted digital,"['Texas A & M University. College of Veterinary Medicine & Biomedical Sciences', 'Texas A & M University Graphic Services']","['College Station', 'Texas']",StillImage,1990s,College of Veterinary Medicine Image Collection,"Outdoor Study Session, number 2",Five people sit on step outdoor for group study.,0701,Photographs,In copyright - educational use permitted; see http://rightsstatements.org/vocab/InC-EDU/1.0/ for more information,1996,2022-12-21T18:29:58.964000+00:00,https://api.library.tamu.edu/fcrepo/rest/4a/7d/ff/c4/4a7dffc4-04ec-4e1f-8f9e-ac661b9f328d/cvm-batch-2_objects/483/pages/page_0/files/CVM_0701.jpg,Written on photograph: Copyright 1996. File#96-554 Neg. 16A/17,,"Wulfson, Jean"
reformatted digital,Texas A & M University. College of Veterinary Medicine & Biomedical Sciences,"['College Station', 'Texas']",StillImage,1990s,College of Veterinary Medicine Image Collection,"Stevenson Center Pet Residents, number 026","Canine resident ""Jill,"" one of the original pets to enter the center in 1994.",0360-26,Photographs,In copyright - educational use permitted; see http://rightsstatements.org/vocab/InC-EDU/1.0/ for more information,1999-09-14,2022-12-21T16:06:05.052000+00:00,https://api.library.tamu.edu/fcrepo/rest/4a/7d/ff/c4/4a7dffc4-04ec-4e1f-8f9e-ac661b9f328d/cvm-batch-2_objects/27/pages/page_0/files/CVM_0360-26.jpg,,,
reformatted digital,Texas A & M University. College of Veterinary Medicine & Biomedical Sciences,"['College Station', 'Texas']",StillImage,1970s,College of Veterinary Medicine Image Collection,"Mary Nedbalek, number 2",A gift presented by George Shelton to Mary E. Nedbalek as a token of appreciation for 20 years of service. Ms. Nedbalek receives a gift at her retirement celebration.,0477,Photographs,In copyright - educational use permitted; see http://rightsstatements.org/vocab/InC-EDU/1.0/ for more information,1975-01,2022-12-21T17:17:24.172000+00:00,https://api.library.tamu.edu/fcrepo/rest/4a/7d/ff/c4/4a7dffc4-04ec-4e1f-8f9e-ac661b9f328d/cvm-batch-2_objects/268/pages/page_0/files/CVM_0477.jpg,,Photographed during January 1975.,
reformatted digital,Texas A & M University. College of Veterinary Medicine & Biomedical Sciences,,StillImage,,College of Veterinary Medicine Image Collection,"Hunting, number 02","Camp cabin with three men seated under awning, red truck to the side.",0644,Photographs,In copyright - educational use permitted; see http://rightsstatements.org/vocab/InC-EDU/1.0/ for more information,,2022-12-21T18:10:46.403000+00:00,https://api.library.tamu.edu/fcrepo/rest/4a/7d/ff/c4/4a7dffc4-04ec-4e1f-8f9e-ac661b9f328d/cvm-batch-2_objects/427/pages/page_0/files/CVM_0644.jpg,,,
reformatted digital,Texas A & M University. College of Veterinary Medicine & Biomedical Sciences,"['College Station', 'Texas']",StillImage,1990s,College of Veterinary Medicine Image Collection,"Stevenson Center, number 004","""Chip"" at the Stevenson Companion Animal Life-Care Center.",0364-18,Photographs,In copyright - educational use permitted; see http://rightsstatements.org/vocab/InC-EDU/1.0/ for more information,1999-09-14,2022-12-21T15:51:11.587000+00:00,https://api.library.tamu.edu/fcrepo/rest/4a/7d/ff/c4/4a7dffc4-04ec-4e1f-8f9e-ac661b9f328d/cvm-batch-2_objects/136/pages/page_0/files/CVM_0364-18.jpg,,,
reformatted digital,Texas A & M University. College of Veterinary Medicine & Biomedical Sciences,"['Texas', 'College Station']",StillImage,1990s,College of Veterinary Medicine Image Collection,"Clinical Rounds, number 5",Group of people on large animal clinical rounds.,0380,Photographs,In copyright - educational use permitted; see http://rightsstatements.org/vocab/InC-EDU/1.0/ for more information,1998-02-24,2022-12-21T16:02:17.196000+00:00,https://api.library.tamu.edu/fcrepo/rest/4a/7d/ff/c4/4a7dffc4-04ec-4e1f-8f9e-ac661b9f328d/cvm-batch-2_objects/171/pages/page_0/files/CVM_0380.jpg,,,
reformatted digital,Texas A & M University. College of Veterinary Medicine & Biomedical Sciences,"['College Station', 'Texas']",StillImage,1990s,College of Veterinary Medicine Image Collection,"Canine Amputee, number 6","Mischief, the four-year-old miniature schnauzer, was featured on the first ""The Doc Is In"" segment on television, after having his leg amputated at the Texas A&M University College of Veterinary Medicine. ""The Doc Is In"" was a segment of the Public Broadcasting Service program, ""Cure and Caring,"" that featured the College of Veterinary Medicine. It first aired during the latter's second season in 1999 and was hosted by Dr. Dawn Boothe. This segment featured actual medical cases and discussed how the animals were treated. The show was broadcast from the studios of KAMU at Texas A&M and was produced by TeleVentures Productions.",0674,Photographs,In copyright - educational use permitted; see http://rightsstatements.org/vocab/InC-EDU/1.0/ for more information,1999-09-28,2022-12-21T18:20:56.215000+00:00,https://api.library.tamu.edu/fcrepo/rest/4a/7d/ff/c4/4a7dffc4-04ec-4e1f-8f9e-ac661b9f328d/cvm-batch-2_objects/457/pages/page_0/files/CVM_0674.jpg,,,
reformatted digital,Texas A & M University. College of Veterinary Medicine & Biomedical Sciences,"['College Station', 'Texas']",StillImage,1990s,College of Veterinary Medicine Image Collection,"Stevenson Center, number 016",Two students with pets.,0364-30,Photographs,In copyright - educational use permitted; see http://rightsstatements.org/vocab/InC-EDU/1.0/ for more information,1999-09-14,2022-12-21T15:54:57.241000+00:00,https://api.library.tamu.edu/fcrepo/rest/4a/7d/ff/c4/4a7dffc4-04ec-4e1f-8f9e-ac661b9f328d/cvm-batch-2_objects/148/pages/page_0/files/CVM_0364-30.jpg,,,
reformatted digital,Texas A & M University. College of Veterinary Medicine & Biomedical Sciences,"['College Station', 'Texas']",StillImage,,College of Veterinary Medicine Image Collection,"George Shelton, number 6","Dr. George Shelton listens to a speaker with J.P. McGrath, Assistant Professor from the Department of Veterinary Pathology.",0401,Photographs,In copyright - educational use permitted; see http://rightsstatements.org/vocab/InC-EDU/1.0/ for more information,,2022-12-21T16:51:50.845000+00:00,https://api.library.tamu.edu/fcrepo/rest/4a/7d/ff/c4/4a7dffc4-04ec-4e1f-8f9e-ac661b9f328d/cvm-batch-2_objects/192/pages/page_0/files/CVM_0401.jpg,,,
reformatted digital,Texas A & M University. College of Veterinary Medicine & Biomedical Sciences,"['College Station', 'Texas']",StillImage,1990s,College of Veterinary Medicine Image Collection,"Stevenson Center, number 013",Ellie Greenbaum and student with pets.,0364-27,Photographs,In copyright - educational use permitted; see http://rightsstatements.org/vocab/InC-EDU/1.0/ for more information,1999-09-14,2022-12-21T15:54:00.806000+00:00,https://api.library.tamu.edu/fcrepo/rest/4a/7d/ff/c4/4a7dffc4-04ec-4e1f-8f9e-ac661b9f328d/cvm-batch-2_objects/145/pages/page_0/files/CVM_0364-27.jpg,,,
reformatted digital,Texas A & M University. College of Veterinary Medicine & Biomedical Sciences,"['College Station', 'Texas']",StillImage,1950s,College of Veterinary Medicine Image Collection,"Wake Up and Read!: National Library Week, April 12-18, 1959","Bulletin display shows five photographs of students studying in a library setting and a poster for National Library Week, April 12th through the 18th, 1959. At that time, the library space was located in the northeast corner, ground floor of the old Veterinary Administration building with Nan Cardwell serving as the School of Veterinary Medicine's Librarian from 1957-1965.",0508,Photographs,In copyright - educational use permitted; see http://rightsstatements.org/vocab/InC-EDU/1.0/ for more information,1959-04,2022-12-21T17:27:50.627000+00:00,https://api.library.tamu.edu/fcrepo/rest/4a/7d/ff/c4/4a7dffc4-04ec-4e1f-8f9e-ac661b9f328d/cvm-batch-2_objects/299/pages/page_0/files/CVM_0508.jpg,,Photograph taken during April 1959.,
reformatted digital,Texas A & M University. College of Veterinary Medicine & Biomedical Sciences,"['College Station', 'Texas']",StillImage,1990s,College of Veterinary Medicine Image Collection,"Stevenson Center Pet Residents, number 021","Canine resident ""Algernon"" who arrived at the center in 1997.",0360-21,Photographs,In copyright - educational use permitted; see http://rightsstatements.org/vocab/InC-EDU/1.0/ for more information,1999-09-14,2022-12-21T16:04:30.552000+00:00,https://api.library.tamu.edu/fcrepo/rest/4a/7d/ff/c4/4a7dffc4-04ec-4e1f-8f9e-ac661b9f328d/cvm-batch-2_objects/22/pages/page_0/files/CVM_0360-21.jpg,,,
reformatted digital,Texas A & M University. College of Veterinary Medicine & Biomedical Sciences,"['Texas', 'College Station']",StillImage,1990s,College of Veterinary Medicine Image Collection,"Stevenson Center Pet Residents, number 029","Canine resident ""Jill,"" one of the original pets to enter the center in 1994.",0360-29,Photographs,In copyright - educational use permitted; see http://rightsstatements.org/vocab/InC-EDU/1.0/ for more information,1999-09-14,2022-12-21T16:07:01.985000+00:00,https://api.library.tamu.edu/fcrepo/rest/4a/7d/ff/c4/4a7dffc4-04ec-4e1f-8f9e-ac661b9f328d/cvm-batch-2_objects/30/pages/page_0/files/CVM_0360-29.jpg,,,
reformatted digital,Texas A & M University. College of Veterinary Medicine & Biomedical Sciences,"['College Station', 'Texas']",StillImage,,College of Veterinary Medicine Image Collection,"Students in a Lab, number 2",Students examine slides under microscopes.,0690,Photographs,In copyright - educational use permitted; see http://rightsstatements.org/vocab/InC-EDU/1.0/ for more information,Between 1945 and 1955,2022-12-21T18:26:08.118000+00:00,https://api.library.tamu.edu/fcrepo/rest/4a/7d/ff/c4/4a7dffc4-04ec-4e1f-8f9e-ac661b9f328d/cvm-batch-2_objects/472/pages/page_0/files/CVM_0690.jpg,,,
reformatted digital,"['Texas A & M University. College of Veterinary Medicine & Biomedical Sciences', 'Texas A & M University Graphic Services']","['College Station', 'Texas']",StillImage,1990s,College of Veterinary Medicine Image Collection,"Visit from Laura Bush, number 3",Dr. Richard Finnell explains his research to Laura Bush.,0549,Photographs,In copyright - educational use permitted; see http://rightsstatements.org/vocab/InC-EDU/1.0/ for more information,1999,2022-12-21T17:41:31.729000+00:00,https://api.library.tamu.edu/fcrepo/rest/4a/7d/ff/c4/4a7dffc4-04ec-4e1f-8f9e-ac661b9f328d/cvm-batch-2_objects/340/pages/page_0/files/CVM_0549.jpg,,,
reformatted digital,Texas A & M University. College of Veterinary Medicine & Biomedical Sciences,"['College Station', 'Texas']",StillImage,1970s,College of Veterinary Medicine Image Collection,"Dr. James W. Dollahite, number 07",Dr. and Mrs. Dollahite (center) are presented an envelope by an unidentified woman (right) and Dr. Bennie J. Camp (left).,0484,Photographs,In copyright - educational use permitted; see http://rightsstatements.org/vocab/InC-EDU/1.0/ for more information,1975-01,2022-12-21T17:19:50.838000+00:00,https://api.library.tamu.edu/fcrepo/rest/4a/7d/ff/c4/4a7dffc4-04ec-4e1f-8f9e-ac661b9f328d/cvm-batch-2_objects/275/pages/page_0/files/CVM_0484.jpg,,Photographed during January 1975.,
reformatted digital,Texas A & M University. College of Veterinary Medicine & Biomedical Sciences,"['College Station', 'Texas']",StillImage,1990s,College of Veterinary Medicine Image Collection,"Stevenson Center Pet Residents, number 124","Student resident of the Stevenson Companion Animal Life-Care Center, Kathleen Harris bathes ""Orphan Annie.""",0364-06,Photographs,In copyright - educational use permitted; see http://rightsstatements.org/vocab/InC-EDU/1.0/ for more information,1999-09-14,2022-12-21T15:47:44.899000+00:00,https://api.library.tamu.edu/fcrepo/rest/4a/7d/ff/c4/4a7dffc4-04ec-4e1f-8f9e-ac661b9f328d/cvm-batch-2_objects/125/pages/page_0/files/CVM_0364-6.jpg,,,
reformatted digital,Texas A & M University. College of Veterinary Medicine & Biomedical Sciences,"['College Station', 'Texas']",StillImage,1990s,College of Veterinary Medicine Image Collection,"Stevenson Center Pet Residents, number 091","""Wei-Linn"" a black-mustached parakeet who was the first bird to reside of Stevenson Companion Animal Life-Care Center.",0362-18,Photographs,In copyright - educational use permitted; see http://rightsstatements.org/vocab/InC-EDU/1.0/ for more information,1999-09-14,2022-12-21T16:43:52.531000+00:00,https://api.library.tamu.edu/fcrepo/rest/4a/7d/ff/c4/4a7dffc4-04ec-4e1f-8f9e-ac661b9f328d/cvm-batch-2_objects/92/pages/page_0/files/CVM_0362-18.jpg,,,
reformatted digital,Texas A & M University. College of Veterinary Medicine & Biomedical Sciences,"['College Station', 'Texas']",StillImage,,College of Veterinary Medicine Image Collection,Mary Herron,"Faculty Photo, Assistant Dean of Student Affairs who retired in January of 2001. Dr. Mary Herron earned her DVM at Purdue University '67. She came to Texas A&M as a graduate assistant in 1968 and earned her MS and PhD in 1970 and in 1972.","['0415', '0105']","['Portraits', 'Photographs']",In copyright - educational use permitted; see http://rightsstatements.org/vocab/InC-EDU/1.0/ for more information,,2022-12-21T16:57:13.310000+00:00,https://api.library.tamu.edu/fcrepo/rest/4a/7d/ff/c4/4a7dffc4-04ec-4e1f-8f9e-ac661b9f328d/cvm-batch-2_objects/208/pages/page_0/files/CVM_0415.jpg,,,
reformatted digital,Texas A & M University. College of Veterinary Medicine & Biomedical Sciences,"['Texas', 'College Station']",StillImage,1990s,College of Veterinary Medicine Image Collection,"Stevenson Center Pet Residents, number 013","Canine resident ""Chip"" who arrived at the center in 1998.",0360-13,Photographs,In copyright - educational use permitted; see http://rightsstatements.org/vocab/InC-EDU/1.0/ for more information,1999-09-14,2022-12-21T15:35:26.731000+00:00,https://api.library.tamu.edu/fcrepo/rest/4a/7d/ff/c4/4a7dffc4-04ec-4e1f-8f9e-ac661b9f328d/cvm-batch-2_objects/14/pages/page_0/files/CVM_0360-13.jpg,,,
reformatted digital,Texas A & M University. College of Veterinary Medicine & Biomedical Sciences,"['Texas', 'College Station']",StillImage,1990s,College of Veterinary Medicine Image Collection,"Womack Reception, number 19",Dr. Loren C. Skow is caught by the camera.,0605,Photographs,In copyright - educational use permitted; see http://rightsstatements.org/vocab/InC-EDU/1.0/ for more information,1999-07-15,2022-12-21T17:57:33.890000+00:00,https://api.library.tamu.edu/fcrepo/rest/4a/7d/ff/c4/4a7dffc4-04ec-4e1f-8f9e-ac661b9f328d/cvm-batch-2_objects/388/pages/page_0/files/CVM_0605.jpg,Written on photograph: Roll 1 frame 15,,
reformatted digital,Texas A & M University. College of Veterinary Medicine & Biomedical Sciences,"['College Station', 'Texas']",StillImage,1990s,College of Veterinary Medicine Image Collection,"Stevenson Center Pet Residents, number 010","Canine resident ""Lovey"" who arrived at the center in 1998.",0360-10,Photographs,In copyright - educational use permitted; see http://rightsstatements.org/vocab/InC-EDU/1.0/ for more information,1999-09-14,2022-12-21T15:34:28.674000+00:00,https://api.library.tamu.edu/fcrepo/rest/4a/7d/ff/c4/4a7dffc4-04ec-4e1f-8f9e-ac661b9f328d/cvm-batch-2_objects/11/pages/page_0/files/CVM_0360-10.jpg,,,
reformatted digital,Texas A & M University. College of Veterinary Medicine & Biomedical Sciences,"['Missouri', 'Columbia']",StillImage,1990s,College of Veterinary Medicine Image Collection,"Rodeo-Livestock Show, number 4","A group of honored unidentified people are sitting in the ""Missouri Mule Team"" wagon from the College of Veterinary Medicine at the University of Missouri, Columbia during an unknown event.",0638,Photographs,In copyright - educational use permitted; see http://rightsstatements.org/vocab/InC-EDU/1.0/ for more information,1997-11-20,2022-12-21T18:08:43.394000+00:00,https://api.library.tamu.edu/fcrepo/rest/4a/7d/ff/c4/4a7dffc4-04ec-4e1f-8f9e-ac661b9f328d/cvm-batch-2_objects/421/pages/page_0/files/CVM_0638.jpg,,,
reformatted digital,Texas A & M University. College of Veterinary Medicine & Biomedical Sciences,"['Texas', 'College Station']",StillImage,1990s,College of Veterinary Medicine Image Collection,"Stevenson Center Pet Residents, number 084",The cat tower at the Stevenson Companion Animal Life-Care Center is enjoyed by the feline residents. Priscilla is at the top.,0362-11,Photographs,In copyright - educational use permitted; see http://rightsstatements.org/vocab/InC-EDU/1.0/ for more information,1999-09-14,2022-12-21T16:41:38.356000+00:00,https://api.library.tamu.edu/fcrepo/rest/4a/7d/ff/c4/4a7dffc4-04ec-4e1f-8f9e-ac661b9f328d/cvm-batch-2_objects/85/pages/page_0/files/CVM_0362-11.jpg,,,
