subject_local,description,rights_statement,extent,date_digital_creation,title,contributor,content_type,identifier,Image
"['Houston', 'Texas', '20th century.', 'Corporate minutes', 'Petroleum industry and trade', 'Minutes', 'History']","['Cover title.', 'Minute book, 1901-1908', ""Gift of Amanda and Ken Kellar '65"", 'The Cushing Library/Chapman Texas Collection copy is part of the Floyd & Louise Chapman Texas & Borderlands Collection.', 'Minutes are handwritten; index is typed.', 'First entry, July 9 1901 - last entry May 25, 1908.']","No copyright - United States; For more information, see:  http://rightsstatements.org/vocab/NoC-US/1.0/","['41 cm.', '17 leaves (36 cm.)', '299 pages']",2020-12-05T17:04:34.011000+00:00,Minutes of Houston Oil Company of Texas,"['Houston Oil Company of Texas', 'Board of Directors']",text,minutes_0112,https://api.library.tamu.edu/fcrepo/rest/3b/6f/c3/25/3b6fc325-f6ca-41d8-b91e-8c5db3be8c13/houston_oil_company_minutes_objects/131/pages/page_0/files/minutes_0112.jpg
"['History', 'Houston', 'Texas', '20th century.', 'Corporate minutes', 'Petroleum industry and trade', 'Minutes']","['The Cushing Library/Chapman Texas Collection copy is part of the Floyd & Louise Chapman Texas & Borderlands Collection.', 'Minutes are handwritten; index is typed.', 'First entry, July 9 1901 - last entry May 25, 1908.', 'Cover title.', 'Minute book, 1901-1908', ""Gift of Amanda and Ken Kellar '65""]","No copyright - United States; For more information, see:  http://rightsstatements.org/vocab/NoC-US/1.0/","['299 pages', '41 cm.', '17 leaves (36 cm.)']",2020-12-05T17:31:12.707000+00:00,Minutes of Houston Oil Company of Texas,"['Board of Directors', 'Houston Oil Company of Texas']",text,minutes_0065,https://api.library.tamu.edu/fcrepo/rest/3b/6f/c3/25/3b6fc325-f6ca-41d8-b91e-8c5db3be8c13/houston_oil_company_minutes_objects/84/pages/page_0/files/minutes_0065.jpg
"['20th century.', 'Corporate minutes', 'Petroleum industry and trade', 'Minutes', 'History', 'Houston', 'Texas']","['Minute book, 1901-1908', ""Gift of Amanda and Ken Kellar '65"", 'The Cushing Library/Chapman Texas Collection copy is part of the Floyd & Louise Chapman Texas & Borderlands Collection.', 'Minutes are handwritten; index is typed.', 'First entry, July 9 1901 - last entry May 25, 1908.', 'Cover title.']","No copyright - United States; For more information, see:  http://rightsstatements.org/vocab/NoC-US/1.0/","['17 leaves (36 cm.)', '299 pages', '41 cm.']",2020-12-05T17:38:34.566000+00:00,Minutes of Houston Oil Company of Texas,"['Houston Oil Company of Texas', 'Board of Directors']",text,minutes_0128,https://api.library.tamu.edu/fcrepo/rest/3b/6f/c3/25/3b6fc325-f6ca-41d8-b91e-8c5db3be8c13/houston_oil_company_minutes_objects/147/pages/page_0/files/minutes_0128.jpg
"['History', 'Houston', 'Texas', '20th century.', 'Corporate minutes', 'Petroleum industry and trade', 'Minutes']","['First entry, July 9 1901 - last entry May 25, 1908.', 'Cover title.', 'Minute book, 1901-1908', ""Gift of Amanda and Ken Kellar '65"", 'The Cushing Library/Chapman Texas Collection copy is part of the Floyd & Louise Chapman Texas & Borderlands Collection.', 'Minutes are handwritten; index is typed.']","No copyright - United States; For more information, see:  http://rightsstatements.org/vocab/NoC-US/1.0/","['299 pages', '41 cm.', '17 leaves (36 cm.)']",2020-12-05T16:53:35.588000+00:00,Minutes of Houston Oil Company of Texas,"['Houston Oil Company of Texas', 'Board of Directors']",text,minutes_0016,https://api.library.tamu.edu/fcrepo/rest/3b/6f/c3/25/3b6fc325-f6ca-41d8-b91e-8c5db3be8c13/houston_oil_company_minutes_objects/35/pages/page_0/files/minutes_0016.jpg
"['Petroleum industry and trade', 'Minutes', 'History', 'Houston', 'Texas', '20th century.', 'Corporate minutes']","['The Cushing Library/Chapman Texas Collection copy is part of the Floyd & Louise Chapman Texas & Borderlands Collection.', 'Minutes are handwritten; index is typed.', 'First entry, July 9 1901 - last entry May 25, 1908.', 'Cover title.', 'Minute book, 1901-1908', ""Gift of Amanda and Ken Kellar '65""]","No copyright - United States; For more information, see:  http://rightsstatements.org/vocab/NoC-US/1.0/","['17 leaves (36 cm.)', '299 pages', '41 cm.']",2020-12-05T17:25:59.791000+00:00,Minutes of Houston Oil Company of Texas,"['Board of Directors', 'Houston Oil Company of Texas']",text,minutes_0244,https://api.library.tamu.edu/fcrepo/rest/3b/6f/c3/25/3b6fc325-f6ca-41d8-b91e-8c5db3be8c13/houston_oil_company_minutes_objects/263/pages/page_0/files/minutes_0244.jpg
"['History', 'Houston', 'Texas', '20th century.', 'Corporate minutes', 'Petroleum industry and trade', 'Minutes']","[""Gift of Amanda and Ken Kellar '65"", 'The Cushing Library/Chapman Texas Collection copy is part of the Floyd & Louise Chapman Texas & Borderlands Collection.', 'Minutes are handwritten; index is typed.', 'First entry, July 9 1901 - last entry May 25, 1908.', 'Cover title.', 'Minute book, 1901-1908']","No copyright - United States; For more information, see:  http://rightsstatements.org/vocab/NoC-US/1.0/","['17 leaves (36 cm.)', '299 pages', '41 cm.']",2020-12-05T16:43:12.121000+00:00,Minutes of Houston Oil Company of Texas,"['Board of Directors', 'Houston Oil Company of Texas']",text,minutes_0215,https://api.library.tamu.edu/fcrepo/rest/3b/6f/c3/25/3b6fc325-f6ca-41d8-b91e-8c5db3be8c13/houston_oil_company_minutes_objects/234/pages/page_0/files/minutes_0215.jpg
"['History', 'Houston', 'Index', 'Texas', '20th century.', 'Corporate minutes', 'Petroleum industry and trade']","['Cover title.', 'Minute book, 1901-1908', ""Gift of Amanda and Ken Kellar '65"", 'The Cushing Library/Chapman Texas Collection copy is part of the Floyd & Louise Chapman Texas & Borderlands Collection.', 'Minutes are handwritten; index is typed.', 'First entry, July 9 1901 - last entry May 25, 1908.']","No copyright - United States; For more information, see:  http://rightsstatements.org/vocab/NoC-US/1.0/","['41 cm.', '17 leaves (36 cm.)', '299 pages']",2020-12-05T16:56:36.159000+00:00,Minutes of Houston Oil Company of Texas,"['Houston Oil Company of Texas', 'Board of Directors']",text,index_0006,https://api.library.tamu.edu/fcrepo/rest/3b/6f/c3/25/3b6fc325-f6ca-41d8-b91e-8c5db3be8c13/houston_oil_company_minutes_objects/7/pages/page_0/files/Index_0006.jpg
"['Minutes', 'History', 'Houston', 'Texas', '20th century.', 'Corporate minutes', 'Petroleum industry and trade']","['The Cushing Library/Chapman Texas Collection copy is part of the Floyd & Louise Chapman Texas & Borderlands Collection.', 'Minutes are handwritten; index is typed.', 'First entry, July 9 1901 - last entry May 25, 1908.', 'Cover title.', 'Minute book, 1901-1908', ""Gift of Amanda and Ken Kellar '65""]","No copyright - United States; For more information, see:  http://rightsstatements.org/vocab/NoC-US/1.0/","['17 leaves (36 cm.)', '299 pages', '41 cm.']",2020-12-05T17:06:26.555000+00:00,Minutes of Houston Oil Company of Texas,"['Board of Directors', 'Houston Oil Company of Texas']",text,minutes_0081,https://api.library.tamu.edu/fcrepo/rest/3b/6f/c3/25/3b6fc325-f6ca-41d8-b91e-8c5db3be8c13/houston_oil_company_minutes_objects/100/pages/page_0/files/minutes_0081.jpg
"['History', 'Houston', 'Texas', '20th century.', 'Corporate minutes', 'Petroleum industry and trade', 'Minutes']","['Cover title.', 'Minute book, 1901-1908', ""Gift of Amanda and Ken Kellar '65"", 'The Cushing Library/Chapman Texas Collection copy is part of the Floyd & Louise Chapman Texas & Borderlands Collection.', 'Minutes are handwritten; index is typed.', 'First entry, July 9 1901 - last entry May 25, 1908.']","No copyright - United States; For more information, see:  http://rightsstatements.org/vocab/NoC-US/1.0/","['299 pages', '41 cm.', '17 leaves (36 cm.)']",2020-12-05T17:17:15.542000+00:00,Minutes of Houston Oil Company of Texas,"['Houston Oil Company of Texas', 'Board of Directors']",text,minutes_0260,https://api.library.tamu.edu/fcrepo/rest/3b/6f/c3/25/3b6fc325-f6ca-41d8-b91e-8c5db3be8c13/houston_oil_company_minutes_objects/279/pages/page_0/files/minutes_0260.jpg
"['History', 'Houston', 'Texas', '20th century.', 'Corporate minutes', 'Petroleum industry and trade', 'Minutes']","['First entry, July 9 1901 - last entry May 25, 1908.', 'Cover title.', 'Minute book, 1901-1908', ""Gift of Amanda and Ken Kellar '65"", 'The Cushing Library/Chapman Texas Collection copy is part of the Floyd & Louise Chapman Texas & Borderlands Collection.', 'Minutes are handwritten; index is typed.']","No copyright - United States; For more information, see:  http://rightsstatements.org/vocab/NoC-US/1.0/","['299 pages', '41 cm.', '17 leaves (36 cm.)']",2020-12-05T16:29:52.138000+00:00,Minutes of Houston Oil Company of Texas,"['Board of Directors', 'Houston Oil Company of Texas']",text,minutes_0097,https://api.library.tamu.edu/fcrepo/rest/3b/6f/c3/25/3b6fc325-f6ca-41d8-b91e-8c5db3be8c13/houston_oil_company_minutes_objects/116/pages/page_0/files/minutes_0097.jpg
"['Petroleum industry and trade', 'Minutes', 'History', 'Houston', 'Texas', '20th century.', 'Corporate minutes']","['Minute book, 1901-1908', ""Gift of Amanda and Ken Kellar '65"", 'The Cushing Library/Chapman Texas Collection copy is part of the Floyd & Louise Chapman Texas & Borderlands Collection.', 'Minutes are handwritten; index is typed.', 'First entry, July 9 1901 - last entry May 25, 1908.', 'Cover title.']","No copyright - United States; For more information, see:  http://rightsstatements.org/vocab/NoC-US/1.0/","['17 leaves (36 cm.)', '299 pages', '41 cm.']",2020-12-05T17:05:02.109000+00:00,Minutes of Houston Oil Company of Texas,"['Houston Oil Company of Texas', 'Board of Directors']",text,minutes_0146,https://api.library.tamu.edu/fcrepo/rest/3b/6f/c3/25/3b6fc325-f6ca-41d8-b91e-8c5db3be8c13/houston_oil_company_minutes_objects/165/pages/page_0/files/minutes_0146.jpg
"['Texas', '20th century.', 'Corporate minutes', 'Petroleum industry and trade', 'Minutes', 'History', 'Houston']","['Cover title.', 'Minute book, 1901-1908', ""Gift of Amanda and Ken Kellar '65"", 'The Cushing Library/Chapman Texas Collection copy is part of the Floyd & Louise Chapman Texas & Borderlands Collection.', 'Minutes are handwritten; index is typed.', 'First entry, July 9 1901 - last entry May 25, 1908.']","No copyright - United States; For more information, see:  http://rightsstatements.org/vocab/NoC-US/1.0/","['41 cm.', '17 leaves (36 cm.)', '299 pages']",2020-12-05T16:39:17.828000+00:00,Minutes of Houston Oil Company of Texas,"['Houston Oil Company of Texas', 'Board of Directors']",text,minutes_0184,https://api.library.tamu.edu/fcrepo/rest/3b/6f/c3/25/3b6fc325-f6ca-41d8-b91e-8c5db3be8c13/houston_oil_company_minutes_objects/203/pages/page_0/files/minutes_0184.jpg
"['Corporate minutes', 'Petroleum industry and trade', 'Minutes', 'History', 'Houston', 'Texas', '20th century.']","['Minute book, 1901-1908', ""Gift of Amanda and Ken Kellar '65"", 'The Cushing Library/Chapman Texas Collection copy is part of the Floyd & Louise Chapman Texas & Borderlands Collection.', 'Minutes are handwritten; index is typed.', 'First entry, July 9 1901 - last entry May 25, 1908.', 'Cover title.']","No copyright - United States; For more information, see:  http://rightsstatements.org/vocab/NoC-US/1.0/","['17 leaves (36 cm.)', '299 pages', '41 cm.']",2020-12-05T17:25:31.472000+00:00,Minutes of Houston Oil Company of Texas,"['Houston Oil Company of Texas', 'Board of Directors']",text,minutes_0233,https://api.library.tamu.edu/fcrepo/rest/3b/6f/c3/25/3b6fc325-f6ca-41d8-b91e-8c5db3be8c13/houston_oil_company_minutes_objects/252/pages/page_0/files/minutes_0233.jpg
"['20th century.', 'Corporate minutes', 'Petroleum industry and trade', 'Minutes', 'History', 'Houston', 'Texas']","['Cover title.', 'Minute book, 1901-1908', ""Gift of Amanda and Ken Kellar '65"", 'The Cushing Library/Chapman Texas Collection copy is part of the Floyd & Louise Chapman Texas & Borderlands Collection.', 'Minutes are handwritten; index is typed.', 'First entry, July 9 1901 - last entry May 25, 1908.']","No copyright - United States; For more information, see:  http://rightsstatements.org/vocab/NoC-US/1.0/","['17 leaves (36 cm.)', '299 pages', '41 cm.']",2020-12-05T16:56:22.276000+00:00,Minutes of Houston Oil Company of Texas,"['Houston Oil Company of Texas', 'Board of Directors']",text,minutes_0050,https://api.library.tamu.edu/fcrepo/rest/3b/6f/c3/25/3b6fc325-f6ca-41d8-b91e-8c5db3be8c13/houston_oil_company_minutes_objects/69/pages/page_0/files/minutes_0050.jpg
"['History', 'Houston', 'Texas', '20th century.', 'Corporate minutes', 'Petroleum industry and trade', 'Minutes']","['The Cushing Library/Chapman Texas Collection copy is part of the Floyd & Louise Chapman Texas & Borderlands Collection.', 'Minutes are handwritten; index is typed.', 'First entry, July 9 1901 - last entry May 25, 1908.', 'Cover title.', 'Minute book, 1901-1908', ""Gift of Amanda and Ken Kellar '65""]","No copyright - United States; For more information, see:  http://rightsstatements.org/vocab/NoC-US/1.0/","['299 pages', '41 cm.', '17 leaves (36 cm.)']",2020-12-05T17:34:45.914000+00:00,Minutes of Houston Oil Company of Texas,"['Board of Directors', 'Houston Oil Company of Texas']",text,minutes_0052,https://api.library.tamu.edu/fcrepo/rest/3b/6f/c3/25/3b6fc325-f6ca-41d8-b91e-8c5db3be8c13/houston_oil_company_minutes_objects/71/pages/page_0/files/minutes_0052.jpg
"['History', 'Houston', 'Texas', '20th century.', 'Corporate minutes', 'Petroleum industry and trade', 'Minutes']","['Cover title.', 'Minute book, 1901-1908', ""Gift of Amanda and Ken Kellar '65"", 'The Cushing Library/Chapman Texas Collection copy is part of the Floyd & Louise Chapman Texas & Borderlands Collection.', 'Minutes are handwritten; index is typed.', 'First entry, July 9 1901 - last entry May 25, 1908.']","No copyright - United States; For more information, see:  http://rightsstatements.org/vocab/NoC-US/1.0/","['41 cm.', '17 leaves (36 cm.)', '299 pages']",2020-12-05T16:46:52.779000+00:00,Minutes of Houston Oil Company of Texas,"['Houston Oil Company of Texas', 'Board of Directors']",text,minutes_0249,https://api.library.tamu.edu/fcrepo/rest/3b/6f/c3/25/3b6fc325-f6ca-41d8-b91e-8c5db3be8c13/houston_oil_company_minutes_objects/268/pages/page_0/files/minutes_0249.jpg
"['20th century.', 'Corporate minutes', 'Petroleum industry and trade', 'Minutes', 'History', 'Houston', 'Texas']","['Minute book, 1901-1908', ""Gift of Amanda and Ken Kellar '65"", 'The Cushing Library/Chapman Texas Collection copy is part of the Floyd & Louise Chapman Texas & Borderlands Collection.', 'Minutes are handwritten; index is typed.', 'First entry, July 9 1901 - last entry May 25, 1908.', 'Cover title.']","No copyright - United States; For more information, see:  http://rightsstatements.org/vocab/NoC-US/1.0/","['17 leaves (36 cm.)', '299 pages', '41 cm.']",2020-12-05T16:31:16.026000+00:00,Minutes of Houston Oil Company of Texas,"['Houston Oil Company of Texas', 'Board of Directors']",text,minutes_0115,https://api.library.tamu.edu/fcrepo/rest/3b/6f/c3/25/3b6fc325-f6ca-41d8-b91e-8c5db3be8c13/houston_oil_company_minutes_objects/134/pages/page_0/files/minutes_0115.jpg
"['History', 'Houston', 'Texas', '20th century.', 'Corporate minutes', 'Petroleum industry and trade', 'Minutes']","['Cover title.', 'Minute book, 1901-1908', ""Gift of Amanda and Ken Kellar '65"", 'The Cushing Library/Chapman Texas Collection copy is part of the Floyd & Louise Chapman Texas & Borderlands Collection.', 'Minutes are handwritten; index is typed.', 'First entry, July 9 1901 - last entry May 25, 1908.']","No copyright - United States; For more information, see:  http://rightsstatements.org/vocab/NoC-US/1.0/","['41 cm.', '17 leaves (36 cm.)', '299 pages']",2020-12-05T16:29:10.861000+00:00,Minutes of Houston Oil Company of Texas,"['Houston Oil Company of Texas', 'Board of Directors']",text,minutes_0086,https://api.library.tamu.edu/fcrepo/rest/3b/6f/c3/25/3b6fc325-f6ca-41d8-b91e-8c5db3be8c13/houston_oil_company_minutes_objects/105/pages/page_0/files/minutes_0086.jpg
"['Houston', 'Texas', '20th century.', 'Corporate minutes', 'Petroleum industry and trade', 'Minutes', 'History']","['Cover title.', 'Minute book, 1901-1908', ""Gift of Amanda and Ken Kellar '65"", 'The Cushing Library/Chapman Texas Collection copy is part of the Floyd & Louise Chapman Texas & Borderlands Collection.', 'Minutes are handwritten; index is typed.', 'First entry, July 9 1901 - last entry May 25, 1908.']","No copyright - United States; For more information, see:  http://rightsstatements.org/vocab/NoC-US/1.0/","['41 cm.', '17 leaves (36 cm.)', '299 pages']",2020-12-05T17:40:57.788000+00:00,Minutes of Houston Oil Company of Texas,"['Houston Oil Company of Texas', 'Board of Directors']",text,minutes_0003,https://api.library.tamu.edu/fcrepo/rest/3b/6f/c3/25/3b6fc325-f6ca-41d8-b91e-8c5db3be8c13/houston_oil_company_minutes_objects/22/pages/page_0/files/minutes_0003.jpg
"['History', 'Houston', 'Texas', '20th century.', 'Corporate minutes', 'Petroleum industry and trade', 'Minutes']","['The Cushing Library/Chapman Texas Collection copy is part of the Floyd & Louise Chapman Texas & Borderlands Collection.', 'Minutes are handwritten; index is typed.', 'First entry, July 9 1901 - last entry May 25, 1908.', 'Cover title.', 'Minute book, 1901-1908', ""Gift of Amanda and Ken Kellar '65""]","No copyright - United States; For more information, see:  http://rightsstatements.org/vocab/NoC-US/1.0/","['299 pages', '41 cm.', '17 leaves (36 cm.)']",2020-12-05T16:41:35.598000+00:00,Minutes of Houston Oil Company of Texas,"['Houston Oil Company of Texas', 'Board of Directors']",text,minutes_0202,https://api.library.tamu.edu/fcrepo/rest/3b/6f/c3/25/3b6fc325-f6ca-41d8-b91e-8c5db3be8c13/houston_oil_company_minutes_objects/221/pages/page_0/files/minutes_0202.jpg
"['Minutes', 'History', 'Houston', 'Texas', '20th century.', 'Corporate minutes', 'Petroleum industry and trade']","['Minute book, 1901-1908', ""Gift of Amanda and Ken Kellar '65"", 'The Cushing Library/Chapman Texas Collection copy is part of the Floyd & Louise Chapman Texas & Borderlands Collection.', 'Minutes are handwritten; index is typed.', 'First entry, July 9 1901 - last entry May 25, 1908.', 'Cover title.']","No copyright - United States; For more information, see:  http://rightsstatements.org/vocab/NoC-US/1.0/","['17 leaves (36 cm.)', '299 pages', '41 cm.']",2020-12-05T17:03:51.837000+00:00,Minutes of Houston Oil Company of Texas,"['Houston Oil Company of Texas', 'Board of Directors']",text,minutes_0019,https://api.library.tamu.edu/fcrepo/rest/3b/6f/c3/25/3b6fc325-f6ca-41d8-b91e-8c5db3be8c13/houston_oil_company_minutes_objects/38/pages/page_0/files/minutes_0019.jpg
"['Corporate minutes', 'Petroleum industry and trade', 'Minutes', 'History', 'Houston', 'Texas', '20th century.']","['Minute book, 1901-1908', ""Gift of Amanda and Ken Kellar '65"", 'The Cushing Library/Chapman Texas Collection copy is part of the Floyd & Louise Chapman Texas & Borderlands Collection.', 'Minutes are handwritten; index is typed.', 'First entry, July 9 1901 - last entry May 25, 1908.', 'Cover title.']","No copyright - United States; For more information, see:  http://rightsstatements.org/vocab/NoC-US/1.0/","['17 leaves (36 cm.)', '299 pages', '41 cm.']",2020-12-05T17:23:37.692000+00:00,Minutes of Houston Oil Company of Texas,"['Houston Oil Company of Texas', 'Board of Directors']",text,minutes_0187,https://api.library.tamu.edu/fcrepo/rest/3b/6f/c3/25/3b6fc325-f6ca-41d8-b91e-8c5db3be8c13/houston_oil_company_minutes_objects/206/pages/page_0/files/minutes_0187.jpg
"['Houston', 'Texas', '20th century.', 'Corporate minutes', 'Petroleum industry and trade', 'Minutes', 'History']","['Cover title.', 'Minute book, 1901-1908', ""Gift of Amanda and Ken Kellar '65"", 'The Cushing Library/Chapman Texas Collection copy is part of the Floyd & Louise Chapman Texas & Borderlands Collection.', 'Minutes are handwritten; index is typed.', 'First entry, July 9 1901 - last entry May 25, 1908.']","No copyright - United States; For more information, see:  http://rightsstatements.org/vocab/NoC-US/1.0/","['41 cm.', '17 leaves (36 cm.)', '299 pages']",2020-12-05T17:24:06.142000+00:00,Minutes of Houston Oil Company of Texas,"['Houston Oil Company of Texas', 'Board of Directors']",text,minutes_0218,https://api.library.tamu.edu/fcrepo/rest/3b/6f/c3/25/3b6fc325-f6ca-41d8-b91e-8c5db3be8c13/houston_oil_company_minutes_objects/237/pages/page_0/files/minutes_0218.jpg
"['Houston', 'Texas', '20th century.', 'Corporate minutes', 'Petroleum industry and trade', 'Minutes', 'History']","['First entry, July 9 1901 - last entry May 25, 1908.', 'Cover title.', 'Minute book, 1901-1908', ""Gift of Amanda and Ken Kellar '65"", 'The Cushing Library/Chapman Texas Collection copy is part of the Floyd & Louise Chapman Texas & Borderlands Collection.', 'Minutes are handwritten; index is typed.']","No copyright - United States; For more information, see:  http://rightsstatements.org/vocab/NoC-US/1.0/","['299 pages', '41 cm.', '17 leaves (36 cm.)']",2020-12-05T16:55:40.574000+00:00,Minutes of Houston Oil Company of Texas,"['Houston Oil Company of Texas', 'Board of Directors']",text,minutes_0041,https://api.library.tamu.edu/fcrepo/rest/3b/6f/c3/25/3b6fc325-f6ca-41d8-b91e-8c5db3be8c13/houston_oil_company_minutes_objects/60/pages/page_0/files/minutes_0041.jpg
"['Petroleum industry and trade', 'Minutes', 'History', 'Houston', 'Texas', '20th century.', 'Corporate minutes']","['Minute book, 1901-1908', ""Gift of Amanda and Ken Kellar '65"", 'The Cushing Library/Chapman Texas Collection copy is part of the Floyd & Louise Chapman Texas & Borderlands Collection.', 'Minutes are handwritten; index is typed.', 'First entry, July 9 1901 - last entry May 25, 1908.', 'Cover title.']","No copyright - United States; For more information, see:  http://rightsstatements.org/vocab/NoC-US/1.0/","['17 leaves (36 cm.)', '299 pages', '41 cm.']",2020-12-05T17:01:45.130000+00:00,Minutes of Houston Oil Company of Texas,"['Board of Directors', 'Houston Oil Company of Texas']",text,minutes_0303,https://api.library.tamu.edu/fcrepo/rest/3b/6f/c3/25/3b6fc325-f6ca-41d8-b91e-8c5db3be8c13/houston_oil_company_minutes_objects/322/pages/page_0/files/minutes_0303.jpg
"['History', 'Houston', 'Texas', '20th century.', 'Corporate minutes', 'Petroleum industry and trade', 'Minutes']","['Cover title.', 'Minute book, 1901-1908', ""Gift of Amanda and Ken Kellar '65"", 'The Cushing Library/Chapman Texas Collection copy is part of the Floyd & Louise Chapman Texas & Borderlands Collection.', 'Minutes are handwritten; index is typed.', 'First entry, July 9 1901 - last entry May 25, 1908.']","No copyright - United States; For more information, see:  http://rightsstatements.org/vocab/NoC-US/1.0/","['299 pages', '41 cm.', '17 leaves (36 cm.)']",2020-12-05T17:29:32.885000+00:00,Minutes of Houston Oil Company of Texas,"['Board of Directors', 'Houston Oil Company of Texas']",text,minutes_0104,https://api.library.tamu.edu/fcrepo/rest/3b/6f/c3/25/3b6fc325-f6ca-41d8-b91e-8c5db3be8c13/houston_oil_company_minutes_objects/123/pages/page_0/files/minutes_0104.jpg
"['Index', 'Texas', '20th century.', 'Corporate minutes', 'Petroleum industry and trade', 'History', 'Houston']","['Cover title.', 'Minute book, 1901-1908', ""Gift of Amanda and Ken Kellar '65"", 'The Cushing Library/Chapman Texas Collection copy is part of the Floyd & Louise Chapman Texas & Borderlands Collection.', 'Minutes are handwritten; index is typed.', 'First entry, July 9 1901 - last entry May 25, 1908.']","No copyright - United States; For more information, see:  http://rightsstatements.org/vocab/NoC-US/1.0/","['41 cm.', '17 leaves (36 cm.)', '299 pages']",2020-12-05T16:29:24.678000+00:00,Minutes of Houston Oil Company of Texas,"['Houston Oil Company of Texas', 'Board of Directors']",text,index_0010,https://api.library.tamu.edu/fcrepo/rest/3b/6f/c3/25/3b6fc325-f6ca-41d8-b91e-8c5db3be8c13/houston_oil_company_minutes_objects/11/pages/page_0/files/Index_0010.jpg
"['Houston', 'Texas', '20th century.', 'Corporate minutes', 'Petroleum industry and trade', 'Minutes', 'History']","['Cover title.', 'Minute book, 1901-1908', ""Gift of Amanda and Ken Kellar '65"", 'The Cushing Library/Chapman Texas Collection copy is part of the Floyd & Louise Chapman Texas & Borderlands Collection.', 'Minutes are handwritten; index is typed.', 'First entry, July 9 1901 - last entry May 25, 1908.']","No copyright - United States; For more information, see:  http://rightsstatements.org/vocab/NoC-US/1.0/","['41 cm.', '17 leaves (36 cm.)', '299 pages']",2020-12-05T16:34:56.029000+00:00,Minutes of Houston Oil Company of Texas,"['Houston Oil Company of Texas', 'Board of Directors']",text,minutes_0149,https://api.library.tamu.edu/fcrepo/rest/3b/6f/c3/25/3b6fc325-f6ca-41d8-b91e-8c5db3be8c13/houston_oil_company_minutes_objects/168/pages/page_0/files/minutes_0149.jpg
"['Houston', 'Texas', '20th century.', 'Corporate minutes', 'Petroleum industry and trade', 'Minutes', 'History']","['Cover title.', 'Minute book, 1901-1908', ""Gift of Amanda and Ken Kellar '65"", 'The Cushing Library/Chapman Texas Collection copy is part of the Floyd & Louise Chapman Texas & Borderlands Collection.', 'Minutes are handwritten; index is typed.', 'First entry, July 9 1901 - last entry May 25, 1908.']","No copyright - United States; For more information, see:  http://rightsstatements.org/vocab/NoC-US/1.0/","['41 cm.', '17 leaves (36 cm.)', '299 pages']",2020-12-05T16:39:59.263000+00:00,Minutes of Houston Oil Company of Texas,"['Houston Oil Company of Texas', 'Board of Directors']",text,minutes_0191,https://api.library.tamu.edu/fcrepo/rest/3b/6f/c3/25/3b6fc325-f6ca-41d8-b91e-8c5db3be8c13/houston_oil_company_minutes_objects/210/pages/page_0/files/minutes_0191.jpg
"['Texas', '20th century.', 'Corporate minutes', 'Petroleum industry and trade', 'Minutes', 'History', 'Houston']","['Cover title.', 'Minute book, 1901-1908', ""Gift of Amanda and Ken Kellar '65"", 'The Cushing Library/Chapman Texas Collection copy is part of the Floyd & Louise Chapman Texas & Borderlands Collection.', 'Minutes are handwritten; index is typed.', 'First entry, July 9 1901 - last entry May 25, 1908.']","No copyright - United States; For more information, see:  http://rightsstatements.org/vocab/NoC-US/1.0/","['41 cm.', '17 leaves (36 cm.)', '299 pages']",2020-12-05T17:12:47.074000+00:00,Minutes of Houston Oil Company of Texas,"['Houston Oil Company of Texas', 'Board of Directors']",text,minutes_0120,https://api.library.tamu.edu/fcrepo/rest/3b/6f/c3/25/3b6fc325-f6ca-41d8-b91e-8c5db3be8c13/houston_oil_company_minutes_objects/139/pages/page_0/files/minutes_0120.jpg
"['History', 'Houston', 'Texas', '20th century.', 'Corporate minutes', 'Petroleum industry and trade', 'Minutes']","[""Gift of Amanda and Ken Kellar '65"", 'The Cushing Library/Chapman Texas Collection copy is part of the Floyd & Louise Chapman Texas & Borderlands Collection.', 'Minutes are handwritten; index is typed.', 'First entry, July 9 1901 - last entry May 25, 1908.', 'Cover title.', 'Minute book, 1901-1908']","No copyright - United States; For more information, see:  http://rightsstatements.org/vocab/NoC-US/1.0/","['17 leaves (36 cm.)', '299 pages', '41 cm.']",2020-12-05T16:54:45.050000+00:00,Minutes of Houston Oil Company of Texas,"['Board of Directors', 'Houston Oil Company of Texas']",text,minutes_0037,https://api.library.tamu.edu/fcrepo/rest/3b/6f/c3/25/3b6fc325-f6ca-41d8-b91e-8c5db3be8c13/houston_oil_company_minutes_objects/56/pages/page_0/files/minutes_0037.jpg
"['Texas', '20th century.', 'Corporate minutes', 'Petroleum industry and trade', 'Minutes', 'History', 'Houston']","['Minute book, 1901-1908', ""Gift of Amanda and Ken Kellar '65"", 'The Cushing Library/Chapman Texas Collection copy is part of the Floyd & Louise Chapman Texas & Borderlands Collection.', 'Minutes are handwritten; index is typed.', 'First entry, July 9 1901 - last entry May 25, 1908.', 'Cover title.']","No copyright - United States; For more information, see:  http://rightsstatements.org/vocab/NoC-US/1.0/","['41 cm.', '17 leaves (36 cm.)', '299 pages']",2020-12-05T17:24:48.650000+00:00,Minutes of Houston Oil Company of Texas,"['Houston Oil Company of Texas', 'Board of Directors']",text,minutes_0272,https://api.library.tamu.edu/fcrepo/rest/3b/6f/c3/25/3b6fc325-f6ca-41d8-b91e-8c5db3be8c13/houston_oil_company_minutes_objects/291/pages/page_0/files/minutes_0272.jpg
"['History', 'Houston', 'Texas', '20th century.', 'Corporate minutes', 'Petroleum industry and trade', 'Minutes']","['First entry, July 9 1901 - last entry May 25, 1908.', 'Cover title.', 'Minute book, 1901-1908', ""Gift of Amanda and Ken Kellar '65"", 'The Cushing Library/Chapman Texas Collection copy is part of the Floyd & Louise Chapman Texas & Borderlands Collection.', 'Minutes are handwritten; index is typed.']","No copyright - United States; For more information, see:  http://rightsstatements.org/vocab/NoC-US/1.0/","['299 pages', '41 cm.', '17 leaves (36 cm.)']",2020-12-05T16:47:20.431000+00:00,Minutes of Houston Oil Company of Texas,"['Board of Directors', 'Houston Oil Company of Texas']",text,minutes_0008,https://api.library.tamu.edu/fcrepo/rest/3b/6f/c3/25/3b6fc325-f6ca-41d8-b91e-8c5db3be8c13/houston_oil_company_minutes_objects/27/pages/page_0/files/minutes_0008.jpg
"['History', 'Houston', 'Texas', '20th century.', 'Corporate minutes', 'Petroleum industry and trade', 'Minutes']","['Cover title.', 'Minute book, 1901-1908', ""Gift of Amanda and Ken Kellar '65"", 'The Cushing Library/Chapman Texas Collection copy is part of the Floyd & Louise Chapman Texas & Borderlands Collection.', 'Minutes are handwritten; index is typed.', 'First entry, July 9 1901 - last entry May 25, 1908.']","No copyright - United States; For more information, see:  http://rightsstatements.org/vocab/NoC-US/1.0/","['41 cm.', '17 leaves (36 cm.)', '299 pages']",2020-12-05T17:25:45.625000+00:00,Minutes of Houston Oil Company of Texas,"['Houston Oil Company of Texas', 'Board of Directors']",text,minutes_0236,https://api.library.tamu.edu/fcrepo/rest/3b/6f/c3/25/3b6fc325-f6ca-41d8-b91e-8c5db3be8c13/houston_oil_company_minutes_objects/255/pages/page_0/files/minutes_0236.jpg
"['Corporate minutes', 'Petroleum industry and trade', 'Minutes', 'History', 'Houston', 'Texas', '20th century.']","['Minute book, 1901-1908', ""Gift of Amanda and Ken Kellar '65"", 'The Cushing Library/Chapman Texas Collection copy is part of the Floyd & Louise Chapman Texas & Borderlands Collection.', 'Minutes are handwritten; index is typed.', 'First entry, July 9 1901 - last entry May 25, 1908.', 'Cover title.']","No copyright - United States; For more information, see:  http://rightsstatements.org/vocab/NoC-US/1.0/","['17 leaves (36 cm.)', '299 pages', '41 cm.']",2020-12-05T16:41:49.513000+00:00,Minutes of Houston Oil Company of Texas,"['Houston Oil Company of Texas', 'Board of Directors']",text,minutes_0207,https://api.library.tamu.edu/fcrepo/rest/3b/6f/c3/25/3b6fc325-f6ca-41d8-b91e-8c5db3be8c13/houston_oil_company_minutes_objects/226/pages/page_0/files/minutes_0207.jpg
"['Minutes', 'History', 'Houston', 'Texas', '20th century.', 'Corporate minutes', 'Petroleum industry and trade']","['Minute book, 1901-1908', ""Gift of Amanda and Ken Kellar '65"", 'The Cushing Library/Chapman Texas Collection copy is part of the Floyd & Louise Chapman Texas & Borderlands Collection.', 'Minutes are handwritten; index is typed.', 'First entry, July 9 1901 - last entry May 25, 1908.', 'Cover title.']","No copyright - United States; For more information, see:  http://rightsstatements.org/vocab/NoC-US/1.0/","['17 leaves (36 cm.)', '299 pages', '41 cm.']",2020-12-05T17:27:53.400000+00:00,Minutes of Houston Oil Company of Texas,"['Houston Oil Company of Texas', 'Board of Directors']",text,minutes_0292,https://api.library.tamu.edu/fcrepo/rest/3b/6f/c3/25/3b6fc325-f6ca-41d8-b91e-8c5db3be8c13/houston_oil_company_minutes_objects/311/pages/page_0/files/minutes_0292.jpg
"['History', 'Houston', 'Texas', '20th century.', 'Corporate minutes', 'Petroleum industry and trade', 'Minutes']","['Cover title.', 'Minute book, 1901-1908', ""Gift of Amanda and Ken Kellar '65"", 'The Cushing Library/Chapman Texas Collection copy is part of the Floyd & Louise Chapman Texas & Borderlands Collection.', 'Minutes are handwritten; index is typed.', 'First entry, July 9 1901 - last entry May 25, 1908.']","No copyright - United States; For more information, see:  http://rightsstatements.org/vocab/NoC-US/1.0/","['41 cm.', '17 leaves (36 cm.)', '299 pages']",2020-12-05T17:12:18.911000+00:00,Minutes of Houston Oil Company of Texas,"['Houston Oil Company of Texas', 'Board of Directors']",text,minutes_0089,https://api.library.tamu.edu/fcrepo/rest/3b/6f/c3/25/3b6fc325-f6ca-41d8-b91e-8c5db3be8c13/houston_oil_company_minutes_objects/108/pages/page_0/files/minutes_0089.jpg
"['20th century.', 'Corporate minutes', 'Petroleum industry and trade', 'Minutes', 'History', 'Houston', 'Texas']","['Minute book, 1901-1908', ""Gift of Amanda and Ken Kellar '65"", 'The Cushing Library/Chapman Texas Collection copy is part of the Floyd & Louise Chapman Texas & Borderlands Collection.', 'Minutes are handwritten; index is typed.', 'First entry, July 9 1901 - last entry May 25, 1908.', 'Cover title.']","No copyright - United States; For more information, see:  http://rightsstatements.org/vocab/NoC-US/1.0/","['17 leaves (36 cm.)', '299 pages', '41 cm.']",2020-12-05T16:58:27.413000+00:00,Minutes of Houston Oil Company of Texas,"['Houston Oil Company of Texas', 'Board of Directors']",text,minutes_0075,https://api.library.tamu.edu/fcrepo/rest/3b/6f/c3/25/3b6fc325-f6ca-41d8-b91e-8c5db3be8c13/houston_oil_company_minutes_objects/94/pages/page_0/files/minutes_0075.jpg
"['History', 'Houston', 'Texas', '20th century.', 'Corporate minutes', 'Petroleum industry and trade', 'Minutes']","['The Cushing Library/Chapman Texas Collection copy is part of the Floyd & Louise Chapman Texas & Borderlands Collection.', 'Minutes are handwritten; index is typed.', 'First entry, July 9 1901 - last entry May 25, 1908.', 'Cover title.', 'Minute book, 1901-1908', ""Gift of Amanda and Ken Kellar '65""]","No copyright - United States; For more information, see:  http://rightsstatements.org/vocab/NoC-US/1.0/","['17 leaves (36 cm.)', '299 pages', '41 cm.']",2020-12-05T16:38:09.106000+00:00,Minutes of Houston Oil Company of Texas,"['Board of Directors', 'Houston Oil Company of Texas']",text,minutes_0174,https://api.library.tamu.edu/fcrepo/rest/3b/6f/c3/25/3b6fc325-f6ca-41d8-b91e-8c5db3be8c13/houston_oil_company_minutes_objects/193/pages/page_0/files/minutes_0174.jpg
"['Petroleum industry and trade', 'Minutes', 'History', 'Houston', 'Texas', '20th century.', 'Corporate minutes']","['Minute book, 1901-1908', ""Gift of Amanda and Ken Kellar '65"", 'The Cushing Library/Chapman Texas Collection copy is part of the Floyd & Louise Chapman Texas & Borderlands Collection.', 'Minutes are handwritten; index is typed.', 'First entry, July 9 1901 - last entry May 25, 1908.', 'Cover title.']","No copyright - United States; For more information, see:  http://rightsstatements.org/vocab/NoC-US/1.0/","['17 leaves (36 cm.)', '299 pages', '41 cm.']",2020-12-05T17:19:36.696000+00:00,Minutes of Houston Oil Company of Texas,"['Houston Oil Company of Texas', 'Board of Directors']",text,minutes_0190,https://api.library.tamu.edu/fcrepo/rest/3b/6f/c3/25/3b6fc325-f6ca-41d8-b91e-8c5db3be8c13/houston_oil_company_minutes_objects/209/pages/page_0/files/minutes_0190.jpg
"['Corporate minutes', 'Petroleum industry and trade', 'Minutes', 'History', 'Houston', 'Texas', '20th century.']","['Minute book, 1901-1908', ""Gift of Amanda and Ken Kellar '65"", 'The Cushing Library/Chapman Texas Collection copy is part of the Floyd & Louise Chapman Texas & Borderlands Collection.', 'Minutes are handwritten; index is typed.', 'First entry, July 9 1901 - last entry May 25, 1908.', 'Cover title.']","No copyright - United States; For more information, see:  http://rightsstatements.org/vocab/NoC-US/1.0/","['17 leaves (36 cm.)', '299 pages', '41 cm.']",2020-12-05T16:54:03.323000+00:00,Minutes of Houston Oil Company of Texas,"['Houston Oil Company of Texas', 'Board of Directors']",text,minutes_0026,https://api.library.tamu.edu/fcrepo/rest/3b/6f/c3/25/3b6fc325-f6ca-41d8-b91e-8c5db3be8c13/houston_oil_company_minutes_objects/45/pages/page_0/files/minutes_0026.jpg
"['History', 'Houston', 'Texas', '20th century.', 'Corporate minutes', 'Petroleum industry and trade', 'Minutes']","['Cover title.', 'Minute book, 1901-1908', ""Gift of Amanda and Ken Kellar '65"", 'The Cushing Library/Chapman Texas Collection copy is part of the Floyd & Louise Chapman Texas & Borderlands Collection.', 'Minutes are handwritten; index is typed.', 'First entry, July 9 1901 - last entry May 25, 1908.']","No copyright - United States; For more information, see:  http://rightsstatements.org/vocab/NoC-US/1.0/","['299 pages', '41 cm.', '17 leaves (36 cm.)']",2020-12-05T16:48:43.404000+00:00,Minutes of Houston Oil Company of Texas,"['Houston Oil Company of Texas', 'Board of Directors']",text,minutes_0261,https://api.library.tamu.edu/fcrepo/rest/3b/6f/c3/25/3b6fc325-f6ca-41d8-b91e-8c5db3be8c13/houston_oil_company_minutes_objects/280/pages/page_0/files/minutes_0261.jpg
"['History', 'Houston', 'Texas', '20th century.', 'Corporate minutes', 'Petroleum industry and trade', 'Minutes']","['The Cushing Library/Chapman Texas Collection copy is part of the Floyd & Louise Chapman Texas & Borderlands Collection.', 'Minutes are handwritten; index is typed.', 'First entry, July 9 1901 - last entry May 25, 1908.', 'Cover title.', 'Minute book, 1901-1908', ""Gift of Amanda and Ken Kellar '65""]","No copyright - United States; For more information, see:  http://rightsstatements.org/vocab/NoC-US/1.0/","['299 pages', '41 cm.', '17 leaves (36 cm.)']",2020-12-05T17:15:08.433000+00:00,Minutes of Houston Oil Company of Texas,"['Houston Oil Company of Texas', 'Board of Directors']",text,minutes_0044,https://api.library.tamu.edu/fcrepo/rest/3b/6f/c3/25/3b6fc325-f6ca-41d8-b91e-8c5db3be8c13/houston_oil_company_minutes_objects/63/pages/page_0/files/minutes_0044.jpg
"['Texas', '20th century.', 'Corporate minutes', 'Petroleum industry and trade', 'Minutes', 'History', 'Houston']","['Cover title.', 'Minute book, 1901-1908', ""Gift of Amanda and Ken Kellar '65"", 'The Cushing Library/Chapman Texas Collection copy is part of the Floyd & Louise Chapman Texas & Borderlands Collection.', 'Minutes are handwritten; index is typed.', 'First entry, July 9 1901 - last entry May 25, 1908.']","No copyright - United States; For more information, see:  http://rightsstatements.org/vocab/NoC-US/1.0/","['41 cm.', '17 leaves (36 cm.)', '299 pages']",2020-12-05T17:25:02.780000+00:00,Minutes of Houston Oil Company of Texas,"['Houston Oil Company of Texas', 'Board of Directors']",text,minutes_0277,https://api.library.tamu.edu/fcrepo/rest/3b/6f/c3/25/3b6fc325-f6ca-41d8-b91e-8c5db3be8c13/houston_oil_company_minutes_objects/296/pages/page_0/files/minutes_0277.jpg
"['Texas', '20th century.', 'Corporate minutes', 'Petroleum industry and trade', 'Minutes', 'History', 'Houston']","['Cover title.', 'Minute book, 1901-1908', ""Gift of Amanda and Ken Kellar '65"", 'The Cushing Library/Chapman Texas Collection copy is part of the Floyd & Louise Chapman Texas & Borderlands Collection.', 'Minutes are handwritten; index is typed.', 'First entry, July 9 1901 - last entry May 25, 1908.']","No copyright - United States; For more information, see:  http://rightsstatements.org/vocab/NoC-US/1.0/","['41 cm.', '17 leaves (36 cm.)', '299 pages']",2020-12-05T17:04:48.081000+00:00,Minutes of Houston Oil Company of Texas,"['Houston Oil Company of Texas', 'Board of Directors']",text,minutes_0143,https://api.library.tamu.edu/fcrepo/rest/3b/6f/c3/25/3b6fc325-f6ca-41d8-b91e-8c5db3be8c13/houston_oil_company_minutes_objects/162/pages/page_0/files/minutes_0143.jpg
"['Petroleum industry and trade', 'Minutes', 'History', 'Houston', 'Texas', '20th century.', 'Corporate minutes']","[""Gift of Amanda and Ken Kellar '65"", 'The Cushing Library/Chapman Texas Collection copy is part of the Floyd & Louise Chapman Texas & Borderlands Collection.', 'Minutes are handwritten; index is typed.', 'First entry, July 9 1901 - last entry May 25, 1908.', 'Cover title.', 'Minute book, 1901-1908']","No copyright - United States; For more information, see:  http://rightsstatements.org/vocab/NoC-US/1.0/","['17 leaves (36 cm.)', '299 pages', '41 cm.']",2020-12-05T17:01:17.015000+00:00,Minutes of Houston Oil Company of Texas,"['Houston Oil Company of Texas', 'Board of Directors']",text,minutes_0107,https://api.library.tamu.edu/fcrepo/rest/3b/6f/c3/25/3b6fc325-f6ca-41d8-b91e-8c5db3be8c13/houston_oil_company_minutes_objects/126/pages/page_0/files/minutes_0107.jpg
"['Index', 'Texas', '20th century.', 'Corporate minutes', 'Petroleum industry and trade', 'History', 'Houston']","['Cover title.', 'Minute book, 1901-1908', ""Gift of Amanda and Ken Kellar '65"", 'The Cushing Library/Chapman Texas Collection copy is part of the Floyd & Louise Chapman Texas & Borderlands Collection.', 'Minutes are handwritten; index is typed.', 'First entry, July 9 1901 - last entry May 25, 1908.']","No copyright - United States; For more information, see:  http://rightsstatements.org/vocab/NoC-US/1.0/","['41 cm.', '17 leaves (36 cm.)', '299 pages']",2020-12-05T17:38:05.815000+00:00,Minutes of Houston Oil Company of Texas,"['Houston Oil Company of Texas', 'Board of Directors']",text,index_0013,https://api.library.tamu.edu/fcrepo/rest/3b/6f/c3/25/3b6fc325-f6ca-41d8-b91e-8c5db3be8c13/houston_oil_company_minutes_objects/14/pages/page_0/files/Index_0013.jpg
"['History', 'Houston', 'Texas', '20th century.', 'Corporate minutes', 'Petroleum industry and trade', 'Minutes']","[""Gift of Amanda and Ken Kellar '65"", 'The Cushing Library/Chapman Texas Collection copy is part of the Floyd & Louise Chapman Texas & Borderlands Collection.', 'Minutes are handwritten; index is typed.', 'First entry, July 9 1901 - last entry May 25, 1908.', 'Cover title.', 'Minute book, 1901-1908']","No copyright - United States; For more information, see:  http://rightsstatements.org/vocab/NoC-US/1.0/","['17 leaves (36 cm.)', '299 pages', '41 cm.']",2020-12-05T17:19:50.747000+00:00,Minutes of Houston Oil Company of Texas,"['Board of Directors', 'Houston Oil Company of Texas']",text,minutes_0194,https://api.library.tamu.edu/fcrepo/rest/3b/6f/c3/25/3b6fc325-f6ca-41d8-b91e-8c5db3be8c13/houston_oil_company_minutes_objects/213/pages/page_0/files/minutes_0194.jpg
"['History', 'Houston', 'Texas', '20th century.', 'Corporate minutes', 'Petroleum industry and trade', 'Minutes']","[""Gift of Amanda and Ken Kellar '65"", 'The Cushing Library/Chapman Texas Collection copy is part of the Floyd & Louise Chapman Texas & Borderlands Collection.', 'Minutes are handwritten; index is typed.', 'First entry, July 9 1901 - last entry May 25, 1908.', 'Cover title.', 'Minute book, 1901-1908']","No copyright - United States; For more information, see:  http://rightsstatements.org/vocab/NoC-US/1.0/","['17 leaves (36 cm.)', '299 pages', '41 cm.']",2020-12-05T16:42:30.817000+00:00,Minutes of Houston Oil Company of Texas,"['Board of Directors', 'Houston Oil Company of Texas']",text,minutes_0210,https://api.library.tamu.edu/fcrepo/rest/3b/6f/c3/25/3b6fc325-f6ca-41d8-b91e-8c5db3be8c13/houston_oil_company_minutes_objects/229/pages/page_0/files/minutes_0210.jpg
"['History', 'Houston', 'Texas', '20th century.', 'Corporate minutes', 'Petroleum industry and trade', 'Minutes']","['Minutes are handwritten; index is typed.', 'First entry, July 9 1901 - last entry May 25, 1908.', 'Cover title.', 'Minute book, 1901-1908', ""Gift of Amanda and Ken Kellar '65"", 'The Cushing Library/Chapman Texas Collection copy is part of the Floyd & Louise Chapman Texas & Borderlands Collection.']","No copyright - United States; For more information, see:  http://rightsstatements.org/vocab/NoC-US/1.0/","['299 pages', '41 cm.', '17 leaves (36 cm.)']",2020-12-05T16:36:32.576000+00:00,Minutes of Houston Oil Company of Texas,"['Houston Oil Company of Texas', 'Board of Directors']",text,minutes_0161,https://api.library.tamu.edu/fcrepo/rest/3b/6f/c3/25/3b6fc325-f6ca-41d8-b91e-8c5db3be8c13/houston_oil_company_minutes_objects/180/pages/page_0/files/minutes_0161.jpg
"['Texas', '20th century.', 'Corporate minutes', 'Petroleum industry and trade', 'Minutes', 'History', 'Houston']","['Minute book, 1901-1908', ""Gift of Amanda and Ken Kellar '65"", 'The Cushing Library/Chapman Texas Collection copy is part of the Floyd & Louise Chapman Texas & Borderlands Collection.', 'Minutes are handwritten; index is typed.', 'First entry, July 9 1901 - last entry May 25, 1908.', 'Cover title.']","No copyright - United States; For more information, see:  http://rightsstatements.org/vocab/NoC-US/1.0/","['41 cm.', '17 leaves (36 cm.)', '299 pages']",2020-12-05T17:01:31.046000+00:00,Minutes of Houston Oil Company of Texas,"['Houston Oil Company of Texas', 'Board of Directors']",text,minutes_0295,https://api.library.tamu.edu/fcrepo/rest/3b/6f/c3/25/3b6fc325-f6ca-41d8-b91e-8c5db3be8c13/houston_oil_company_minutes_objects/314/pages/page_0/files/minutes_0295.jpg
"['20th century.', 'Corporate minutes', 'Petroleum industry and trade', 'Minutes', 'Texas', 'History', 'Houston']","['Minute book, 1901-1908', ""Gift of Amanda and Ken Kellar '65"", 'Minutes are handwritten; index is typed.', 'The Cushing Library/Chapman Texas Collection copy is part of the Floyd & Louise Chapman Texas & Borderlands Collection.', 'First entry, July 9 1901 - last entry May 25, 1908.', 'Cover title.']","No copyright - United States; For more information, see:  http://rightsstatements.org/vocab/NoC-US/1.0/","['17 leaves (36 cm.)', '299 pages', '41 cm.']",2020-12-05T16:32:38.784000+00:00,Minutes of Houston Oil Company of Texas,"['Houston Oil Company of Texas', 'Board of Directors']",text,minutes_0132,https://api.library.tamu.edu/fcrepo/rest/3b/6f/c3/25/3b6fc325-f6ca-41d8-b91e-8c5db3be8c13/houston_oil_company_minutes_objects/151/pages/page_0/files/minutes_0132.jpg
"['History', 'Houston', 'Texas', '20th century.', 'Corporate minutes', 'Petroleum industry and trade', 'Minutes']","['Cover title.', 'Minute book, 1901-1908', ""Gift of Amanda and Ken Kellar '65"", 'The Cushing Library/Chapman Texas Collection copy is part of the Floyd & Louise Chapman Texas & Borderlands Collection.', 'Minutes are handwritten; index is typed.', 'First entry, July 9 1901 - last entry May 25, 1908.']","No copyright - United States; For more information, see:  http://rightsstatements.org/vocab/NoC-US/1.0/","['41 cm.', '17 leaves (36 cm.)', '299 pages']",2020-12-05T17:13:43.516000+00:00,Minutes of Houston Oil Company of Texas,"['Houston Oil Company of Texas', 'Board of Directors']",text,minutes_0078,https://api.library.tamu.edu/fcrepo/rest/3b/6f/c3/25/3b6fc325-f6ca-41d8-b91e-8c5db3be8c13/houston_oil_company_minutes_objects/97/pages/page_0/files/minutes_0078.jpg
"['History', 'Houston', 'Texas', '20th century.', 'Corporate minutes', 'Petroleum industry and trade', 'Minutes']","['First entry, July 9 1901 - last entry May 25, 1908.', 'Cover title.', 'Minute book, 1901-1908', ""Gift of Amanda and Ken Kellar '65"", 'The Cushing Library/Chapman Texas Collection copy is part of the Floyd & Louise Chapman Texas & Borderlands Collection.', 'Minutes are handwritten; index is typed.']","No copyright - United States; For more information, see:  http://rightsstatements.org/vocab/NoC-US/1.0/","['299 pages', '41 cm.', '17 leaves (36 cm.)']",2020-12-05T17:05:30.185000+00:00,Minutes of Houston Oil Company of Texas,"['Board of Directors', 'Houston Oil Company of Texas']",text,minutes_0177,https://api.library.tamu.edu/fcrepo/rest/3b/6f/c3/25/3b6fc325-f6ca-41d8-b91e-8c5db3be8c13/houston_oil_company_minutes_objects/196/pages/page_0/files/minutes_0177.jpg
"['Petroleum industry and trade', 'Minutes', 'History', 'Houston', 'Texas', '20th century.', 'Corporate minutes']","['Minute book, 1901-1908', ""Gift of Amanda and Ken Kellar '65"", 'The Cushing Library/Chapman Texas Collection copy is part of the Floyd & Louise Chapman Texas & Borderlands Collection.', 'Minutes are handwritten; index is typed.', 'First entry, July 9 1901 - last entry May 25, 1908.', 'Cover title.']","No copyright - United States; For more information, see:  http://rightsstatements.org/vocab/NoC-US/1.0/","['17 leaves (36 cm.)', '299 pages', '41 cm.']",2020-12-05T17:30:44.377000+00:00,Minutes of Houston Oil Company of Texas,"['Houston Oil Company of Texas', 'Board of Directors']",text,minutes_0029,https://api.library.tamu.edu/fcrepo/rest/3b/6f/c3/25/3b6fc325-f6ca-41d8-b91e-8c5db3be8c13/houston_oil_company_minutes_objects/48/pages/page_0/files/minutes_0029.jpg
"['Petroleum industry and trade', 'Minutes', 'History', 'Houston', 'Texas', '20th century.', 'Corporate minutes']","['Minute book, 1901-1908', ""Gift of Amanda and Ken Kellar '65"", 'The Cushing Library/Chapman Texas Collection copy is part of the Floyd & Louise Chapman Texas & Borderlands Collection.', 'Minutes are handwritten; index is typed.', 'First entry, July 9 1901 - last entry May 25, 1908.', 'Cover title.']","No copyright - United States; For more information, see:  http://rightsstatements.org/vocab/NoC-US/1.0/","['17 leaves (36 cm.)', '299 pages', '41 cm.']",2020-12-05T17:17:29.723000+00:00,Minutes of Houston Oil Company of Texas,"['Houston Oil Company of Texas', 'Board of Directors']",text,minutes_0264,https://api.library.tamu.edu/fcrepo/rest/3b/6f/c3/25/3b6fc325-f6ca-41d8-b91e-8c5db3be8c13/houston_oil_company_minutes_objects/283/pages/page_0/files/minutes_0264.jpg
"['Petroleum industry and trade', 'History', 'Houston', 'Index', 'Texas', '20th century.', 'Corporate minutes']","['Minute book, 1901-1908', ""Gift of Amanda and Ken Kellar '65"", 'The Cushing Library/Chapman Texas Collection copy is part of the Floyd & Louise Chapman Texas & Borderlands Collection.', 'Minutes are handwritten; index is typed.', 'First entry, July 9 1901 - last entry May 25, 1908.', 'Cover title.']","No copyright - United States; For more information, see:  http://rightsstatements.org/vocab/NoC-US/1.0/","['17 leaves (36 cm.)', '299 pages', '41 cm.']",2020-12-05T16:37:41.703000+00:00,Minutes of Houston Oil Company of Texas,"['Houston Oil Company of Texas', 'Board of Directors']",text,index_0018,https://api.library.tamu.edu/fcrepo/rest/3b/6f/c3/25/3b6fc325-f6ca-41d8-b91e-8c5db3be8c13/houston_oil_company_minutes_objects/19/pages/page_0/files/Index_0018.jpg
"['Texas', '20th century.', 'Corporate minutes', 'Petroleum industry and trade', 'Minutes', 'History', 'Houston']","['Cover title.', 'Minute book, 1901-1908', ""Gift of Amanda and Ken Kellar '65"", 'The Cushing Library/Chapman Texas Collection copy is part of the Floyd & Louise Chapman Texas & Borderlands Collection.', 'Minutes are handwritten; index is typed.', 'First entry, July 9 1901 - last entry May 25, 1908.']","No copyright - United States; For more information, see:  http://rightsstatements.org/vocab/NoC-US/1.0/","['17 leaves (36 cm.)', '299 pages', '41 cm.']",2020-12-05T17:34:31.577000+00:00,Minutes of Houston Oil Company of Texas,"['Houston Oil Company of Texas', 'Board of Directors']",text,minutes_0298,https://api.library.tamu.edu/fcrepo/rest/3b/6f/c3/25/3b6fc325-f6ca-41d8-b91e-8c5db3be8c13/houston_oil_company_minutes_objects/317/pages/page_0/files/minutes_0298.jpg
"['Texas', '20th century.', 'Corporate minutes', 'Petroleum industry and trade', 'Minutes', 'History', 'Houston']","['Minute book, 1901-1908', ""Gift of Amanda and Ken Kellar '65"", 'The Cushing Library/Chapman Texas Collection copy is part of the Floyd & Louise Chapman Texas & Borderlands Collection.', 'Minutes are handwritten; index is typed.', 'First entry, July 9 1901 - last entry May 25, 1908.', 'Cover title.']","No copyright - United States; For more information, see:  http://rightsstatements.org/vocab/NoC-US/1.0/","['41 cm.', '17 leaves (36 cm.)', '299 pages']",2020-12-05T17:40:43.433000+00:00,Minutes of Houston Oil Company of Texas,"['Houston Oil Company of Texas', 'Board of Directors']",text,minutes_0166,https://api.library.tamu.edu/fcrepo/rest/3b/6f/c3/25/3b6fc325-f6ca-41d8-b91e-8c5db3be8c13/houston_oil_company_minutes_objects/185/pages/page_0/files/minutes_0166.jpg
"['Texas', '20th century.', 'Corporate minutes', 'Petroleum industry and trade', 'Minutes', 'History', 'Houston']","['Cover title.', 'Minute book, 1901-1908', ""Gift of Amanda and Ken Kellar '65"", 'The Cushing Library/Chapman Texas Collection copy is part of the Floyd & Louise Chapman Texas & Borderlands Collection.', 'Minutes are handwritten; index is typed.', 'First entry, July 9 1901 - last entry May 25, 1908.']","No copyright - United States; For more information, see:  http://rightsstatements.org/vocab/NoC-US/1.0/","['41 cm.', '17 leaves (36 cm.)', '299 pages']",2020-12-05T16:47:34.196000+00:00,Minutes of Houston Oil Company of Texas,"['Houston Oil Company of Texas', 'Board of Directors']",text,minutes_0253,https://api.library.tamu.edu/fcrepo/rest/3b/6f/c3/25/3b6fc325-f6ca-41d8-b91e-8c5db3be8c13/houston_oil_company_minutes_objects/272/pages/page_0/files/minutes_0253.jpg
"['History', 'Houston', 'Texas', '20th century.', 'Corporate minutes', 'Petroleum industry and trade', 'Minutes']","['The Cushing Library/Chapman Texas Collection copy is part of the Floyd & Louise Chapman Texas & Borderlands Collection.', 'Minutes are handwritten; index is typed.', 'First entry, July 9 1901 - last entry May 25, 1908.', 'Cover title.', 'Minute book, 1901-1908', ""Gift of Amanda and Ken Kellar '65""]","No copyright - United States; For more information, see:  http://rightsstatements.org/vocab/NoC-US/1.0/","['299 pages', '17 leaves (36 cm.)', '41 cm.']",2020-12-05T17:09:29.705000+00:00,Minutes of Houston Oil Company of Texas,"['Board of Directors', 'Houston Oil Company of Texas']",text,minutes_0034,https://api.library.tamu.edu/fcrepo/rest/3b/6f/c3/25/3b6fc325-f6ca-41d8-b91e-8c5db3be8c13/houston_oil_company_minutes_objects/53/pages/page_0/files/minutes_0034.jpg
"['Texas', '20th century.', 'Corporate minutes', 'Petroleum industry and trade', 'Minutes', 'History', 'Houston']","['Cover title.', 'Minute book, 1901-1908', ""Gift of Amanda and Ken Kellar '65"", 'The Cushing Library/Chapman Texas Collection copy is part of the Floyd & Louise Chapman Texas & Borderlands Collection.', 'Minutes are handwritten; index is typed.', 'First entry, July 9 1901 - last entry May 25, 1908.']","No copyright - United States; For more information, see:  http://rightsstatements.org/vocab/NoC-US/1.0/","['41 cm.', '17 leaves (36 cm.)', '299 pages']",2020-12-05T16:49:10.957000+00:00,Minutes of Houston Oil Company of Texas,"['Houston Oil Company of Texas', 'Board of Directors']",text,minutes_0267,https://api.library.tamu.edu/fcrepo/rest/3b/6f/c3/25/3b6fc325-f6ca-41d8-b91e-8c5db3be8c13/houston_oil_company_minutes_objects/286/pages/page_0/files/minutes_0267.jpg
"['History', 'Houston', 'Texas', '20th century.', 'Corporate minutes', 'Petroleum industry and trade', 'Minutes']","['Minute book, 1901-1908', ""Gift of Amanda and Ken Kellar '65"", 'The Cushing Library/Chapman Texas Collection copy is part of the Floyd & Louise Chapman Texas & Borderlands Collection.', 'Minutes are handwritten; index is typed.', 'First entry, July 9 1901 - last entry May 25, 1908.', 'Cover title.']","No copyright - United States; For more information, see:  http://rightsstatements.org/vocab/NoC-US/1.0/","['17 leaves (36 cm.)', '299 pages', '41 cm.']",2020-12-05T16:41:08.081000+00:00,Minutes of Houston Oil Company of Texas,"['Houston Oil Company of Texas', 'Board of Directors']",text,minutes_0200,https://api.library.tamu.edu/fcrepo/rest/3b/6f/c3/25/3b6fc325-f6ca-41d8-b91e-8c5db3be8c13/houston_oil_company_minutes_objects/219/pages/page_0/files/minutes_0200.jpg
"['Petroleum industry and trade', 'Minutes', 'History', 'Houston', 'Texas', '20th century.', 'Corporate minutes']","['Minute book, 1901-1908', ""Gift of Amanda and Ken Kellar '65"", 'The Cushing Library/Chapman Texas Collection copy is part of the Floyd & Louise Chapman Texas & Borderlands Collection.', 'Minutes are handwritten; index is typed.', 'First entry, July 9 1901 - last entry May 25, 1908.', 'Cover title.']","No copyright - United States; For more information, see:  http://rightsstatements.org/vocab/NoC-US/1.0/","['17 leaves (36 cm.)', '299 pages', '41 cm.']",2020-12-05T16:53:49.487000+00:00,Minutes of Houston Oil Company of Texas,"['Board of Directors', 'Houston Oil Company of Texas']",text,minutes_0023,https://api.library.tamu.edu/fcrepo/rest/3b/6f/c3/25/3b6fc325-f6ca-41d8-b91e-8c5db3be8c13/houston_oil_company_minutes_objects/42/pages/page_0/files/minutes_0023.jpg
"['Corporate minutes', 'Petroleum industry and trade', 'Minutes', 'History', 'Houston', 'Texas', '20th century.']","['Minute book, 1901-1908', ""Gift of Amanda and Ken Kellar '65"", 'The Cushing Library/Chapman Texas Collection copy is part of the Floyd & Louise Chapman Texas & Borderlands Collection.', 'Minutes are handwritten; index is typed.', 'First entry, July 9 1901 - last entry May 25, 1908.', 'Cover title.']","No copyright - United States; For more information, see:  http://rightsstatements.org/vocab/NoC-US/1.0/","['17 leaves (36 cm.)', '299 pages', '41 cm.']",2020-12-05T17:07:08.803000+00:00,Minutes of Houston Oil Company of Texas,"['Houston Oil Company of Texas', 'Board of Directors']",text,minutes_0285,https://api.library.tamu.edu/fcrepo/rest/3b/6f/c3/25/3b6fc325-f6ca-41d8-b91e-8c5db3be8c13/houston_oil_company_minutes_objects/304/pages/page_0/files/minutes_0285.jpg
"['History', 'Houston', 'Texas', '20th century.', 'Corporate minutes', 'Petroleum industry and trade', 'Minutes']","['The Cushing Library/Chapman Texas Collection copy is part of the Floyd & Louise Chapman Texas & Borderlands Collection.', 'Minutes are handwritten; index is typed.', 'First entry, July 9 1901 - last entry May 25, 1908.', 'Cover title.', 'Minute book, 1901-1908', ""Gift of Amanda and Ken Kellar '65""]","No copyright - United States; For more information, see:  http://rightsstatements.org/vocab/NoC-US/1.0/","['299 pages', '41 cm.', '17 leaves (36 cm.)']",2020-12-05T17:31:27.033000+00:00,Minutes of Houston Oil Company of Texas,"['Board of Directors', 'Houston Oil Company of Texas']",text,minutes_0122,https://api.library.tamu.edu/fcrepo/rest/3b/6f/c3/25/3b6fc325-f6ca-41d8-b91e-8c5db3be8c13/houston_oil_company_minutes_objects/141/pages/page_0/files/minutes_0122.jpg
"['20th century.', 'Corporate minutes', 'Petroleum industry and trade', 'Minutes', 'History', 'Houston', 'Texas']","['Minute book, 1901-1908', ""Gift of Amanda and Ken Kellar '65"", 'The Cushing Library/Chapman Texas Collection copy is part of the Floyd & Louise Chapman Texas & Borderlands Collection.', 'Minutes are handwritten; index is typed.', 'First entry, July 9 1901 - last entry May 25, 1908.', 'Cover title.']","No copyright - United States; For more information, see:  http://rightsstatements.org/vocab/NoC-US/1.0/","['41 cm.', '17 leaves (36 cm.)', '299 pages']",2020-12-05T16:35:37.635000+00:00,Minutes of Houston Oil Company of Texas,"['Houston Oil Company of Texas', 'Board of Directors']",text,minutes_0153,https://api.library.tamu.edu/fcrepo/rest/3b/6f/c3/25/3b6fc325-f6ca-41d8-b91e-8c5db3be8c13/houston_oil_company_minutes_objects/172/pages/page_0/files/minutes_0153.jpg
"['Texas', '20th century.', 'Corporate minutes', 'Petroleum industry and trade', 'Minutes', 'History', 'Houston']","['Cover title.', 'Minute book, 1901-1908', ""Gift of Amanda and Ken Kellar '65"", 'The Cushing Library/Chapman Texas Collection copy is part of the Floyd & Louise Chapman Texas & Borderlands Collection.', 'Minutes are handwritten; index is typed.', 'First entry, July 9 1901 - last entry May 25, 1908.']","No copyright - United States; For more information, see:  http://rightsstatements.org/vocab/NoC-US/1.0/","['17 leaves (36 cm.)', '299 pages', '41 cm.']",2020-12-05T16:33:06.167000+00:00,Minutes of Houston Oil Company of Texas,"['Houston Oil Company of Texas', 'Board of Directors']",text,minutes_0138,https://api.library.tamu.edu/fcrepo/rest/3b/6f/c3/25/3b6fc325-f6ca-41d8-b91e-8c5db3be8c13/houston_oil_company_minutes_objects/157/pages/page_0/files/minutes_0138.jpg
"['History', 'Houston', 'Texas', '20th century.', 'Corporate minutes', 'Petroleum industry and trade', 'Minutes']","['The Cushing Library/Chapman Texas Collection copy is part of the Floyd & Louise Chapman Texas & Borderlands Collection.', 'Minutes are handwritten; index is typed.', 'First entry, July 9 1901 - last entry May 25, 1908.', 'Cover title.', 'Minute book, 1901-1908', ""Gift of Amanda and Ken Kellar '65""]","No copyright - United States; For more information, see:  http://rightsstatements.org/vocab/NoC-US/1.0/","['299 pages', '41 cm.', '17 leaves (36 cm.)']",2020-12-05T16:37:14.059000+00:00,Minutes of Houston Oil Company of Texas,"['Houston Oil Company of Texas', 'Board of Directors']",text,minutes_0169,https://api.library.tamu.edu/fcrepo/rest/3b/6f/c3/25/3b6fc325-f6ca-41d8-b91e-8c5db3be8c13/houston_oil_company_minutes_objects/188/pages/page_0/files/minutes_0169.jpg
"['History', 'Houston', 'Texas', '20th century.', 'Corporate minutes', 'Petroleum industry and trade', 'Minutes']","['The Cushing Library/Chapman Texas Collection copy is part of the Floyd & Louise Chapman Texas & Borderlands Collection.', 'Minutes are handwritten; index is typed.', 'First entry, July 9 1901 - last entry May 25, 1908.', 'Cover title.', 'Minute book, 1901-1908', ""Gift of Amanda and Ken Kellar '65""]","No copyright - United States; For more information, see:  http://rightsstatements.org/vocab/NoC-US/1.0/","['17 leaves (36 cm.)', '299 pages', '41 cm.']",2020-12-05T17:35:00.112000+00:00,Minutes of Houston Oil Company of Texas,"['Board of Directors', 'Houston Oil Company of Texas']",text,minutes_0057,https://api.library.tamu.edu/fcrepo/rest/3b/6f/c3/25/3b6fc325-f6ca-41d8-b91e-8c5db3be8c13/houston_oil_company_minutes_objects/76/pages/page_0/files/minutes_0057.jpg
"['History', 'Houston', 'Texas', '20th century.', 'Corporate minutes', 'Petroleum industry and trade', 'Minutes']","['The Cushing Library/Chapman Texas Collection copy is part of the Floyd & Louise Chapman Texas & Borderlands Collection.', 'Minutes are handwritten; index is typed.', 'First entry, July 9 1901 - last entry May 25, 1908.', 'Cover title.', 'Minute book, 1901-1908', ""Gift of Amanda and Ken Kellar '65""]","No copyright - United States; For more information, see:  http://rightsstatements.org/vocab/NoC-US/1.0/","['299 pages', '41 cm.', '17 leaves (36 cm.)']",2020-12-05T16:44:07.322000+00:00,Minutes of Houston Oil Company of Texas,"['Houston Oil Company of Texas', 'Board of Directors']",text,minutes_0225,https://api.library.tamu.edu/fcrepo/rest/3b/6f/c3/25/3b6fc325-f6ca-41d8-b91e-8c5db3be8c13/houston_oil_company_minutes_objects/244/pages/page_0/files/minutes_0225.jpg
"['Petroleum industry and trade', 'Minutes', 'History', 'Houston', 'Texas', '20th century.', 'Corporate minutes']","['Minute book, 1901-1908', ""Gift of Amanda and Ken Kellar '65"", 'The Cushing Library/Chapman Texas Collection copy is part of the Floyd & Louise Chapman Texas & Borderlands Collection.', 'Minutes are handwritten; index is typed.', 'First entry, July 9 1901 - last entry May 25, 1908.', 'Cover title.']","No copyright - United States; For more information, see:  http://rightsstatements.org/vocab/NoC-US/1.0/","['17 leaves (36 cm.)', '299 pages', '41 cm.']",2020-12-05T17:00:34.589000+00:00,Minutes of Houston Oil Company of Texas,"['Board of Directors', 'Houston Oil Company of Texas']",text,minutes_0091,https://api.library.tamu.edu/fcrepo/rest/3b/6f/c3/25/3b6fc325-f6ca-41d8-b91e-8c5db3be8c13/houston_oil_company_minutes_objects/110/pages/page_0/files/minutes_0091.jpg
"['20th century.', 'Corporate minutes', 'Petroleum industry and trade', 'Minutes', 'History', 'Houston', 'Texas']","['Minute book, 1901-1908', ""Gift of Amanda and Ken Kellar '65"", 'The Cushing Library/Chapman Texas Collection copy is part of the Floyd & Louise Chapman Texas & Borderlands Collection.', 'Minutes are handwritten; index is typed.', 'First entry, July 9 1901 - last entry May 25, 1908.', 'Cover title.']","No copyright - United States; For more information, see:  http://rightsstatements.org/vocab/NoC-US/1.0/","['17 leaves (36 cm.)', '299 pages', '41 cm.']",2020-12-05T16:49:52.353000+00:00,Minutes of Houston Oil Company of Texas,"['Houston Oil Company of Texas', 'Board of Directors']",text,minutes_0270,https://api.library.tamu.edu/fcrepo/rest/3b/6f/c3/25/3b6fc325-f6ca-41d8-b91e-8c5db3be8c13/houston_oil_company_minutes_objects/289/pages/page_0/files/minutes_0270.jpg
"['History', 'Houston', 'Texas', '20th century.', 'Corporate minutes', 'Petroleum industry and trade', 'Minutes']","['The Cushing Library/Chapman Texas Collection copy is part of the Floyd & Louise Chapman Texas & Borderlands Collection.', 'Minutes are handwritten; index is typed.', 'First entry, July 9 1901 - last entry May 25, 1908.', 'Cover title.', 'Minute book, 1901-1908', ""Gift of Amanda and Ken Kellar '65""]","No copyright - United States; For more information, see:  http://rightsstatements.org/vocab/NoC-US/1.0/","['299 pages', '41 cm.', '17 leaves (36 cm.)']",2020-12-05T16:52:12.480000+00:00,Minutes of Houston Oil Company of Texas,"['Board of Directors', 'Houston Oil Company of Texas']",text,minutes_0290,https://api.library.tamu.edu/fcrepo/rest/3b/6f/c3/25/3b6fc325-f6ca-41d8-b91e-8c5db3be8c13/houston_oil_company_minutes_objects/309/pages/page_0/files/minutes_0290.jpg
"['Texas', '20th century.', 'Corporate minutes', 'Petroleum industry and trade', 'Minutes', 'History', 'Houston']","['Cover title.', 'Minute book, 1901-1908', ""Gift of Amanda and Ken Kellar '65"", 'The Cushing Library/Chapman Texas Collection copy is part of the Floyd & Louise Chapman Texas & Borderlands Collection.', 'Minutes are handwritten; index is typed.', 'First entry, July 9 1901 - last entry May 25, 1908.']","No copyright - United States; For more information, see:  http://rightsstatements.org/vocab/NoC-US/1.0/","['41 cm.', '17 leaves (36 cm.)', '299 pages']",2020-12-05T17:22:55.058000+00:00,Minutes of Houston Oil Company of Texas,"['Houston Oil Company of Texas', 'Board of Directors']",text,minutes_0243,https://api.library.tamu.edu/fcrepo/rest/3b/6f/c3/25/3b6fc325-f6ca-41d8-b91e-8c5db3be8c13/houston_oil_company_minutes_objects/262/pages/page_0/files/minutes_0243.jpg
"['20th century.', 'Corporate minutes', 'Petroleum industry and trade', 'Minutes', 'History', 'Houston', 'Texas']","['Minute book, 1901-1908', ""Gift of Amanda and Ken Kellar '65"", 'The Cushing Library/Chapman Texas Collection copy is part of the Floyd & Louise Chapman Texas & Borderlands Collection.', 'Minutes are handwritten; index is typed.', 'First entry, July 9 1901 - last entry May 25, 1908.', 'Cover title.']","No copyright - United States; For more information, see:  http://rightsstatements.org/vocab/NoC-US/1.0/","['17 leaves (36 cm.)', '299 pages', '41 cm.']",2020-12-05T17:29:04.377000+00:00,Minutes of Houston Oil Company of Texas,"['Houston Oil Company of Texas', 'Board of Directors']",text,minutes_0060,https://api.library.tamu.edu/fcrepo/rest/3b/6f/c3/25/3b6fc325-f6ca-41d8-b91e-8c5db3be8c13/houston_oil_company_minutes_objects/79/pages/page_0/files/minutes_0060.jpg
"['History', 'Houston', 'Texas', '20th century.', 'Corporate minutes', 'Petroleum industry and trade', 'Minutes']","['The Cushing Library/Chapman Texas Collection copy is part of the Floyd & Louise Chapman Texas & Borderlands Collection.', 'Minutes are handwritten; index is typed.', 'First entry, July 9 1901 - last entry May 25, 1908.', 'Cover title.', 'Minute book, 1901-1908', ""Gift of Amanda and Ken Kellar '65""]","No copyright - United States; For more information, see:  http://rightsstatements.org/vocab/NoC-US/1.0/","['17 leaves (36 cm.)', '299 pages', '41 cm.']",2020-12-05T17:00:20.426000+00:00,Minutes of Houston Oil Company of Texas,"['Houston Oil Company of Texas', 'Board of Directors']",text,minutes_0062,https://api.library.tamu.edu/fcrepo/rest/3b/6f/c3/25/3b6fc325-f6ca-41d8-b91e-8c5db3be8c13/houston_oil_company_minutes_objects/81/pages/page_0/files/minutes_0062.jpg
"['Texas', '20th century.', 'Corporate minutes', 'Petroleum industry and trade', 'Index', 'History', 'Houston']","['Minute book, 1901-1908', ""Gift of Amanda and Ken Kellar '65"", 'The Cushing Library/Chapman Texas Collection copy is part of the Floyd & Louise Chapman Texas & Borderlands Collection.', 'Minutes are handwritten; index is typed.', 'First entry, July 9 1901 - last entry May 25, 1908.', 'Cover title.']","No copyright - United States; For more information, see:  http://rightsstatements.org/vocab/NoC-US/1.0/","['17 leaves (36 cm.)', '299 pages', '41 cm.']",2020-12-05T16:55:26.705000+00:00,Minutes of Houston Oil Company of Texas,"['Houston Oil Company of Texas', 'Board of Directors']",text,index_0005,https://api.library.tamu.edu/fcrepo/rest/3b/6f/c3/25/3b6fc325-f6ca-41d8-b91e-8c5db3be8c13/houston_oil_company_minutes_objects/6/pages/page_0/files/Index_0005.jpg
"['Corporate minutes', 'Petroleum industry and trade', 'Minutes', 'History', 'Houston', 'Texas', '20th century.']","['Minute book, 1901-1908', ""Gift of Amanda and Ken Kellar '65"", 'The Cushing Library/Chapman Texas Collection copy is part of the Floyd & Louise Chapman Texas & Borderlands Collection.', 'Minutes are handwritten; index is typed.', 'First entry, July 9 1901 - last entry May 25, 1908.', 'Cover title.']","No copyright - United States; For more information, see:  http://rightsstatements.org/vocab/NoC-US/1.0/","['17 leaves (36 cm.)', '299 pages', '41 cm.']",2020-12-05T17:19:08.399000+00:00,Minutes of Houston Oil Company of Texas,"['Houston Oil Company of Texas', 'Board of Directors']",text,minutes_0259,https://api.library.tamu.edu/fcrepo/rest/3b/6f/c3/25/3b6fc325-f6ca-41d8-b91e-8c5db3be8c13/houston_oil_company_minutes_objects/278/pages/page_0/files/minutes_0259.jpg
"['History', 'Houston', 'Texas', '20th century.', 'Corporate minutes', 'Petroleum industry and trade', 'Minutes']","['Cover title.', 'Minute book, 1901-1908', ""Gift of Amanda and Ken Kellar '65"", 'The Cushing Library/Chapman Texas Collection copy is part of the Floyd & Louise Chapman Texas & Borderlands Collection.', 'Minutes are handwritten; index is typed.', 'First entry, July 9 1901 - last entry May 25, 1908.']","No copyright - United States; For more information, see:  http://rightsstatements.org/vocab/NoC-US/1.0/","['299 pages', '41 cm.', '17 leaves (36 cm.)']",2020-12-05T16:31:57.660000+00:00,Minutes of Houston Oil Company of Texas,"['Houston Oil Company of Texas', 'Board of Directors']",text,minutes_0125,https://api.library.tamu.edu/fcrepo/rest/3b/6f/c3/25/3b6fc325-f6ca-41d8-b91e-8c5db3be8c13/houston_oil_company_minutes_objects/144/pages/page_0/files/minutes_0125.jpg
"['Petroleum industry and trade', 'Minutes', 'History', 'Houston', 'Texas', '20th century.', 'Corporate minutes']","['Minute book, 1901-1908', ""Gift of Amanda and Ken Kellar '65"", 'The Cushing Library/Chapman Texas Collection copy is part of the Floyd & Louise Chapman Texas & Borderlands Collection.', 'Minutes are handwritten; index is typed.', 'First entry, July 9 1901 - last entry May 25, 1908.', 'Cover title.']","No copyright - United States; For more information, see:  http://rightsstatements.org/vocab/NoC-US/1.0/","['17 leaves (36 cm.)', '299 pages', '41 cm.']",2020-12-05T17:27:39.165000+00:00,Minutes of Houston Oil Company of Texas,"['Houston Oil Company of Texas', 'Board of Directors']",text,minutes_0096,https://api.library.tamu.edu/fcrepo/rest/3b/6f/c3/25/3b6fc325-f6ca-41d8-b91e-8c5db3be8c13/houston_oil_company_minutes_objects/115/pages/page_0/files/minutes_0096.jpg
"['Minutes', 'History', 'Houston', 'Texas', '20th century.', 'Corporate minutes', 'Petroleum industry and trade']","['Minute book, 1901-1908', ""Gift of Amanda and Ken Kellar '65"", 'The Cushing Library/Chapman Texas Collection copy is part of the Floyd & Louise Chapman Texas & Borderlands Collection.', 'Minutes are handwritten; index is typed.', 'First entry, July 9 1901 - last entry May 25, 1908.', 'Cover title.']","No copyright - United States; For more information, see:  http://rightsstatements.org/vocab/NoC-US/1.0/","['17 leaves (36 cm.)', '299 pages', '41 cm.']",2020-12-05T16:52:54.088000+00:00,Minutes of Houston Oil Company of Texas,"['Houston Oil Company of Texas', 'Board of Directors']",text,minutes_0013,https://api.library.tamu.edu/fcrepo/rest/3b/6f/c3/25/3b6fc325-f6ca-41d8-b91e-8c5db3be8c13/houston_oil_company_minutes_objects/32/pages/page_0/files/minutes_0013.jpg
"['Texas', '20th century.', 'Corporate minutes', 'Petroleum industry and trade', 'Minutes', 'History', 'Houston']","['Cover title.', 'Minute book, 1901-1908', ""Gift of Amanda and Ken Kellar '65"", 'The Cushing Library/Chapman Texas Collection copy is part of the Floyd & Louise Chapman Texas & Borderlands Collection.', 'Minutes are handwritten; index is typed.', 'First entry, July 9 1901 - last entry May 25, 1908.']","No copyright - United States; For more information, see:  http://rightsstatements.org/vocab/NoC-US/1.0/","['41 cm.', '17 leaves (36 cm.)', '299 pages']",2020-12-05T17:20:47.460000+00:00,Minutes of Houston Oil Company of Texas,"['Houston Oil Company of Texas', 'Board of Directors']",text,minutes_0212,https://api.library.tamu.edu/fcrepo/rest/3b/6f/c3/25/3b6fc325-f6ca-41d8-b91e-8c5db3be8c13/houston_oil_company_minutes_objects/231/pages/page_0/files/minutes_0212.jpg
"['History', 'Houston', 'Texas', '20th century.', 'Corporate minutes', 'Petroleum industry and trade', 'Minutes']","['Minutes are handwritten; index is typed.', 'First entry, July 9 1901 - last entry May 25, 1908.', 'Cover title.', 'Minute book, 1901-1908', ""Gift of Amanda and Ken Kellar '65"", 'The Cushing Library/Chapman Texas Collection copy is part of the Floyd & Louise Chapman Texas & Borderlands Collection.']","No copyright - United States; For more information, see:  http://rightsstatements.org/vocab/NoC-US/1.0/","['299 pages', '41 cm.', '17 leaves (36 cm.)']",2020-12-05T16:39:04.071000+00:00,Minutes of Houston Oil Company of Texas,"['Board of Directors', 'Houston Oil Company of Texas']",text,minutes_0183,https://api.library.tamu.edu/fcrepo/rest/3b/6f/c3/25/3b6fc325-f6ca-41d8-b91e-8c5db3be8c13/houston_oil_company_minutes_objects/202/pages/page_0/files/minutes_0183.jpg
"['History', 'Houston', 'Texas', '20th century.', 'Corporate minutes', 'Petroleum industry and trade', 'Minutes']","['First entry, July 9 1901 - last entry May 25, 1908.', 'Cover title.', 'Minute book, 1901-1908', ""Gift of Amanda and Ken Kellar '65"", 'The Cushing Library/Chapman Texas Collection copy is part of the Floyd & Louise Chapman Texas & Borderlands Collection.', 'Minutes are handwritten; index is typed.']","No copyright - United States; For more information, see:  http://rightsstatements.org/vocab/NoC-US/1.0/","['299 pages', '41 cm.', '17 leaves (36 cm.)']",2020-12-05T17:18:26.009000+00:00,Minutes of Houston Oil Company of Texas,"['Board of Directors', 'Houston Oil Company of Texas']",text,minutes_0228,https://api.library.tamu.edu/fcrepo/rest/3b/6f/c3/25/3b6fc325-f6ca-41d8-b91e-8c5db3be8c13/houston_oil_company_minutes_objects/247/pages/page_0/files/minutes_0228.jpg
"['Petroleum industry and trade', 'Minutes', 'History', 'Houston', 'Texas', '20th century.', 'Corporate minutes']","['The Cushing Library/Chapman Texas Collection copy is part of the Floyd & Louise Chapman Texas & Borderlands Collection.', 'Minutes are handwritten; index is typed.', 'First entry, July 9 1901 - last entry May 25, 1908.', 'Cover title.', 'Minute book, 1901-1908', ""Gift of Amanda and Ken Kellar '65""]","No copyright - United States; For more information, see:  http://rightsstatements.org/vocab/NoC-US/1.0/","['17 leaves (36 cm.)', '299 pages', '41 cm.']",2020-12-05T17:30:58.524000+00:00,Minutes of Houston Oil Company of Texas,"['Board of Directors', 'Houston Oil Company of Texas']",text,minutes_0051,https://api.library.tamu.edu/fcrepo/rest/3b/6f/c3/25/3b6fc325-f6ca-41d8-b91e-8c5db3be8c13/houston_oil_company_minutes_objects/70/pages/page_0/files/minutes_0051.jpg
"['Houston', 'Texas', '20th century.', 'Corporate minutes', 'Petroleum industry and trade', 'Minutes', 'History']","['Cover title.', 'Minute book, 1901-1908', ""Gift of Amanda and Ken Kellar '65"", 'The Cushing Library/Chapman Texas Collection copy is part of the Floyd & Louise Chapman Texas & Borderlands Collection.', 'Minutes are handwritten; index is typed.', 'First entry, July 9 1901 - last entry May 25, 1908.']","No copyright - United States; For more information, see:  http://rightsstatements.org/vocab/NoC-US/1.0/","['41 cm.', '17 leaves (36 cm.)', '299 pages']",2020-12-05T17:13:57.788000+00:00,Minutes of Houston Oil Company of Texas,"['Houston Oil Company of Texas', 'Board of Directors']",text,minutes_0080,https://api.library.tamu.edu/fcrepo/rest/3b/6f/c3/25/3b6fc325-f6ca-41d8-b91e-8c5db3be8c13/houston_oil_company_minutes_objects/99/pages/page_0/files/minutes_0080.jpg
"['History', 'Houston', 'Texas', '20th century.', 'Corporate minutes', 'Petroleum industry and trade', 'Minutes']","['Minute book, 1901-1908', ""Gift of Amanda and Ken Kellar '65"", 'The Cushing Library/Chapman Texas Collection copy is part of the Floyd & Louise Chapman Texas & Borderlands Collection.', 'Minutes are handwritten; index is typed.', 'First entry, July 9 1901 - last entry May 25, 1908.', 'Cover title.']","No copyright - United States; For more information, see:  http://rightsstatements.org/vocab/NoC-US/1.0/","['17 leaves (36 cm.)', '299 pages', '41 cm.']",2020-12-05T16:31:02.236000+00:00,Minutes of Houston Oil Company of Texas,"['Board of Directors', 'Houston Oil Company of Texas']",text,minutes_0114,https://api.library.tamu.edu/fcrepo/rest/3b/6f/c3/25/3b6fc325-f6ca-41d8-b91e-8c5db3be8c13/houston_oil_company_minutes_objects/133/pages/page_0/files/minutes_0114.jpg
"['Texas', '20th century.', 'Corporate minutes', 'Petroleum industry and trade', 'Minutes', 'History', 'Houston']","['Cover title.', 'Minute book, 1901-1908', ""Gift of Amanda and Ken Kellar '65"", 'The Cushing Library/Chapman Texas Collection copy is part of the Floyd & Louise Chapman Texas & Borderlands Collection.', 'Minutes are handwritten; index is typed.', 'First entry, July 9 1901 - last entry May 25, 1908.']","No copyright - United States; For more information, see:  http://rightsstatements.org/vocab/NoC-US/1.0/","['41 cm.', '17 leaves (36 cm.)', '299 pages']",2020-12-05T17:02:27.329000+00:00,Minutes of Houston Oil Company of Texas,"['Board of Directors', 'Houston Oil Company of Texas']",text,minutes_0067,https://api.library.tamu.edu/fcrepo/rest/3b/6f/c3/25/3b6fc325-f6ca-41d8-b91e-8c5db3be8c13/houston_oil_company_minutes_objects/86/pages/page_0/files/minutes_0067.jpg
"['Texas', '20th century.', 'Corporate minutes', 'Petroleum industry and trade', 'Minutes', 'History', 'Houston']","['Cover title.', 'Minute book, 1901-1908', ""Gift of Amanda and Ken Kellar '65"", 'The Cushing Library/Chapman Texas Collection copy is part of the Floyd & Louise Chapman Texas & Borderlands Collection.', 'Minutes are handwritten; index is typed.', 'First entry, July 9 1901 - last entry May 25, 1908.']","No copyright - United States; For more information, see:  http://rightsstatements.org/vocab/NoC-US/1.0/","['41 cm.', '17 leaves (36 cm.)', '299 pages']",2020-12-05T16:59:09.517000+00:00,Minutes of Houston Oil Company of Texas,"['Houston Oil Company of Texas', 'Board of Directors']",text,minutes_0002,https://api.library.tamu.edu/fcrepo/rest/3b/6f/c3/25/3b6fc325-f6ca-41d8-b91e-8c5db3be8c13/houston_oil_company_minutes_objects/21/pages/page_0/files/minutes_0002.jpg
"['History', 'Houston', 'Texas', '20th century.', 'Corporate minutes', 'Petroleum industry and trade', 'Minutes']","['First entry, July 9 1901 - last entry May 25, 1908.', 'Cover title.', 'Minute book, 1901-1908', ""Gift of Amanda and Ken Kellar '65"", 'The Cushing Library/Chapman Texas Collection copy is part of the Floyd & Louise Chapman Texas & Borderlands Collection.', 'Minutes are handwritten; index is typed.']","No copyright - United States; For more information, see:  http://rightsstatements.org/vocab/NoC-US/1.0/","['41 cm.', '17 leaves (36 cm.)', '299 pages']",2020-12-05T17:38:48.913000+00:00,Minutes of Houston Oil Company of Texas,"['Houston Oil Company of Texas', 'Board of Directors']",text,minutes_0159,https://api.library.tamu.edu/fcrepo/rest/3b/6f/c3/25/3b6fc325-f6ca-41d8-b91e-8c5db3be8c13/houston_oil_company_minutes_objects/178/pages/page_0/files/minutes_0159.jpg
"['20th century.', 'Corporate minutes', 'Petroleum industry and trade', 'Minutes', 'History', 'Houston', 'Texas']","['Minute book, 1901-1908', ""Gift of Amanda and Ken Kellar '65"", 'The Cushing Library/Chapman Texas Collection copy is part of the Floyd & Louise Chapman Texas & Borderlands Collection.', 'Minutes are handwritten; index is typed.', 'First entry, July 9 1901 - last entry May 25, 1908.', 'Cover title.']","No copyright - United States; For more information, see:  http://rightsstatements.org/vocab/NoC-US/1.0/","['17 leaves (36 cm.)', '299 pages', '41 cm.']",2020-12-05T17:40:00.307000+00:00,Minutes of Houston Oil Company of Texas,"['Houston Oil Company of Texas', 'Board of Directors']",text,minutes_0130,https://api.library.tamu.edu/fcrepo/rest/3b/6f/c3/25/3b6fc325-f6ca-41d8-b91e-8c5db3be8c13/houston_oil_company_minutes_objects/149/pages/page_0/files/minutes_0130.jpg
"['History', 'Houston', 'Texas', '20th century.', 'Corporate minutes', 'Petroleum industry and trade', 'Minutes']","['The Cushing Library/Chapman Texas Collection copy is part of the Floyd & Louise Chapman Texas & Borderlands Collection.', 'Minutes are handwritten; index is typed.', 'First entry, July 9 1901 - last entry May 25, 1908.', 'Cover title.', 'Minute book, 1901-1908', ""Gift of Amanda and Ken Kellar '65""]","No copyright - United States; For more information, see:  http://rightsstatements.org/vocab/NoC-US/1.0/","['17 leaves (36 cm.)', '299 pages', '41 cm.']",2020-12-05T16:41:21.810000+00:00,Minutes of Houston Oil Company of Texas,"['Board of Directors', 'Houston Oil Company of Texas']",text,minutes_0201,https://api.library.tamu.edu/fcrepo/rest/3b/6f/c3/25/3b6fc325-f6ca-41d8-b91e-8c5db3be8c13/houston_oil_company_minutes_objects/220/pages/page_0/files/minutes_0201.jpg
"['Texas', '20th century.', 'Corporate minutes', 'Petroleum industry and trade', 'Minutes', 'History', 'Houston']","['Cover title.', 'Minute book, 1901-1908', ""Gift of Amanda and Ken Kellar '65"", 'The Cushing Library/Chapman Texas Collection copy is part of the Floyd & Louise Chapman Texas & Borderlands Collection.', 'Minutes are handwritten; index is typed.', 'First entry, July 9 1901 - last entry May 25, 1908.']","No copyright - United States; For more information, see:  http://rightsstatements.org/vocab/NoC-US/1.0/","['41 cm.', '17 leaves (36 cm.)', '299 pages']",2020-12-05T16:27:48.438000+00:00,Minutes of Houston Oil Company of Texas,"['Houston Oil Company of Texas', 'Board of Directors']",text,minutes_0047,https://api.library.tamu.edu/fcrepo/rest/3b/6f/c3/25/3b6fc325-f6ca-41d8-b91e-8c5db3be8c13/houston_oil_company_minutes_objects/66/pages/page_0/files/minutes_0047.jpg
"['History', 'Houston', 'Texas', '20th century.', 'Corporate minutes', 'Petroleum industry and trade', 'Minutes']","[""Gift of Amanda and Ken Kellar '65"", 'The Cushing Library/Chapman Texas Collection copy is part of the Floyd & Louise Chapman Texas & Borderlands Collection.', 'Minutes are handwritten; index is typed.', 'First entry, July 9 1901 - last entry May 25, 1908.', 'Cover title.', 'Minute book, 1901-1908']","No copyright - United States; For more information, see:  http://rightsstatements.org/vocab/NoC-US/1.0/","['17 leaves (36 cm.)', '299 pages', '41 cm.']",2020-12-05T17:11:36.550000+00:00,Minutes of Houston Oil Company of Texas,"['Houston Oil Company of Texas', 'Board of Directors']",text,minutes_0018,https://api.library.tamu.edu/fcrepo/rest/3b/6f/c3/25/3b6fc325-f6ca-41d8-b91e-8c5db3be8c13/houston_oil_company_minutes_objects/37/pages/page_0/files/minutes_0018.jpg
"['History', 'Houston', 'Texas', '20th century.', 'Corporate minutes', 'Petroleum industry and trade', 'Minutes']","['The Cushing Library/Chapman Texas Collection copy is part of the Floyd & Louise Chapman Texas & Borderlands Collection.', 'Minutes are handwritten; index is typed.', 'First entry, July 9 1901 - last entry May 25, 1908.', 'Cover title.', 'Minute book, 1901-1908', ""Gift of Amanda and Ken Kellar '65""]","No copyright - United States; For more information, see:  http://rightsstatements.org/vocab/NoC-US/1.0/","['299 pages', '41 cm.', '17 leaves (36 cm.)']",2020-12-05T17:24:34.427000+00:00,Minutes of Houston Oil Company of Texas,"['Board of Directors', 'Houston Oil Company of Texas']",text,minutes_0246,https://api.library.tamu.edu/fcrepo/rest/3b/6f/c3/25/3b6fc325-f6ca-41d8-b91e-8c5db3be8c13/houston_oil_company_minutes_objects/265/pages/page_0/files/minutes_0246.jpg
"['Texas', '20th century.', 'Corporate minutes', 'Petroleum industry and trade', 'Minutes', 'History', 'Houston']","['Cover title.', 'Minute book, 1901-1908', ""Gift of Amanda and Ken Kellar '65"", 'The Cushing Library/Chapman Texas Collection copy is part of the Floyd & Louise Chapman Texas & Borderlands Collection.', 'Minutes are handwritten; index is typed.', 'First entry, July 9 1901 - last entry May 25, 1908.']","No copyright - United States; For more information, see:  http://rightsstatements.org/vocab/NoC-US/1.0/","['41 cm.', '17 leaves (36 cm.)', '299 pages']",2020-12-05T17:21:01.642000+00:00,Minutes of Houston Oil Company of Texas,"['Houston Oil Company of Texas', 'Board of Directors']",text,minutes_0217,https://api.library.tamu.edu/fcrepo/rest/3b/6f/c3/25/3b6fc325-f6ca-41d8-b91e-8c5db3be8c13/houston_oil_company_minutes_objects/236/pages/page_0/files/minutes_0217.jpg
"['20th century.', 'Corporate minutes', 'Petroleum industry and trade', 'Minutes', 'History', 'Houston', 'Texas']","['Minute book, 1901-1908', ""Gift of Amanda and Ken Kellar '65"", 'The Cushing Library/Chapman Texas Collection copy is part of the Floyd & Louise Chapman Texas & Borderlands Collection.', 'Minutes are handwritten; index is typed.', 'First entry, July 9 1901 - last entry May 25, 1908.', 'Cover title.']","No copyright - United States; For more information, see:  http://rightsstatements.org/vocab/NoC-US/1.0/","['17 leaves (36 cm.)', '299 pages', '41 cm.']",2020-12-05T16:28:43.379000+00:00,Minutes of Houston Oil Company of Texas,"['Houston Oil Company of Texas', 'Board of Directors']",text,minutes_0083,https://api.library.tamu.edu/fcrepo/rest/3b/6f/c3/25/3b6fc325-f6ca-41d8-b91e-8c5db3be8c13/houston_oil_company_minutes_objects/102/pages/page_0/files/minutes_0083.jpg
"['Texas', '20th century.', 'Corporate minutes', 'Petroleum industry and trade', 'Minutes', 'History', 'Houston']","['Cover title.', 'Minute book, 1901-1908', ""Gift of Amanda and Ken Kellar '65"", 'The Cushing Library/Chapman Texas Collection copy is part of the Floyd & Louise Chapman Texas & Borderlands Collection.', 'Minutes are handwritten; index is typed.', 'First entry, July 9 1901 - last entry May 25, 1908.']","No copyright - United States; For more information, see:  http://rightsstatements.org/vocab/NoC-US/1.0/","['41 cm.', '17 leaves (36 cm.)', '299 pages']",2020-12-05T17:36:54.397000+00:00,Minutes of Houston Oil Company of Texas,"['Houston Oil Company of Texas', 'Board of Directors']",text,minutes_0302,https://api.library.tamu.edu/fcrepo/rest/3b/6f/c3/25/3b6fc325-f6ca-41d8-b91e-8c5db3be8c13/houston_oil_company_minutes_objects/321/pages/page_0/files/minutes_0302.jpg
"['History', 'Houston', 'Texas', '20th century.', 'Corporate minutes', 'Petroleum industry and trade', 'Minutes']","['The Cushing Library/Chapman Texas Collection copy is part of the Floyd & Louise Chapman Texas & Borderlands Collection.', 'Minutes are handwritten; index is typed.', 'First entry, July 9 1901 - last entry May 25, 1908.', 'Cover title.', 'Minute book, 1901-1908', ""Gift of Amanda and Ken Kellar '65""]","No copyright - United States; For more information, see:  http://rightsstatements.org/vocab/NoC-US/1.0/","['17 leaves (36 cm.)', '299 pages', '41 cm.']",2020-12-05T16:30:07.064000+00:00,Minutes of Houston Oil Company of Texas,"['Board of Directors', 'Houston Oil Company of Texas']",text,minutes_0099,https://api.library.tamu.edu/fcrepo/rest/3b/6f/c3/25/3b6fc325-f6ca-41d8-b91e-8c5db3be8c13/houston_oil_company_minutes_objects/118/pages/page_0/files/minutes_0099.jpg
"['20th century.', 'Corporate minutes', 'Petroleum industry and trade', 'Minutes', 'History', 'Houston', 'Texas']","['Minute book, 1901-1908', ""Gift of Amanda and Ken Kellar '65"", 'The Cushing Library/Chapman Texas Collection copy is part of the Floyd & Louise Chapman Texas & Borderlands Collection.', 'Minutes are handwritten; index is typed.', 'First entry, July 9 1901 - last entry May 25, 1908.', 'Cover title.']","No copyright - United States; For more information, see:  http://rightsstatements.org/vocab/NoC-US/1.0/","['17 leaves (36 cm.)', '299 pages', '41 cm.']",2020-12-05T16:34:42.271000+00:00,Minutes of Houston Oil Company of Texas,"['Houston Oil Company of Texas', 'Board of Directors']",text,minutes_0148,https://api.library.tamu.edu/fcrepo/rest/3b/6f/c3/25/3b6fc325-f6ca-41d8-b91e-8c5db3be8c13/houston_oil_company_minutes_objects/167/pages/page_0/files/minutes_0148.jpg
"['Houston', 'Texas', '20th century.', 'Corporate minutes', 'Petroleum industry and trade', 'Minutes', 'History']","['Cover title.', 'Minute book, 1901-1908', ""Gift of Amanda and Ken Kellar '65"", 'The Cushing Library/Chapman Texas Collection copy is part of the Floyd & Louise Chapman Texas & Borderlands Collection.', 'Minutes are handwritten; index is typed.', 'First entry, July 9 1901 - last entry May 25, 1908.']","No copyright - United States; For more information, see:  http://rightsstatements.org/vocab/NoC-US/1.0/","['41 cm.', '17 leaves (36 cm.)', '299 pages']",2020-12-05T16:39:45.540000+00:00,Minutes of Houston Oil Company of Texas,"['Houston Oil Company of Texas', 'Board of Directors']",text,minutes_0186,https://api.library.tamu.edu/fcrepo/rest/3b/6f/c3/25/3b6fc325-f6ca-41d8-b91e-8c5db3be8c13/houston_oil_company_minutes_objects/205/pages/page_0/files/minutes_0186.jpg
"['Texas', '20th century.', 'Corporate minutes', 'Petroleum industry and trade', 'Minutes', 'History', 'Houston']","['Cover title.', 'Minute book, 1901-1908', ""Gift of Amanda and Ken Kellar '65"", 'The Cushing Library/Chapman Texas Collection copy is part of the Floyd & Louise Chapman Texas & Borderlands Collection.', 'Minutes are handwritten; index is typed.', 'First entry, July 9 1901 - last entry May 25, 1908.']","No copyright - United States; For more information, see:  http://rightsstatements.org/vocab/NoC-US/1.0/","['41 cm.', '17 leaves (36 cm.)', '299 pages']",2020-12-05T17:13:29.488000+00:00,Minutes of Houston Oil Company of Texas,"['Houston Oil Company of Texas', 'Board of Directors']",text,minutes_0036,https://api.library.tamu.edu/fcrepo/rest/3b/6f/c3/25/3b6fc325-f6ca-41d8-b91e-8c5db3be8c13/houston_oil_company_minutes_objects/55/pages/page_0/files/minutes_0036.jpg
"['20th century.', 'Corporate minutes', 'Petroleum industry and trade', 'Minutes', 'History', 'Houston', 'Texas']","['Minute book, 1901-1908', ""Gift of Amanda and Ken Kellar '65"", 'The Cushing Library/Chapman Texas Collection copy is part of the Floyd & Louise Chapman Texas & Borderlands Collection.', 'Minutes are handwritten; index is typed.', 'First entry, July 9 1901 - last entry May 25, 1908.', 'Cover title.']","No copyright - United States; For more information, see:  http://rightsstatements.org/vocab/NoC-US/1.0/","['17 leaves (36 cm.)', '299 pages', '41 cm.']",2020-12-05T17:26:27.969000+00:00,Minutes of Houston Oil Company of Texas,"['Houston Oil Company of Texas', 'Board of Directors']",text,minutes_0271,https://api.library.tamu.edu/fcrepo/rest/3b/6f/c3/25/3b6fc325-f6ca-41d8-b91e-8c5db3be8c13/houston_oil_company_minutes_objects/290/pages/page_0/files/minutes_0271.jpg
"['20th century.', 'Corporate minutes', 'Petroleum industry and trade', 'Minutes', 'History', 'Houston', 'Texas']","['Minute book, 1901-1908', ""Gift of Amanda and Ken Kellar '65"", 'The Cushing Library/Chapman Texas Collection copy is part of the Floyd & Louise Chapman Texas & Borderlands Collection.', 'Minutes are handwritten; index is typed.', 'First entry, July 9 1901 - last entry May 25, 1908.', 'Cover title.']","No copyright - United States; For more information, see:  http://rightsstatements.org/vocab/NoC-US/1.0/","['17 leaves (36 cm.)', '299 pages', '41 cm.']",2020-12-05T17:22:41.013000+00:00,Minutes of Houston Oil Company of Texas,"['Houston Oil Company of Texas', 'Board of Directors']",text,minutes_0235,https://api.library.tamu.edu/fcrepo/rest/3b/6f/c3/25/3b6fc325-f6ca-41d8-b91e-8c5db3be8c13/houston_oil_company_minutes_objects/254/pages/page_0/files/minutes_0235.jpg
"['Texas', '20th century.', 'Corporate minutes', 'Petroleum industry and trade', 'Minutes', 'History', 'Houston']","['Cover title.', 'Minute book, 1901-1908', ""Gift of Amanda and Ken Kellar '65"", 'The Cushing Library/Chapman Texas Collection copy is part of the Floyd & Louise Chapman Texas & Borderlands Collection.', 'Minutes are handwritten; index is typed.', 'First entry, July 9 1901 - last entry May 25, 1908.']","No copyright - United States; For more information, see:  http://rightsstatements.org/vocab/NoC-US/1.0/","['41 cm.', '17 leaves (36 cm.)', '299 pages']",2020-12-05T16:30:21.069000+00:00,Minutes of Houston Oil Company of Texas,"['Houston Oil Company of Texas', 'Board of Directors']",text,minutes_0101,https://api.library.tamu.edu/fcrepo/rest/3b/6f/c3/25/3b6fc325-f6ca-41d8-b91e-8c5db3be8c13/houston_oil_company_minutes_objects/120/pages/page_0/files/minutes_0101.jpg
"['History', 'Houston', 'Texas', '20th century.', 'Corporate minutes', 'Petroleum industry and trade', 'Minutes']","['Minute book, 1901-1908', ""Gift of Amanda and Ken Kellar '65"", 'The Cushing Library/Chapman Texas Collection copy is part of the Floyd & Louise Chapman Texas & Borderlands Collection.', 'Minutes are handwritten; index is typed.', 'First entry, July 9 1901 - last entry May 25, 1908.', 'Cover title.']","No copyright - United States; For more information, see:  http://rightsstatements.org/vocab/NoC-US/1.0/","['17 leaves (36 cm.)', '299 pages', '41 cm.']",2020-12-05T16:56:50.069000+00:00,Minutes of Houston Oil Company of Texas,"['Houston Oil Company of Texas', 'Board of Directors']",text,minutes_0054,https://api.library.tamu.edu/fcrepo/rest/3b/6f/c3/25/3b6fc325-f6ca-41d8-b91e-8c5db3be8c13/houston_oil_company_minutes_objects/73/pages/page_0/files/minutes_0054.jpg
"['Minutes', 'History', 'Houston', 'Texas', '20th century.', 'Corporate minutes', 'Petroleum industry and trade']","['Minute book, 1901-1908', ""Gift of Amanda and Ken Kellar '65"", 'The Cushing Library/Chapman Texas Collection copy is part of the Floyd & Louise Chapman Texas & Borderlands Collection.', 'Minutes are handwritten; index is typed.', 'First entry, July 9 1901 - last entry May 25, 1908.', 'Cover title.']","No copyright - United States; For more information, see:  http://rightsstatements.org/vocab/NoC-US/1.0/","['17 leaves (36 cm.)', '299 pages', '41 cm.']",2020-12-05T17:26:56.455000+00:00,Minutes of Houston Oil Company of Texas,"['Houston Oil Company of Texas', 'Board of Directors']",text,minutes_0280,https://api.library.tamu.edu/fcrepo/rest/3b/6f/c3/25/3b6fc325-f6ca-41d8-b91e-8c5db3be8c13/houston_oil_company_minutes_objects/299/pages/page_0/files/minutes_0280.jpg
"['History', 'Houston', 'Texas', '20th century.', 'Corporate minutes', 'Petroleum industry and trade', 'Minutes']","['First entry, July 9 1901 - last entry May 25, 1908.', 'Cover title.', 'Minute book, 1901-1908', ""Gift of Amanda and Ken Kellar '65"", 'The Cushing Library/Chapman Texas Collection copy is part of the Floyd & Louise Chapman Texas & Borderlands Collection.', 'Minutes are handwritten; index is typed.']","No copyright - United States; For more information, see:  http://rightsstatements.org/vocab/NoC-US/1.0/","['299 pages', '41 cm.', '17 leaves (36 cm.)']",2020-12-05T17:06:54.781000+00:00,Minutes of Houston Oil Company of Texas,"['Board of Directors', 'Houston Oil Company of Texas']",text,minutes_0117,https://api.library.tamu.edu/fcrepo/rest/3b/6f/c3/25/3b6fc325-f6ca-41d8-b91e-8c5db3be8c13/houston_oil_company_minutes_objects/136/pages/page_0/files/minutes_0117.jpg
"['History', 'Houston', 'Texas', '20th century.', 'Corporate minutes', 'Petroleum industry and trade', 'Minutes']","['First entry, July 9 1901 - last entry May 25, 1908.', 'Cover title.', 'Minute book, 1901-1908', ""Gift of Amanda and Ken Kellar '65"", 'The Cushing Library/Chapman Texas Collection copy is part of the Floyd & Louise Chapman Texas & Borderlands Collection.', 'Minutes are handwritten; index is typed.']","No copyright - United States; For more information, see:  http://rightsstatements.org/vocab/NoC-US/1.0/","['299 pages', '41 cm.', '17 leaves (36 cm.)']",2020-12-05T17:08:19.015000+00:00,Minutes of Houston Oil Company of Texas,"['Board of Directors', 'Houston Oil Company of Texas']",text,minutes_0088,https://api.library.tamu.edu/fcrepo/rest/3b/6f/c3/25/3b6fc325-f6ca-41d8-b91e-8c5db3be8c13/houston_oil_company_minutes_objects/107/pages/page_0/files/minutes_0088.jpg
"['History', 'Houston', 'Texas', 'Petroleum industry and trade', '20th century.', 'Corporate minutes', 'Minutes']","['The Cushing Library/Chapman Texas Collection copy is part of the Floyd & Louise Chapman Texas & Borderlands Collection.', 'Minutes are handwritten; index is typed.', 'First entry, July 9 1901 - last entry May 25, 1908.', 'Cover title.', 'Minute book, 1901-1908', ""Gift of Amanda and Ken Kellar '65""]","No copyright - United States; For more information, see:  http://rightsstatements.org/vocab/NoC-US/1.0/","['17 leaves (36 cm.)', '299 pages', '41 cm.']",2020-12-05T17:32:52.081000+00:00,Minutes of Houston Oil Company of Texas,"['Board of Directors', 'Houston Oil Company of Texas']",text,minutes_0005,https://api.library.tamu.edu/fcrepo/rest/3b/6f/c3/25/3b6fc325-f6ca-41d8-b91e-8c5db3be8c13/houston_oil_company_minutes_objects/24/pages/page_0/files/minutes_0005.jpg
"['Houston', 'Texas', '20th century.', 'Corporate minutes', 'Petroleum industry and trade', 'Minutes', 'History']","['Cover title.', 'Minute book, 1901-1908', ""Gift of Amanda and Ken Kellar '65"", 'The Cushing Library/Chapman Texas Collection copy is part of the Floyd & Louise Chapman Texas & Borderlands Collection.', 'Minutes are handwritten; index is typed.', 'First entry, July 9 1901 - last entry May 25, 1908.']","No copyright - United States; For more information, see:  http://rightsstatements.org/vocab/NoC-US/1.0/","['41 cm.', '17 leaves (36 cm.)', '299 pages']",2020-12-05T17:17:43.803000+00:00,Minutes of Houston Oil Company of Texas,"['Houston Oil Company of Texas', 'Board of Directors']",text,minutes_0204,https://api.library.tamu.edu/fcrepo/rest/3b/6f/c3/25/3b6fc325-f6ca-41d8-b91e-8c5db3be8c13/houston_oil_company_minutes_objects/223/pages/page_0/files/minutes_0204.jpg
"['History', 'Houston', 'Texas', '20th century.', 'Corporate minutes', 'Petroleum industry and trade', 'Minutes']","['Minute book, 1901-1908', ""Gift of Amanda and Ken Kellar '65"", 'The Cushing Library/Chapman Texas Collection copy is part of the Floyd & Louise Chapman Texas & Borderlands Collection.', 'Minutes are handwritten; index is typed.', 'First entry, July 9 1901 - last entry May 25, 1908.', 'Cover title.']","No copyright - United States; For more information, see:  http://rightsstatements.org/vocab/NoC-US/1.0/","['17 leaves (36 cm.)', '299 pages', '41 cm.']",2020-12-05T17:23:51.944000+00:00,Minutes of Houston Oil Company of Texas,"['Houston Oil Company of Texas', 'Board of Directors']",text,minutes_0189,https://api.library.tamu.edu/fcrepo/rest/3b/6f/c3/25/3b6fc325-f6ca-41d8-b91e-8c5db3be8c13/houston_oil_company_minutes_objects/208/pages/page_0/files/minutes_0189.jpg
"['Corporate minutes', 'Petroleum industry and trade', 'Minutes', '20th century.', 'History', 'Houston', 'Texas']","['Minute book, 1901-1908', ""Gift of Amanda and Ken Kellar '65"", 'The Cushing Library/Chapman Texas Collection copy is part of the Floyd & Louise Chapman Texas & Borderlands Collection.', 'Minutes are handwritten; index is typed.', 'First entry, July 9 1901 - last entry May 25, 1908.', 'Cover title.']","No copyright - United States; For more information, see:  http://rightsstatements.org/vocab/NoC-US/1.0/","['17 leaves (36 cm.)', '299 pages', '41 cm.']",2020-12-05T17:24:20.288000+00:00,Minutes of Houston Oil Company of Texas,"['Houston Oil Company of Texas', 'Board of Directors']",text,minutes_0220,https://api.library.tamu.edu/fcrepo/rest/3b/6f/c3/25/3b6fc325-f6ca-41d8-b91e-8c5db3be8c13/houston_oil_company_minutes_objects/239/pages/page_0/files/minutes_0220.jpg
"['Texas', '20th century.', 'Corporate minutes', 'Petroleum industry and trade', 'Minutes', 'History', 'Houston']","['Minute book, 1901-1908', ""Gift of Amanda and Ken Kellar '65"", 'The Cushing Library/Chapman Texas Collection copy is part of the Floyd & Louise Chapman Texas & Borderlands Collection.', 'Minutes are handwritten; index is typed.', 'First entry, July 9 1901 - last entry May 25, 1908.', 'Cover title.']","No copyright - United States; For more information, see:  http://rightsstatements.org/vocab/NoC-US/1.0/","['41 cm.', '17 leaves (36 cm.)', '299 pages']",2020-12-05T16:57:45.642000+00:00,Minutes of Houston Oil Company of Texas,"['Houston Oil Company of Texas', 'Board of Directors']",text,minutes_0070,https://api.library.tamu.edu/fcrepo/rest/3b/6f/c3/25/3b6fc325-f6ca-41d8-b91e-8c5db3be8c13/houston_oil_company_minutes_objects/89/pages/page_0/files/minutes_0070.jpg
"['History', 'Houston', 'Texas', '20th century.', 'Corporate minutes', 'Petroleum industry and trade', 'Minutes']","['The Cushing Library/Chapman Texas Collection copy is part of the Floyd & Louise Chapman Texas & Borderlands Collection.', 'Minutes are handwritten; index is typed.', 'First entry, July 9 1901 - last entry May 25, 1908.', 'Cover title.', 'Minute book, 1901-1908', ""Gift of Amanda and Ken Kellar '65""]","No copyright - United States; For more information, see:  http://rightsstatements.org/vocab/NoC-US/1.0/","['299 pages', '41 cm.', '17 leaves (36 cm.)']",2020-12-05T17:07:50.889000+00:00,Minutes of Houston Oil Company of Texas,"['Board of Directors', 'Houston Oil Company of Texas']",text,minutes_0072,https://api.library.tamu.edu/fcrepo/rest/3b/6f/c3/25/3b6fc325-f6ca-41d8-b91e-8c5db3be8c13/houston_oil_company_minutes_objects/91/pages/page_0/files/minutes_0072.jpg
"['History', 'Houston', 'Texas', '20th century.', 'Corporate minutes', 'Petroleum industry and trade', 'Minutes']","['The Cushing Library/Chapman Texas Collection copy is part of the Floyd & Louise Chapman Texas & Borderlands Collection.', 'Minutes are handwritten; index is typed.', 'First entry, July 9 1901 - last entry May 25, 1908.', 'Cover title.', 'Minute book, 1901-1908', ""Gift of Amanda and Ken Kellar '65""]","No copyright - United States; For more information, see:  http://rightsstatements.org/vocab/NoC-US/1.0/","['17 leaves (36 cm.)', '299 pages', '41 cm.']",2020-12-05T17:09:01.549000+00:00,Minutes of Houston Oil Company of Texas,"['Houston Oil Company of Texas', 'Board of Directors']",text,minutes_0171,https://api.library.tamu.edu/fcrepo/rest/3b/6f/c3/25/3b6fc325-f6ca-41d8-b91e-8c5db3be8c13/houston_oil_company_minutes_objects/190/pages/page_0/files/minutes_0171.jpg
"['Texas', '20th century.', 'Corporate minutes', 'Petroleum industry and trade', 'Minutes', 'History', 'Houston']","['Cover title.', 'Minute book, 1901-1908', ""Gift of Amanda and Ken Kellar '65"", 'The Cushing Library/Chapman Texas Collection copy is part of the Floyd & Louise Chapman Texas & Borderlands Collection.', 'Minutes are handwritten; index is typed.', 'First entry, July 9 1901 - last entry May 25, 1908.']","No copyright - United States; For more information, see:  http://rightsstatements.org/vocab/NoC-US/1.0/","['41 cm.', '17 leaves (36 cm.)', '299 pages']",2020-12-05T17:07:22.812000+00:00,Minutes of Houston Oil Company of Texas,"['Houston Oil Company of Texas', 'Board of Directors']",text,minutes_0043,https://api.library.tamu.edu/fcrepo/rest/3b/6f/c3/25/3b6fc325-f6ca-41d8-b91e-8c5db3be8c13/houston_oil_company_minutes_objects/62/pages/page_0/files/minutes_0043.jpg
"['Houston', 'Texas', '20th century.', 'Corporate minutes', 'Petroleum industry and trade', 'Minutes', 'History']","['Cover title.', 'Minute book, 1901-1908', ""Gift of Amanda and Ken Kellar '65"", 'The Cushing Library/Chapman Texas Collection copy is part of the Floyd & Louise Chapman Texas & Borderlands Collection.', 'Minutes are handwritten; index is typed.', 'First entry, July 9 1901 - last entry May 25, 1908.']","No copyright - United States; For more information, see:  http://rightsstatements.org/vocab/NoC-US/1.0/","['41 cm.', '17 leaves (36 cm.)', '299 pages']",2020-12-05T16:34:14.806000+00:00,Minutes of Houston Oil Company of Texas,"['Houston Oil Company of Texas', 'Board of Directors']",text,minutes_0142,https://api.library.tamu.edu/fcrepo/rest/3b/6f/c3/25/3b6fc325-f6ca-41d8-b91e-8c5db3be8c13/houston_oil_company_minutes_objects/161/pages/page_0/files/minutes_0142.jpg
"['History', 'Houston', 'Texas', '20th century.', 'Corporate minutes', 'Petroleum industry and trade', 'Minutes']","['First entry, July 9 1901 - last entry May 25, 1908.', 'Cover title.', 'Minute book, 1901-1908', ""Gift of Amanda and Ken Kellar '65"", 'The Cushing Library/Chapman Texas Collection copy is part of the Floyd & Louise Chapman Texas & Borderlands Collection.', 'Minutes are handwritten; index is typed.']","No copyright - United States; For more information, see:  http://rightsstatements.org/vocab/NoC-US/1.0/","['299 pages', '41 cm.', '17 leaves (36 cm.)']",2020-12-05T17:33:48.678000+00:00,Minutes of Houston Oil Company of Texas,"['Board of Directors', 'Houston Oil Company of Texas']",text,minutes_0106,https://api.library.tamu.edu/fcrepo/rest/3b/6f/c3/25/3b6fc325-f6ca-41d8-b91e-8c5db3be8c13/houston_oil_company_minutes_objects/125/pages/page_0/files/minutes_0106.jpg
"['History', 'Houston', 'Index', 'Texas', '20th century.', 'Corporate minutes', 'Petroleum industry and trade']","['First entry, July 9 1901 - last entry May 25, 1908.', 'Cover title.', 'Minute book, 1901-1908', ""Gift of Amanda and Ken Kellar '65"", 'The Cushing Library/Chapman Texas Collection copy is part of the Floyd & Louise Chapman Texas & Borderlands Collection.', 'Minutes are handwritten; index is typed.']","No copyright - United States; For more information, see:  http://rightsstatements.org/vocab/NoC-US/1.0/","['299 pages', '41 cm.', '17 leaves (36 cm.)']",2020-12-05T17:37:51.547000+00:00,Minutes of Houston Oil Company of Texas,"['Board of Directors', 'Houston Oil Company of Texas']",text,index_0012,https://api.library.tamu.edu/fcrepo/rest/3b/6f/c3/25/3b6fc325-f6ca-41d8-b91e-8c5db3be8c13/houston_oil_company_minutes_objects/13/pages/page_0/files/Index_0012.jpg
"['20th century.', 'Corporate minutes', 'Petroleum industry and trade', 'Minutes', 'Texas', 'History', 'Houston']","['Minute book, 1901-1908', ""Gift of Amanda and Ken Kellar '65"", 'The Cushing Library/Chapman Texas Collection copy is part of the Floyd & Louise Chapman Texas & Borderlands Collection.', 'Minutes are handwritten; index is typed.', 'First entry, July 9 1901 - last entry May 25, 1908.', 'Cover title.']","No copyright - United States; For more information, see:  http://rightsstatements.org/vocab/NoC-US/1.0/","['17 leaves (36 cm.)', '299 pages', '41 cm.']",2020-12-05T17:15:50.727000+00:00,Minutes of Houston Oil Company of Texas,"['Houston Oil Company of Texas', 'Board of Directors']",text,minutes_0193,https://api.library.tamu.edu/fcrepo/rest/3b/6f/c3/25/3b6fc325-f6ca-41d8-b91e-8c5db3be8c13/houston_oil_company_minutes_objects/212/pages/page_0/files/minutes_0193.jpg
"['History', 'Houston', 'Texas', '20th century.', 'Corporate minutes', 'Petroleum industry and trade', 'Minutes']","['The Cushing Library/Chapman Texas Collection copy is part of the Floyd & Louise Chapman Texas & Borderlands Collection.', 'Minutes are handwritten; index is typed.', 'First entry, July 9 1901 - last entry May 25, 1908.', 'Cover title.', 'Minute book, 1901-1908', ""Gift of Amanda and Ken Kellar '65""]","No copyright - United States; For more information, see:  http://rightsstatements.org/vocab/NoC-US/1.0/","['299 pages', '41 cm.', '17 leaves (36 cm.)']",2020-12-05T16:55:12.760000+00:00,Minutes of Houston Oil Company of Texas,"['Houston Oil Company of Texas', 'Board of Directors']",text,minutes_0039,https://api.library.tamu.edu/fcrepo/rest/3b/6f/c3/25/3b6fc325-f6ca-41d8-b91e-8c5db3be8c13/houston_oil_company_minutes_objects/58/pages/page_0/files/minutes_0039.jpg
"['History', 'Houston', 'Texas', '20th century.', 'Corporate minutes', 'Petroleum industry and trade', 'Minutes']","['The Cushing Library/Chapman Texas Collection copy is part of the Floyd & Louise Chapman Texas & Borderlands Collection.', 'Minutes are handwritten; index is typed.', 'First entry, July 9 1901 - last entry May 25, 1908.', 'Cover title.', 'Minute book, 1901-1908', ""Gift of Amanda and Ken Kellar '65""]","No copyright - United States; For more information, see:  http://rightsstatements.org/vocab/NoC-US/1.0/","['299 pages', '41 cm.', '17 leaves (36 cm.)']",2020-12-05T16:50:40.516000+00:00,Minutes of Houston Oil Company of Texas,"['Board of Directors', 'Houston Oil Company of Texas']",text,minutes_0274,https://api.library.tamu.edu/fcrepo/rest/3b/6f/c3/25/3b6fc325-f6ca-41d8-b91e-8c5db3be8c13/houston_oil_company_minutes_objects/293/pages/page_0/files/minutes_0274.jpg
"['History', 'Houston', 'Texas', '20th century.', 'Corporate minutes', 'Petroleum industry and trade', 'Minutes']","['The Cushing Library/Chapman Texas Collection copy is part of the Floyd & Louise Chapman Texas & Borderlands Collection.', 'Minutes are handwritten; index is typed.', 'First entry, July 9 1901 - last entry May 25, 1908.', 'Cover title.', 'Minute book, 1901-1908', ""Gift of Amanda and Ken Kellar '65""]","No copyright - United States; For more information, see:  http://rightsstatements.org/vocab/NoC-US/1.0/","['17 leaves (36 cm.)', '299 pages', '41 cm.']",2020-12-05T16:50:07.428000+00:00,Minutes of Houston Oil Company of Texas,"['Board of Directors', 'Houston Oil Company of Texas']",text,minutes_0010,https://api.library.tamu.edu/fcrepo/rest/3b/6f/c3/25/3b6fc325-f6ca-41d8-b91e-8c5db3be8c13/houston_oil_company_minutes_objects/29/pages/page_0/files/minutes_0010.jpg
"['Petroleum industry and trade', 'Minutes', 'History', 'Houston', 'Texas', '20th century.', 'Corporate minutes']","['Minute book, 1901-1908', ""Gift of Amanda and Ken Kellar '65"", 'The Cushing Library/Chapman Texas Collection copy is part of the Floyd & Louise Chapman Texas & Borderlands Collection.', 'Minutes are handwritten; index is typed.', 'First entry, July 9 1901 - last entry May 25, 1908.', 'Cover title.']","No copyright - United States; For more information, see:  http://rightsstatements.org/vocab/NoC-US/1.0/","['17 leaves (36 cm.)', '299 pages', '41 cm.']",2020-12-05T16:45:16.349000+00:00,Minutes of Houston Oil Company of Texas,"['Houston Oil Company of Texas', 'Board of Directors']",text,minutes_0238,https://api.library.tamu.edu/fcrepo/rest/3b/6f/c3/25/3b6fc325-f6ca-41d8-b91e-8c5db3be8c13/houston_oil_company_minutes_objects/257/pages/page_0/files/minutes_0238.jpg
"['Texas', '20th century.', 'Corporate minutes', 'Petroleum industry and trade', 'Minutes', 'History', 'Houston']","['Cover title.', 'Minute book, 1901-1908', ""Gift of Amanda and Ken Kellar '65"", 'The Cushing Library/Chapman Texas Collection copy is part of the Floyd & Louise Chapman Texas & Borderlands Collection.', 'Minutes are handwritten; index is typed.', 'First entry, July 9 1901 - last entry May 25, 1908.']","No copyright - United States; For more information, see:  http://rightsstatements.org/vocab/NoC-US/1.0/","['41 cm.', '17 leaves (36 cm.)', '299 pages']",2020-12-05T16:42:17.057000+00:00,Minutes of Houston Oil Company of Texas,"['Houston Oil Company of Texas', 'Board of Directors']",text,minutes_0209,https://api.library.tamu.edu/fcrepo/rest/3b/6f/c3/25/3b6fc325-f6ca-41d8-b91e-8c5db3be8c13/houston_oil_company_minutes_objects/228/pages/page_0/files/minutes_0209.jpg
"['History', 'Houston', 'Texas', '20th century.', 'Corporate minutes', 'Petroleum industry and trade', 'Minutes']","['Minute book, 1901-1908', ""Gift of Amanda and Ken Kellar '65"", 'The Cushing Library/Chapman Texas Collection copy is part of the Floyd & Louise Chapman Texas & Borderlands Collection.', 'Minutes are handwritten; index is typed.', 'First entry, July 9 1901 - last entry May 25, 1908.', 'Cover title.']","No copyright - United States; For more information, see:  http://rightsstatements.org/vocab/NoC-US/1.0/","['17 leaves (36 cm.)', '299 pages', '41 cm.']",2020-12-05T16:59:37.508000+00:00,Minutes of Houston Oil Company of Texas,"['Board of Directors', 'Houston Oil Company of Texas']",text,minutes_0294,https://api.library.tamu.edu/fcrepo/rest/3b/6f/c3/25/3b6fc325-f6ca-41d8-b91e-8c5db3be8c13/houston_oil_company_minutes_objects/313/pages/page_0/files/minutes_0294.jpg
"['Texas', '20th century.', 'Corporate minutes', 'Petroleum industry and trade', 'Minutes', 'History', 'Houston']","['Cover title.', 'Minute book, 1901-1908', ""Gift of Amanda and Ken Kellar '65"", 'The Cushing Library/Chapman Texas Collection copy is part of the Floyd & Louise Chapman Texas & Borderlands Collection.', 'Minutes are handwritten; index is typed.', 'First entry, July 9 1901 - last entry May 25, 1908.']","No copyright - United States; For more information, see:  http://rightsstatements.org/vocab/NoC-US/1.0/","['41 cm.', '17 leaves (36 cm.)', '299 pages']",2020-12-05T17:08:04.929000+00:00,Minutes of Houston Oil Company of Texas,"['Houston Oil Company of Texas', 'Board of Directors']",text,minutes_0077,https://api.library.tamu.edu/fcrepo/rest/3b/6f/c3/25/3b6fc325-f6ca-41d8-b91e-8c5db3be8c13/houston_oil_company_minutes_objects/96/pages/page_0/files/minutes_0077.jpg
"['Texas', '20th century.', 'Corporate minutes', 'Petroleum industry and trade', 'Minutes', 'History', 'Houston']","['Cover title.', 'Minute book, 1901-1908', ""Gift of Amanda and Ken Kellar '65"", 'The Cushing Library/Chapman Texas Collection copy is part of the Floyd & Louise Chapman Texas & Borderlands Collection.', 'Minutes are handwritten; index is typed.', 'First entry, July 9 1901 - last entry May 25, 1908.']","No copyright - United States; For more information, see:  http://rightsstatements.org/vocab/NoC-US/1.0/","['41 cm.', '17 leaves (36 cm.)', '299 pages']",2020-12-05T16:38:36.565000+00:00,Minutes of Houston Oil Company of Texas,"['Houston Oil Company of Texas', 'Board of Directors']",text,minutes_0176,https://api.library.tamu.edu/fcrepo/rest/3b/6f/c3/25/3b6fc325-f6ca-41d8-b91e-8c5db3be8c13/houston_oil_company_minutes_objects/195/pages/page_0/files/minutes_0176.jpg
"['History', 'Houston', 'Texas', '20th century.', 'Corporate minutes', 'Petroleum industry and trade', 'Minutes']","['Minutes are handwritten; index is typed.', 'First entry, July 9 1901 - last entry May 25, 1908.', 'Cover title.', 'Minute book, 1901-1908', ""Gift of Amanda and Ken Kellar '65"", 'The Cushing Library/Chapman Texas Collection copy is part of the Floyd & Louise Chapman Texas & Borderlands Collection.']","No copyright - United States; For more information, see:  http://rightsstatements.org/vocab/NoC-US/1.0/","['299 pages', '41 cm.', '17 leaves (36 cm.)']",2020-12-05T17:37:22.925000+00:00,Minutes of Houston Oil Company of Texas,"['Houston Oil Company of Texas', 'Board of Directors']",text,minutes_0028,https://api.library.tamu.edu/fcrepo/rest/3b/6f/c3/25/3b6fc325-f6ca-41d8-b91e-8c5db3be8c13/houston_oil_company_minutes_objects/47/pages/page_0/files/minutes_0028.jpg
"['Texas', '20th century.', 'Corporate minutes', 'Petroleum industry and trade', 'Minutes', 'History', 'Houston']","['Cover title.', 'Minute book, 1901-1908', ""Gift of Amanda and Ken Kellar '65"", 'The Cushing Library/Chapman Texas Collection copy is part of the Floyd & Louise Chapman Texas & Borderlands Collection.', 'Minutes are handwritten; index is typed.', 'First entry, July 9 1901 - last entry May 25, 1908.']","No copyright - United States; For more information, see:  http://rightsstatements.org/vocab/NoC-US/1.0/","['41 cm.', '17 leaves (36 cm.)', '299 pages']",2020-12-05T17:19:22.505000+00:00,Minutes of Houston Oil Company of Texas,"['Houston Oil Company of Texas', 'Board of Directors']",text,minutes_0263,https://api.library.tamu.edu/fcrepo/rest/3b/6f/c3/25/3b6fc325-f6ca-41d8-b91e-8c5db3be8c13/houston_oil_company_minutes_objects/282/pages/page_0/files/minutes_0263.jpg
"['History', 'Houston', 'Texas', '20th century.', 'Corporate minutes', 'Petroleum industry and trade', 'Minutes']","['First entry, July 9 1901 - last entry May 25, 1908.', 'Cover title.', 'Minute book, 1901-1908', ""Gift of Amanda and Ken Kellar '65"", 'The Cushing Library/Chapman Texas Collection copy is part of the Floyd & Louise Chapman Texas & Borderlands Collection.', 'Minutes are handwritten; index is typed.']","No copyright - United States; For more information, see:  http://rightsstatements.org/vocab/NoC-US/1.0/","['41 cm.', '17 leaves (36 cm.)', '299 pages']",2020-12-05T17:08:47.433000+00:00,Minutes of Houston Oil Company of Texas,"['Houston Oil Company of Texas', 'Board of Directors']",text,minutes_0145,https://api.library.tamu.edu/fcrepo/rest/3b/6f/c3/25/3b6fc325-f6ca-41d8-b91e-8c5db3be8c13/houston_oil_company_minutes_objects/164/pages/page_0/files/minutes_0145.jpg
"['Texas', '20th century.', 'Corporate minutes', 'Petroleum industry and trade', 'Minutes', 'History', 'Houston']","['Cover title.', 'Minute book, 1901-1908', ""Gift of Amanda and Ken Kellar '65"", 'The Cushing Library/Chapman Texas Collection copy is part of the Floyd & Louise Chapman Texas & Borderlands Collection.', 'Minutes are handwritten; index is typed.', 'First entry, July 9 1901 - last entry May 25, 1908.']","No copyright - United States; For more information, see:  http://rightsstatements.org/vocab/NoC-US/1.0/","['41 cm.', '17 leaves (36 cm.)', '299 pages']",2020-12-05T17:02:55.395000+00:00,Minutes of Houston Oil Company of Texas,"['Houston Oil Company of Texas', 'Board of Directors']",text,minutes_0109,https://api.library.tamu.edu/fcrepo/rest/3b/6f/c3/25/3b6fc325-f6ca-41d8-b91e-8c5db3be8c13/houston_oil_company_minutes_objects/128/pages/page_0/files/minutes_0109.jpg
"['History', 'Houston', 'Index', 'Texas', '20th century.', 'Corporate minutes', 'Petroleum industry and trade']","['The Cushing Library/Chapman Texas Collection copy is part of the Floyd & Louise Chapman Texas & Borderlands Collection.', 'Minutes are handwritten; index is typed.', 'First entry, July 9 1901 - last entry May 25, 1908.', 'Cover title.', 'Minute book, 1901-1908', ""Gift of Amanda and Ken Kellar '65""]","No copyright - United States; For more information, see:  http://rightsstatements.org/vocab/NoC-US/1.0/","['299 pages', '41 cm.', '17 leaves (36 cm.)']",2020-12-05T16:33:47.389000+00:00,Minutes of Houston Oil Company of Texas,"['Houston Oil Company of Texas', 'Board of Directors']",text,index_0015,https://api.library.tamu.edu/fcrepo/rest/3b/6f/c3/25/3b6fc325-f6ca-41d8-b91e-8c5db3be8c13/houston_oil_company_minutes_objects/16/pages/page_0/files/Index_0015.jpg
"['Houston', 'Texas', '20th century.', 'Corporate minutes', 'Petroleum industry and trade', 'Minutes', 'History']","['Cover title.', 'Minute book, 1901-1908', ""Gift of Amanda and Ken Kellar '65"", 'The Cushing Library/Chapman Texas Collection copy is part of the Floyd & Louise Chapman Texas & Borderlands Collection.', 'Minutes are handwritten; index is typed.', 'First entry, July 9 1901 - last entry May 25, 1908.']","No copyright - United States; For more information, see:  http://rightsstatements.org/vocab/NoC-US/1.0/","['41 cm.', '17 leaves (36 cm.)', '299 pages']",2020-12-05T17:16:04.764000+00:00,Minutes of Houston Oil Company of Texas,"['Houston Oil Company of Texas', 'Board of Directors']",text,minutes_0196,https://api.library.tamu.edu/fcrepo/rest/3b/6f/c3/25/3b6fc325-f6ca-41d8-b91e-8c5db3be8c13/houston_oil_company_minutes_objects/215/pages/page_0/files/minutes_0196.jpg
"['Texas', '20th century.', 'Corporate minutes', 'Petroleum industry and trade', 'Minutes', 'History', 'Houston']","['Cover title.', 'Minute book, 1901-1908', ""Gift of Amanda and Ken Kellar '65"", 'The Cushing Library/Chapman Texas Collection copy is part of the Floyd & Louise Chapman Texas & Borderlands Collection.', 'Minutes are handwritten; index is typed.', 'First entry, July 9 1901 - last entry May 25, 1908.']","No copyright - United States; For more information, see:  http://rightsstatements.org/vocab/NoC-US/1.0/","['41 cm.', '17 leaves (36 cm.)', '299 pages']",2020-12-05T16:26:53.134000+00:00,Minutes of Houston Oil Company of Texas,"['Houston Oil Company of Texas', 'Board of Directors']",text,minutes_0281,https://api.library.tamu.edu/fcrepo/rest/3b/6f/c3/25/3b6fc325-f6ca-41d8-b91e-8c5db3be8c13/houston_oil_company_minutes_objects/300/pages/page_0/files/minutes_0281.jpg
"['Corporate minutes', 'Petroleum industry and trade', 'Minutes', 'History', 'Houston', 'Texas', '20th century.']","['Minute book, 1901-1908', ""Gift of Amanda and Ken Kellar '65"", 'The Cushing Library/Chapman Texas Collection copy is part of the Floyd & Louise Chapman Texas & Borderlands Collection.', 'Minutes are handwritten; index is typed.', 'First entry, July 9 1901 - last entry May 25, 1908.', 'Cover title.']","No copyright - United States; For more information, see:  http://rightsstatements.org/vocab/NoC-US/1.0/","['17 leaves (36 cm.)', '299 pages', '41 cm.']",2020-12-05T17:13:15.290000+00:00,Minutes of Houston Oil Company of Texas,"['Houston Oil Company of Texas', 'Board of Directors']",text,minutes_0033,https://api.library.tamu.edu/fcrepo/rest/3b/6f/c3/25/3b6fc325-f6ca-41d8-b91e-8c5db3be8c13/houston_oil_company_minutes_objects/52/pages/page_0/files/minutes_0033.jpg
"['Houston', 'Texas', 'History', '20th century.', 'Corporate minutes', 'Petroleum industry and trade', 'Minutes']","['Cover title.', 'Minute book, 1901-1908', ""Gift of Amanda and Ken Kellar '65"", 'The Cushing Library/Chapman Texas Collection copy is part of the Floyd & Louise Chapman Texas & Borderlands Collection.', 'Minutes are handwritten; index is typed.', 'First entry, July 9 1901 - last entry May 25, 1908.']","No copyright - United States; For more information, see:  http://rightsstatements.org/vocab/NoC-US/1.0/","['41 cm.', '17 leaves (36 cm.)', '299 pages']",2020-12-05T17:39:03.233000+00:00,Minutes of Houston Oil Company of Texas,"['Houston Oil Company of Texas', 'Board of Directors']",text,minutes_0163,https://api.library.tamu.edu/fcrepo/rest/3b/6f/c3/25/3b6fc325-f6ca-41d8-b91e-8c5db3be8c13/houston_oil_company_minutes_objects/182/pages/page_0/files/minutes_0163.jpg
"['Texas', '20th century.', 'Corporate minutes', 'Petroleum industry and trade', 'Minutes', 'History', 'Houston']","['Cover title.', 'Minute book, 1901-1908', ""Gift of Amanda and Ken Kellar '65"", 'The Cushing Library/Chapman Texas Collection copy is part of the Floyd & Louise Chapman Texas & Borderlands Collection.', 'Minutes are handwritten; index is typed.', 'First entry, July 9 1901 - last entry May 25, 1908.']","No copyright - United States; For more information, see:  http://rightsstatements.org/vocab/NoC-US/1.0/","['41 cm.', '17 leaves (36 cm.)', '299 pages']",2020-12-05T17:03:37.675000+00:00,Minutes of Houston Oil Company of Texas,"['Houston Oil Company of Texas', 'Board of Directors']",text,minutes_0179,https://api.library.tamu.edu/fcrepo/rest/3b/6f/c3/25/3b6fc325-f6ca-41d8-b91e-8c5db3be8c13/houston_oil_company_minutes_objects/198/pages/page_0/files/minutes_0179.jpg
"['20th century.', 'Corporate minutes', 'Petroleum industry and trade', 'Minutes', 'History', 'Houston', 'Texas']","['Cover title.', 'Minute book, 1901-1908', ""Gift of Amanda and Ken Kellar '65"", 'The Cushing Library/Chapman Texas Collection copy is part of the Floyd & Louise Chapman Texas & Borderlands Collection.', 'Minutes are handwritten; index is typed.', 'First entry, July 9 1901 - last entry May 25, 1908.']","No copyright - United States; For more information, see:  http://rightsstatements.org/vocab/NoC-US/1.0/","['41 cm.', '17 leaves (36 cm.)', '299 pages']",2020-12-05T17:21:30.017000+00:00,Minutes of Houston Oil Company of Texas,"['Houston Oil Company of Texas', 'Board of Directors']",text,minutes_0266,https://api.library.tamu.edu/fcrepo/rest/3b/6f/c3/25/3b6fc325-f6ca-41d8-b91e-8c5db3be8c13/houston_oil_company_minutes_objects/285/pages/page_0/files/minutes_0266.jpg
"['History', 'Houston', 'Texas', '20th century.', 'Corporate minutes', 'Petroleum industry and trade', 'Minutes']","['First entry, July 9 1901 - last entry May 25, 1908.', 'Cover title.', 'Minute book, 1901-1908', ""Gift of Amanda and Ken Kellar '65"", 'The Cushing Library/Chapman Texas Collection copy is part of the Floyd & Louise Chapman Texas & Borderlands Collection.', 'Minutes are handwritten; index is typed.']","No copyright - United States; For more information, see:  http://rightsstatements.org/vocab/NoC-US/1.0/","['299 pages', '41 cm.', '17 leaves (36 cm.)']",2020-12-05T16:40:54.345000+00:00,Minutes of Houston Oil Company of Texas,"['Board of Directors', 'Houston Oil Company of Texas']",text,minutes_0199,https://api.library.tamu.edu/fcrepo/rest/3b/6f/c3/25/3b6fc325-f6ca-41d8-b91e-8c5db3be8c13/houston_oil_company_minutes_objects/218/pages/page_0/files/minutes_0199.jpg
"['History', 'Houston', 'Texas', '20th century.', 'Corporate minutes', 'Petroleum industry and trade', 'Minutes']","[""Gift of Amanda and Ken Kellar '65"", 'The Cushing Library/Chapman Texas Collection copy is part of the Floyd & Louise Chapman Texas & Borderlands Collection.', 'Minutes are handwritten; index is typed.', 'First entry, July 9 1901 - last entry May 25, 1908.', 'Cover title.', 'Minute book, 1901-1908']","No copyright - United States; For more information, see:  http://rightsstatements.org/vocab/NoC-US/1.0/","['17 leaves (36 cm.)', '299 pages', '41 cm.']",2020-12-05T17:05:44.244000+00:00,Minutes of Houston Oil Company of Texas,"['Board of Directors', 'Houston Oil Company of Texas']",text,minutes_0284,https://api.library.tamu.edu/fcrepo/rest/3b/6f/c3/25/3b6fc325-f6ca-41d8-b91e-8c5db3be8c13/houston_oil_company_minutes_objects/303/pages/page_0/files/minutes_0284.jpg
"['History', 'Houston', 'Texas', '20th century.', 'Corporate minutes', 'Petroleum industry and trade', 'Minutes']","['The Cushing Library/Chapman Texas Collection copy is part of the Floyd & Louise Chapman Texas & Borderlands Collection.', 'Minutes are handwritten; index is typed.', 'First entry, July 9 1901 - last entry May 25, 1908.', 'Cover title.', 'Minute book, 1901-1908', ""Gift of Amanda and Ken Kellar '65""]","No copyright - United States; For more information, see:  http://rightsstatements.org/vocab/NoC-US/1.0/","['299 pages', '41 cm.', '17 leaves (36 cm.)']",2020-12-05T17:40:14.660000+00:00,Minutes of Houston Oil Company of Texas,"['Board of Directors', 'Houston Oil Company of Texas']",text,minutes_0152,https://api.library.tamu.edu/fcrepo/rest/3b/6f/c3/25/3b6fc325-f6ca-41d8-b91e-8c5db3be8c13/houston_oil_company_minutes_objects/171/pages/page_0/files/minutes_0152.jpg
"['Texas', '20th century.', 'Corporate minutes', 'Petroleum industry and trade', 'Minutes', 'History', 'Houston']","['Cover title.', 'Minute book, 1901-1908', ""Gift of Amanda and Ken Kellar '65"", 'The Cushing Library/Chapman Texas Collection copy is part of the Floyd & Louise Chapman Texas & Borderlands Collection.', 'Minutes are handwritten; index is typed.', 'First entry, July 9 1901 - last entry May 25, 1908.']","No copyright - United States; For more information, see:  http://rightsstatements.org/vocab/NoC-US/1.0/","['41 cm.', '17 leaves (36 cm.)', '299 pages']",2020-12-05T17:36:40.019000+00:00,Minutes of Houston Oil Company of Texas,"['Houston Oil Company of Texas', 'Board of Directors']",text,minutes_0300,https://api.library.tamu.edu/fcrepo/rest/3b/6f/c3/25/3b6fc325-f6ca-41d8-b91e-8c5db3be8c13/houston_oil_company_minutes_objects/319/pages/page_0/files/minutes_0300.jpg
"['Petroleum industry and trade', 'Minutes', 'History', 'Houston', 'Texas', '20th century.', 'Corporate minutes']","['Minute book, 1901-1908', ""Gift of Amanda and Ken Kellar '65"", 'The Cushing Library/Chapman Texas Collection copy is part of the Floyd & Louise Chapman Texas & Borderlands Collection.', 'Minutes are handwritten; index is typed.', 'First entry, July 9 1901 - last entry May 25, 1908.', 'Cover title.']","No copyright - United States; For more information, see:  http://rightsstatements.org/vocab/NoC-US/1.0/","['17 leaves (36 cm.)', '299 pages', '41 cm.']",2020-12-05T16:37:00.185000+00:00,Minutes of Houston Oil Company of Texas,"['Houston Oil Company of Texas', 'Board of Directors']",text,minutes_0168,https://api.library.tamu.edu/fcrepo/rest/3b/6f/c3/25/3b6fc325-f6ca-41d8-b91e-8c5db3be8c13/houston_oil_company_minutes_objects/187/pages/page_0/files/minutes_0168.jpg
"['History', 'Houston', 'Texas', '20th century.', 'Corporate minutes', 'Petroleum industry and trade', 'Minutes']","['The Cushing Library/Chapman Texas Collection copy is part of the Floyd & Louise Chapman Texas & Borderlands Collection.', 'Minutes are handwritten; index is typed.', 'First entry, July 9 1901 - last entry May 25, 1908.', 'Cover title.', 'Minute book, 1901-1908', ""Gift of Amanda and Ken Kellar '65""]","No copyright - United States; For more information, see:  http://rightsstatements.org/vocab/NoC-US/1.0/","['17 leaves (36 cm.)', '299 pages', '41 cm.']",2020-12-05T17:38:20.171000+00:00,Minutes of Houston Oil Company of Texas,"['Board of Directors', 'Houston Oil Company of Texas']",text,minutes_0121,https://api.library.tamu.edu/fcrepo/rest/3b/6f/c3/25/3b6fc325-f6ca-41d8-b91e-8c5db3be8c13/houston_oil_company_minutes_objects/140/pages/page_0/files/minutes_0121.jpg
"['Texas', '20th century.', 'Corporate minutes', 'Petroleum industry and trade', 'Minutes', 'History', 'Houston']","['Cover title.', 'Minute book, 1901-1908', ""Gift of Amanda and Ken Kellar '65"", 'The Cushing Library/Chapman Texas Collection copy is part of the Floyd & Louise Chapman Texas & Borderlands Collection.', 'Minutes are handwritten; index is typed.', 'First entry, July 9 1901 - last entry May 25, 1908.']","No copyright - United States; For more information, see:  http://rightsstatements.org/vocab/NoC-US/1.0/","['41 cm.', '17 leaves (36 cm.)', '299 pages']",2020-12-05T16:49:38.574000+00:00,Minutes of Houston Oil Company of Texas,"['Houston Oil Company of Texas', 'Board of Directors']",text,minutes_0269,https://api.library.tamu.edu/fcrepo/rest/3b/6f/c3/25/3b6fc325-f6ca-41d8-b91e-8c5db3be8c13/houston_oil_company_minutes_objects/288/pages/page_0/files/minutes_0269.jpg
"['Texas', '20th century.', 'Corporate minutes', 'Petroleum industry and trade', 'Minutes', 'History', 'Houston']","['Cover title.', 'Minute book, 1901-1908', ""Gift of Amanda and Ken Kellar '65"", 'The Cushing Library/Chapman Texas Collection copy is part of the Floyd & Louise Chapman Texas & Borderlands Collection.', 'Minutes are handwritten; index is typed.', 'First entry, July 9 1901 - last entry May 25, 1908.']","No copyright - United States; For more information, see:  http://rightsstatements.org/vocab/NoC-US/1.0/","['41 cm.', '17 leaves (36 cm.)', '299 pages']",2020-12-05T17:03:23.549000+00:00,Minutes of Houston Oil Company of Texas,"['Houston Oil Company of Texas', 'Board of Directors']",text,minutes_0135,https://api.library.tamu.edu/fcrepo/rest/3b/6f/c3/25/3b6fc325-f6ca-41d8-b91e-8c5db3be8c13/houston_oil_company_minutes_objects/154/pages/page_0/files/minutes_0135.jpg
"['History', 'Houston', 'Texas', '20th century.', 'Corporate minutes', 'Petroleum industry and trade', 'Minutes']","['The Cushing Library/Chapman Texas Collection copy is part of the Floyd & Louise Chapman Texas & Borderlands Collection.', 'Minutes are handwritten; index is typed.', 'First entry, July 9 1901 - last entry May 25, 1908.', ""Gift of Amanda and Ken Kellar '65"", 'Cover title.', 'Minute book, 1901-1908']","No copyright - United States; For more information, see:  http://rightsstatements.org/vocab/NoC-US/1.0/","['299 pages', '41 cm.', '17 leaves (36 cm.)']",2020-12-05T17:16:18.891000+00:00,Minutes of Houston Oil Company of Texas,"['Board of Directors', 'Houston Oil Company of Texas']",text,minutes_0222,https://api.library.tamu.edu/fcrepo/rest/3b/6f/c3/25/3b6fc325-f6ca-41d8-b91e-8c5db3be8c13/houston_oil_company_minutes_objects/241/pages/page_0/files/minutes_0222.jpg
"['History', 'Houston', 'Texas', '20th century.', 'Corporate minutes', 'Petroleum industry and trade', 'Minutes']","['First entry, July 9 1901 - last entry May 25, 1908.', 'Cover title.', 'Minute book, 1901-1908', ""Gift of Amanda and Ken Kellar '65"", 'The Cushing Library/Chapman Texas Collection copy is part of the Floyd & Louise Chapman Texas & Borderlands Collection.', 'Minutes are handwritten; index is typed.']","No copyright - United States; For more information, see:  http://rightsstatements.org/vocab/NoC-US/1.0/","['299 pages', '41 cm.', '17 leaves (36 cm.)']",2020-12-05T16:57:17.916000+00:00,Minutes of Houston Oil Company of Texas,"['Board of Directors', 'Houston Oil Company of Texas']",text,minutes_0061,https://api.library.tamu.edu/fcrepo/rest/3b/6f/c3/25/3b6fc325-f6ca-41d8-b91e-8c5db3be8c13/houston_oil_company_minutes_objects/80/pages/page_0/files/minutes_0061.jpg
"['History', 'Houston', 'Texas', '20th century.', 'Corporate minutes', 'Petroleum industry and trade', 'Minutes']","['The Cushing Library/Chapman Texas Collection copy is part of the Floyd & Louise Chapman Texas & Borderlands Collection.', 'Minutes are handwritten; index is typed.', 'First entry, July 9 1901 - last entry May 25, 1908.', 'Cover title.', 'Minute book, 1901-1908', ""Gift of Amanda and Ken Kellar '65""]","No copyright - United States; For more information, see:  http://rightsstatements.org/vocab/NoC-US/1.0/","['17 leaves (36 cm.)', '299 pages', '41 cm.']",2020-12-05T16:51:44.847000+00:00,Minutes of Houston Oil Company of Texas,"['Houston Oil Company of Texas', 'Board of Directors']",text,minutes_0287,https://api.library.tamu.edu/fcrepo/rest/3b/6f/c3/25/3b6fc325-f6ca-41d8-b91e-8c5db3be8c13/houston_oil_company_minutes_objects/306/pages/page_0/files/minutes_0287.jpg
"['Texas', '20th century.', 'Corporate minutes', 'Petroleum industry and trade', 'Minutes', 'History', 'Houston']","['Cover title.', 'Minute book, 1901-1908', ""Gift of Amanda and Ken Kellar '65"", 'The Cushing Library/Chapman Texas Collection copy is part of the Floyd & Louise Chapman Texas & Borderlands Collection.', 'Minutes are handwritten; index is typed.', 'First entry, July 9 1901 - last entry May 25, 1908.']","No copyright - United States; For more information, see:  http://rightsstatements.org/vocab/NoC-US/1.0/","['41 cm.', '17 leaves (36 cm.)', '299 pages']",2020-12-05T16:31:43.820000+00:00,Minutes of Houston Oil Company of Texas,"['Houston Oil Company of Texas', 'Board of Directors']",text,minutes_0124,https://api.library.tamu.edu/fcrepo/rest/3b/6f/c3/25/3b6fc325-f6ca-41d8-b91e-8c5db3be8c13/houston_oil_company_minutes_objects/143/pages/page_0/files/minutes_0124.jpg
"['History', 'Houston', 'Texas', '20th century.', 'Corporate minutes', 'Petroleum industry and trade', 'Minutes']","['First entry, July 9 1901 - last entry May 25, 1908.', 'Cover title.', 'Minute book, 1901-1908', ""Gift of Amanda and Ken Kellar '65"", 'The Cushing Library/Chapman Texas Collection copy is part of the Floyd & Louise Chapman Texas & Borderlands Collection.', 'Minutes are handwritten; index is typed.']","No copyright - United States; For more information, see:  http://rightsstatements.org/vocab/NoC-US/1.0/","['299 pages', '41 cm.', '17 leaves (36 cm.)']",2020-12-05T16:36:05.097000+00:00,Minutes of Houston Oil Company of Texas,"['Board of Directors', 'Houston Oil Company of Texas']",text,minutes_0155,https://api.library.tamu.edu/fcrepo/rest/3b/6f/c3/25/3b6fc325-f6ca-41d8-b91e-8c5db3be8c13/houston_oil_company_minutes_objects/174/pages/page_0/files/minutes_0155.jpg
"['History', 'Houston', 'Texas', '20th century.', 'Corporate minutes', 'Petroleum industry and trade', 'Minutes']","['First entry, July 9 1901 - last entry May 25, 1908.', 'Cover title.', 'Minute book, 1901-1908', ""Gift of Amanda and Ken Kellar '65"", 'The Cushing Library/Chapman Texas Collection copy is part of the Floyd & Louise Chapman Texas & Borderlands Collection.', 'Minutes are handwritten; index is typed.']","No copyright - United States; For more information, see:  http://rightsstatements.org/vocab/NoC-US/1.0/","['41 cm.', '17 leaves (36 cm.)', '299 pages']",2020-12-05T17:25:17.143000+00:00,Minutes of Houston Oil Company of Texas,"['Houston Oil Company of Texas', 'Board of Directors']",text,minutes_0211,https://api.library.tamu.edu/fcrepo/rest/3b/6f/c3/25/3b6fc325-f6ca-41d8-b91e-8c5db3be8c13/houston_oil_company_minutes_objects/230/pages/page_0/files/minutes_0211.jpg
"['Houston', 'Texas', '20th century.', 'Corporate minutes', 'Petroleum industry and trade', 'Minutes', 'History']","['Cover title.', 'Minute book, 1901-1908', ""Gift of Amanda and Ken Kellar '65"", 'The Cushing Library/Chapman Texas Collection copy is part of the Floyd & Louise Chapman Texas & Borderlands Collection.', 'Minutes are handwritten; index is typed.', 'First entry, July 9 1901 - last entry May 25, 1908.']","No copyright - United States; For more information, see:  http://rightsstatements.org/vocab/NoC-US/1.0/","['41 cm.', '17 leaves (36 cm.)', '299 pages']",2020-12-05T16:33:33.709000+00:00,Minutes of Houston Oil Company of Texas,"['Houston Oil Company of Texas', 'Board of Directors']",text,minutes_0140,https://api.library.tamu.edu/fcrepo/rest/3b/6f/c3/25/3b6fc325-f6ca-41d8-b91e-8c5db3be8c13/houston_oil_company_minutes_objects/159/pages/page_0/files/minutes_0140.jpg
"['20th century.', 'Corporate minutes', 'Petroleum industry and trade', 'History', 'Houston', 'Index', 'Texas']","['Minute book, 1901-1908', ""Gift of Amanda and Ken Kellar '65"", 'The Cushing Library/Chapman Texas Collection copy is part of the Floyd & Louise Chapman Texas & Borderlands Collection.', 'Minutes are handwritten; index is typed.', 'First entry, July 9 1901 - last entry May 25, 1908.', 'Cover title.']","No copyright - United States; For more information, see:  http://rightsstatements.org/vocab/NoC-US/1.0/","['17 leaves (36 cm.)', '299 pages', '41 cm.']",2020-12-05T17:33:06.240000+00:00,Minutes of Houston Oil Company of Texas,"['Houston Oil Company of Texas', 'Board of Directors']",text,index_0002,https://api.library.tamu.edu/fcrepo/rest/3b/6f/c3/25/3b6fc325-f6ca-41d8-b91e-8c5db3be8c13/houston_oil_company_minutes_objects/3/pages/page_0/files/Index_0002.jpg
"['Houston', 'Texas', '20th century.', 'Corporate minutes', 'Petroleum industry and trade', 'Minutes', 'History']","['Cover title.', 'Minute book, 1901-1908', ""Gift of Amanda and Ken Kellar '65"", 'The Cushing Library/Chapman Texas Collection copy is part of the Floyd & Louise Chapman Texas & Borderlands Collection.', 'Minutes are handwritten; index is typed.', 'First entry, July 9 1901 - last entry May 25, 1908.']","No copyright - United States; For more information, see:  http://rightsstatements.org/vocab/NoC-US/1.0/","['41 cm.', '17 leaves (36 cm.)', '299 pages']",2020-12-05T16:46:11.522000+00:00,Minutes of Houston Oil Company of Texas,"['Houston Oil Company of Texas', 'Board of Directors']",text,minutes_0242,https://api.library.tamu.edu/fcrepo/rest/3b/6f/c3/25/3b6fc325-f6ca-41d8-b91e-8c5db3be8c13/houston_oil_company_minutes_objects/261/pages/page_0/files/minutes_0242.jpg
"['Petroleum industry and trade', 'Minutes', 'History', 'Houston', 'Texas', '20th century.', 'Corporate minutes']","['Minute book, 1901-1908', ""Gift of Amanda and Ken Kellar '65"", 'The Cushing Library/Chapman Texas Collection copy is part of the Floyd & Louise Chapman Texas & Borderlands Collection.', 'Minutes are handwritten; index is typed.', 'First entry, July 9 1901 - last entry May 25, 1908.', 'Cover title.']","No copyright - United States; For more information, see:  http://rightsstatements.org/vocab/NoC-US/1.0/","['17 leaves (36 cm.)', '299 pages', '41 cm.']",2020-12-05T16:48:15.741000+00:00,Minutes of Houston Oil Company of Texas,"['Board of Directors', 'Houston Oil Company of Texas']",text,minutes_0256,https://api.library.tamu.edu/fcrepo/rest/3b/6f/c3/25/3b6fc325-f6ca-41d8-b91e-8c5db3be8c13/houston_oil_company_minutes_objects/275/pages/page_0/files/minutes_0256.jpg
"['20th century.', 'Corporate minutes', 'Petroleum industry and trade', 'Minutes', 'History', 'Houston', 'Texas']","['Minute book, 1901-1908', ""Gift of Amanda and Ken Kellar '65"", 'The Cushing Library/Chapman Texas Collection copy is part of the Floyd & Louise Chapman Texas & Borderlands Collection.', 'Minutes are handwritten; index is typed.', 'First entry, July 9 1901 - last entry May 25, 1908.', 'Cover title.']","No copyright - United States; For more information, see:  http://rightsstatements.org/vocab/NoC-US/1.0/","['41 cm.', '17 leaves (36 cm.)', '299 pages']",2020-12-05T17:16:33.001000+00:00,Minutes of Houston Oil Company of Texas,"['Houston Oil Company of Texas', 'Board of Directors']",text,minutes_0227,https://api.library.tamu.edu/fcrepo/rest/3b/6f/c3/25/3b6fc325-f6ca-41d8-b91e-8c5db3be8c13/houston_oil_company_minutes_objects/246/pages/page_0/files/minutes_0227.jpg
"['Texas', '20th century.', 'Corporate minutes', 'Petroleum industry and trade', 'Minutes', 'History', 'Houston']","['Minute book, 1901-1908', ""Gift of Amanda and Ken Kellar '65"", 'The Cushing Library/Chapman Texas Collection copy is part of the Floyd & Louise Chapman Texas & Borderlands Collection.', 'Minutes are handwritten; index is typed.', 'First entry, July 9 1901 - last entry May 25, 1908.', 'Cover title.']","No copyright - United States; For more information, see:  http://rightsstatements.org/vocab/NoC-US/1.0/","['17 leaves (36 cm.)', '299 pages', '41 cm.']",2020-12-05T17:27:25.029000+00:00,Minutes of Houston Oil Company of Texas,"['Houston Oil Company of Texas', 'Board of Directors']",text,minutes_0093,https://api.library.tamu.edu/fcrepo/rest/3b/6f/c3/25/3b6fc325-f6ca-41d8-b91e-8c5db3be8c13/houston_oil_company_minutes_objects/112/pages/page_0/files/minutes_0093.jpg
"['History', 'Houston', 'Texas', '20th century.', 'Corporate minutes', 'Petroleum industry and trade', 'Minutes']","['The Cushing Library/Chapman Texas Collection copy is part of the Floyd & Louise Chapman Texas & Borderlands Collection.', 'Minutes are handwritten; index is typed.', 'First entry, July 9 1901 - last entry May 25, 1908.', 'Cover title.', 'Minute book, 1901-1908', ""Gift of Amanda and Ken Kellar '65""]","No copyright - United States; For more information, see:  http://rightsstatements.org/vocab/NoC-US/1.0/","['299 pages', '41 cm.', '17 leaves (36 cm.)']",2020-12-05T17:32:09.649000+00:00,Minutes of Houston Oil Company of Texas,"['Board of Directors', 'Houston Oil Company of Texas']",text,minutes_0158,https://api.library.tamu.edu/fcrepo/rest/3b/6f/c3/25/3b6fc325-f6ca-41d8-b91e-8c5db3be8c13/houston_oil_company_minutes_objects/177/pages/page_0/files/minutes_0158.jpg
"['History', 'Houston', 'Texas', '20th century.', 'Corporate minutes', 'Petroleum industry and trade', 'Minutes']","['First entry, July 9 1901 - last entry May 25, 1908.', 'Cover title.', 'Minute book, 1901-1908', ""Gift of Amanda and Ken Kellar '65"", 'The Cushing Library/Chapman Texas Collection copy is part of the Floyd & Louise Chapman Texas & Borderlands Collection.', 'Minutes are handwritten; index is typed.']","No copyright - United States; For more information, see:  http://rightsstatements.org/vocab/NoC-US/1.0/","['299 pages', '41 cm.', '17 leaves (36 cm.)']",2020-12-05T17:07:36.874000+00:00,Minutes of Houston Oil Company of Texas,"['Houston Oil Company of Texas', 'Board of Directors']",text,minutes_0046,https://api.library.tamu.edu/fcrepo/rest/3b/6f/c3/25/3b6fc325-f6ca-41d8-b91e-8c5db3be8c13/houston_oil_company_minutes_objects/65/pages/page_0/files/minutes_0046.jpg
"['Petroleum industry and trade', 'Minutes', 'History', 'Houston', 'Texas', '20th century.', 'Corporate minutes']","['Minute book, 1901-1908', ""Gift of Amanda and Ken Kellar '65"", 'The Cushing Library/Chapman Texas Collection copy is part of the Floyd & Louise Chapman Texas & Borderlands Collection.', 'Minutes are handwritten; index is typed.', 'First entry, July 9 1901 - last entry May 25, 1908.', 'Cover title.']","No copyright - United States; For more information, see:  http://rightsstatements.org/vocab/NoC-US/1.0/","['17 leaves (36 cm.)', '299 pages', '41 cm.']",2020-12-05T17:26:13.912000+00:00,Minutes of Houston Oil Company of Texas,"['Houston Oil Company of Texas', 'Board of Directors']",text,minutes_0245,https://api.library.tamu.edu/fcrepo/rest/3b/6f/c3/25/3b6fc325-f6ca-41d8-b91e-8c5db3be8c13/houston_oil_company_minutes_objects/264/pages/page_0/files/minutes_0245.jpg
"['History', 'Houston', 'Texas', '20th century.', 'Corporate minutes', 'Petroleum industry and trade', 'Minutes']","['Cover title.', 'Minute book, 1901-1908', ""Gift of Amanda and Ken Kellar '65"", 'The Cushing Library/Chapman Texas Collection copy is part of the Floyd & Louise Chapman Texas & Borderlands Collection.', 'Minutes are handwritten; index is typed.', 'First entry, July 9 1901 - last entry May 25, 1908.']","No copyright - United States; For more information, see:  http://rightsstatements.org/vocab/NoC-US/1.0/","['41 cm.', '17 leaves (36 cm.)', '299 pages']",2020-12-05T17:14:12.008000+00:00,Minutes of Houston Oil Company of Texas,"['Houston Oil Company of Texas', 'Board of Directors']",text,minutes_0111,https://api.library.tamu.edu/fcrepo/rest/3b/6f/c3/25/3b6fc325-f6ca-41d8-b91e-8c5db3be8c13/houston_oil_company_minutes_objects/130/pages/page_0/files/minutes_0111.jpg
"['History', 'Houston', 'Texas', '20th century.', 'Corporate minutes', 'Petroleum industry and trade', 'Minutes']","['First entry, July 9 1901 - last entry May 25, 1908.', 'Cover title.', 'Minute book, 1901-1908', ""Gift of Amanda and Ken Kellar '65"", 'The Cushing Library/Chapman Texas Collection copy is part of the Floyd & Louise Chapman Texas & Borderlands Collection.', 'Minutes are handwritten; index is typed.']","No copyright - United States; For more information, see:  http://rightsstatements.org/vocab/NoC-US/1.0/","['299 pages', '41 cm.', '17 leaves (36 cm.)']",2020-12-05T17:29:18.630000+00:00,Minutes of Houston Oil Company of Texas,"['Board of Directors', 'Houston Oil Company of Texas']",text,minutes_0064,https://api.library.tamu.edu/fcrepo/rest/3b/6f/c3/25/3b6fc325-f6ca-41d8-b91e-8c5db3be8c13/houston_oil_company_minutes_objects/83/pages/page_0/files/minutes_0064.jpg
"['20th century.', 'Corporate minutes', 'Petroleum industry and trade', 'Minutes', 'History', 'Houston', 'Texas']","['Cover title.', 'Minute book, 1901-1908', ""Gift of Amanda and Ken Kellar '65"", 'The Cushing Library/Chapman Texas Collection copy is part of the Floyd & Louise Chapman Texas & Borderlands Collection.', 'Minutes are handwritten; index is typed.', 'First entry, July 9 1901 - last entry May 25, 1908.']","No copyright - United States; For more information, see:  http://rightsstatements.org/vocab/NoC-US/1.0/","['17 leaves (36 cm.)', '41 cm.', '299 pages']",2020-12-05T17:12:04.778000+00:00,Minutes of Houston Oil Company of Texas,"['Houston Oil Company of Texas', 'Board of Directors']",text,minutes_0082,https://api.library.tamu.edu/fcrepo/rest/3b/6f/c3/25/3b6fc325-f6ca-41d8-b91e-8c5db3be8c13/houston_oil_company_minutes_objects/101/pages/page_0/files/minutes_0082.jpg
"['History', 'Houston', 'Texas', '20th century.', 'Corporate minutes', 'Petroleum industry and trade', 'Minutes']","['Minute book, 1901-1908', ""Gift of Amanda and Ken Kellar '65"", 'The Cushing Library/Chapman Texas Collection copy is part of the Floyd & Louise Chapman Texas & Borderlands Collection.', 'Minutes are handwritten; index is typed.', 'First entry, July 9 1901 - last entry May 25, 1908.', 'Cover title.']","No copyright - United States; For more information, see:  http://rightsstatements.org/vocab/NoC-US/1.0/","['17 leaves (36 cm.)', '299 pages', '41 cm.']",2020-12-05T17:34:03.087000+00:00,Minutes of Houston Oil Company of Texas,"['Board of Directors', 'Houston Oil Company of Texas']",text,minutes_0127,https://api.library.tamu.edu/fcrepo/rest/3b/6f/c3/25/3b6fc325-f6ca-41d8-b91e-8c5db3be8c13/houston_oil_company_minutes_objects/146/pages/page_0/files/minutes_0127.jpg
"['History', 'Houston', 'Texas', '20th century.', 'Corporate minutes', 'Petroleum industry and trade', 'Minutes']","['First entry, July 9 1901 - last entry May 25, 1908.', 'Cover title.', 'Minute book, 1901-1908', ""Gift of Amanda and Ken Kellar '65"", 'The Cushing Library/Chapman Texas Collection copy is part of the Floyd & Louise Chapman Texas & Borderlands Collection.', 'Minutes are handwritten; index is typed.']","No copyright - United States; For more information, see:  http://rightsstatements.org/vocab/NoC-US/1.0/","['41 cm.', '17 leaves (36 cm.)', '299 pages']",2020-12-05T17:02:41.331000+00:00,Minutes of Houston Oil Company of Texas,"['Board of Directors', 'Houston Oil Company of Texas']",text,minutes_0098,https://api.library.tamu.edu/fcrepo/rest/3b/6f/c3/25/3b6fc325-f6ca-41d8-b91e-8c5db3be8c13/houston_oil_company_minutes_objects/117/pages/page_0/files/minutes_0098.jpg
"['History', 'Houston', 'Texas', '20th century.', 'Corporate minutes', 'Petroleum industry and trade', 'Minutes']","['The Cushing Library/Chapman Texas Collection copy is part of the Floyd & Louise Chapman Texas & Borderlands Collection.', 'Minutes are handwritten; index is typed.', 'First entry, July 9 1901 - last entry May 25, 1908.', 'Cover title.', 'Minute book, 1901-1908', ""Gift of Amanda and Ken Kellar '65""]","No copyright - United States; For more information, see:  http://rightsstatements.org/vocab/NoC-US/1.0/","['299 pages', '41 cm.', '17 leaves (36 cm.)']",2020-12-05T16:53:21.729000+00:00,Minutes of Houston Oil Company of Texas,"['Board of Directors', 'Houston Oil Company of Texas']",text,minutes_0015,https://api.library.tamu.edu/fcrepo/rest/3b/6f/c3/25/3b6fc325-f6ca-41d8-b91e-8c5db3be8c13/houston_oil_company_minutes_objects/34/pages/page_0/files/minutes_0015.jpg
"['Petroleum industry and trade', 'Minutes', 'History', 'Houston', 'Texas', '20th century.', 'Corporate minutes']","['Minute book, 1901-1908', ""Gift of Amanda and Ken Kellar '65"", 'The Cushing Library/Chapman Texas Collection copy is part of the Floyd & Louise Chapman Texas & Borderlands Collection.', 'Minutes are handwritten; index is typed.', 'First entry, July 9 1901 - last entry May 25, 1908.', 'Cover title.']","No copyright - United States; For more information, see:  http://rightsstatements.org/vocab/NoC-US/1.0/","['17 leaves (36 cm.)', '299 pages', '41 cm.']",2020-12-05T16:42:58.377000+00:00,Minutes of Houston Oil Company of Texas,"['Houston Oil Company of Texas', 'Board of Directors']",text,minutes_0214,https://api.library.tamu.edu/fcrepo/rest/3b/6f/c3/25/3b6fc325-f6ca-41d8-b91e-8c5db3be8c13/houston_oil_company_minutes_objects/233/pages/page_0/files/minutes_0214.jpg
"['History', 'Houston', 'Texas', '20th century.', 'Corporate minutes', 'Petroleum industry and trade', 'Minutes']","['The Cushing Library/Chapman Texas Collection copy is part of the Floyd & Louise Chapman Texas & Borderlands Collection.', 'Minutes are handwritten; index is typed.', 'First entry, July 9 1901 - last entry May 25, 1908.', 'Cover title.', 'Minute book, 1901-1908', ""Gift of Amanda and Ken Kellar '65""]","No copyright - United States; For more information, see:  http://rightsstatements.org/vocab/NoC-US/1.0/","['299 pages', '41 cm.', '17 leaves (36 cm.)']",2020-12-05T16:39:31.618000+00:00,Minutes of Houston Oil Company of Texas,"['Houston Oil Company of Texas', 'Board of Directors']",text,minutes_0185,https://api.library.tamu.edu/fcrepo/rest/3b/6f/c3/25/3b6fc325-f6ca-41d8-b91e-8c5db3be8c13/houston_oil_company_minutes_objects/204/pages/page_0/files/minutes_0185.jpg
"['Petroleum industry and trade', 'Minutes', 'History', 'Houston', 'Texas', '20th century.', 'Corporate minutes']","['Minute book, 1901-1908', ""Gift of Amanda and Ken Kellar '65"", 'The Cushing Library/Chapman Texas Collection copy is part of the Floyd & Louise Chapman Texas & Borderlands Collection.', 'Minutes are handwritten; index is typed.', 'First entry, July 9 1901 - last entry May 25, 1908.', 'Cover title.']","No copyright - United States; For more information, see:  http://rightsstatements.org/vocab/NoC-US/1.0/","['17 leaves (36 cm.)', '299 pages', '41 cm.']",2020-12-05T17:18:40.124000+00:00,Minutes of Houston Oil Company of Texas,"['Board of Directors', 'Houston Oil Company of Texas']",text,minutes_0230,https://api.library.tamu.edu/fcrepo/rest/3b/6f/c3/25/3b6fc325-f6ca-41d8-b91e-8c5db3be8c13/houston_oil_company_minutes_objects/249/pages/page_0/files/minutes_0230.jpg
"['History', 'Houston', 'Texas', '20th century.', 'Corporate minutes', 'Petroleum industry and trade', 'Minutes']","['First entry, July 9 1901 - last entry May 25, 1908.', 'Cover title.', 'Minute book, 1901-1908', ""Gift of Amanda and Ken Kellar '65"", 'The Cushing Library/Chapman Texas Collection copy is part of the Floyd & Louise Chapman Texas & Borderlands Collection.', 'Minutes are handwritten; index is typed.']","No copyright - United States; For more information, see:  http://rightsstatements.org/vocab/NoC-US/1.0/","['299 pages', '41 cm.', '17 leaves (36 cm.)']",2020-12-05T17:02:13.224000+00:00,Minutes of Houston Oil Company of Texas,"['Board of Directors', 'Houston Oil Company of Texas']",text,minutes_0053,https://api.library.tamu.edu/fcrepo/rest/3b/6f/c3/25/3b6fc325-f6ca-41d8-b91e-8c5db3be8c13/houston_oil_company_minutes_objects/72/pages/page_0/files/minutes_0053.jpg
"['20th century.', 'Corporate minutes', 'Petroleum industry and trade', 'Minutes', 'History', 'Houston', 'Texas']","['Minute book, 1901-1908', ""Gift of Amanda and Ken Kellar '65"", 'The Cushing Library/Chapman Texas Collection copy is part of the Floyd & Louise Chapman Texas & Borderlands Collection.', 'Minutes are handwritten; index is typed.', 'First entry, July 9 1901 - last entry May 25, 1908.', 'Cover title.']","No copyright - United States; For more information, see:  http://rightsstatements.org/vocab/NoC-US/1.0/","['41 cm.', '17 leaves (36 cm.)', '299 pages']",2020-12-05T17:23:09.318000+00:00,Minutes of Houston Oil Company of Texas,"['Houston Oil Company of Texas', 'Board of Directors']",text,minutes_0279,https://api.library.tamu.edu/fcrepo/rest/3b/6f/c3/25/3b6fc325-f6ca-41d8-b91e-8c5db3be8c13/houston_oil_company_minutes_objects/298/pages/page_0/files/minutes_0279.jpg
"['History', 'Houston', 'Texas', '20th century.', 'Corporate minutes', 'Petroleum industry and trade', 'Minutes']","['Minutes are handwritten; index is typed.', 'First entry, July 9 1901 - last entry May 25, 1908.', 'Cover title.', 'Minute book, 1901-1908', ""Gift of Amanda and Ken Kellar '65"", 'The Cushing Library/Chapman Texas Collection copy is part of the Floyd & Louise Chapman Texas & Borderlands Collection.']","No copyright - United States; For more information, see:  http://rightsstatements.org/vocab/NoC-US/1.0/","['299 pages', '41 cm.', '17 leaves (36 cm.)']",2020-12-05T16:26:39.224000+00:00,Minutes of Houston Oil Company of Texas,"['Board of Directors', 'Houston Oil Company of Texas']",text,minutes_0116,https://api.library.tamu.edu/fcrepo/rest/3b/6f/c3/25/3b6fc325-f6ca-41d8-b91e-8c5db3be8c13/houston_oil_company_minutes_objects/135/pages/page_0/files/minutes_0116.jpg
"['20th century.', 'Corporate minutes', 'Petroleum industry and trade', 'Minutes', 'History', 'Houston', 'Texas']","['Cover title.', 'Minute book, 1901-1908', ""Gift of Amanda and Ken Kellar '65"", 'The Cushing Library/Chapman Texas Collection copy is part of the Floyd & Louise Chapman Texas & Borderlands Collection.', 'Minutes are handwritten; index is typed.', 'First entry, July 9 1901 - last entry May 25, 1908.']","No copyright - United States; For more information, see:  http://rightsstatements.org/vocab/NoC-US/1.0/","['17 leaves (36 cm.)', '299 pages', '41 cm.']",2020-12-05T17:32:37.857000+00:00,Minutes of Houston Oil Company of Texas,"['Houston Oil Company of Texas', 'Board of Directors']",text,minutes_0004,https://api.library.tamu.edu/fcrepo/rest/3b/6f/c3/25/3b6fc325-f6ca-41d8-b91e-8c5db3be8c13/houston_oil_company_minutes_objects/23/pages/page_0/files/minutes_0004.jpg
"['20th century.', 'Corporate minutes', 'Petroleum industry and trade', 'Minutes', 'History', 'Houston', 'Texas']","['Minute book, 1901-1908', ""Gift of Amanda and Ken Kellar '65"", 'The Cushing Library/Chapman Texas Collection copy is part of the Floyd & Louise Chapman Texas & Borderlands Collection.', 'Minutes are handwritten; index is typed.', 'First entry, July 9 1901 - last entry May 25, 1908.', 'Cover title.']","No copyright - United States; For more information, see:  http://rightsstatements.org/vocab/NoC-US/1.0/","['17 leaves (36 cm.)', '299 pages', '41 cm.']",2020-12-05T16:44:48.639000+00:00,Minutes of Houston Oil Company of Texas,"['Houston Oil Company of Texas', 'Board of Directors']",text,minutes_0232,https://api.library.tamu.edu/fcrepo/rest/3b/6f/c3/25/3b6fc325-f6ca-41d8-b91e-8c5db3be8c13/houston_oil_company_minutes_objects/251/pages/page_0/files/minutes_0232.jpg
"['Texas', '20th century.', 'Corporate minutes', 'Petroleum industry and trade', 'Minutes', 'History', 'Houston']","['Cover title.', 'Minute book, 1901-1908', ""Gift of Amanda and Ken Kellar '65"", 'The Cushing Library/Chapman Texas Collection copy is part of the Floyd & Louise Chapman Texas & Borderlands Collection.', 'Minutes are handwritten; index is typed.', 'First entry, July 9 1901 - last entry May 25, 1908.']","No copyright - United States; For more information, see:  http://rightsstatements.org/vocab/NoC-US/1.0/","['41 cm.', '17 leaves (36 cm.)', '299 pages']",2020-12-05T17:20:19.179000+00:00,Minutes of Houston Oil Company of Texas,"['Houston Oil Company of Texas', 'Board of Directors']",text,minutes_0203,https://api.library.tamu.edu/fcrepo/rest/3b/6f/c3/25/3b6fc325-f6ca-41d8-b91e-8c5db3be8c13/houston_oil_company_minutes_objects/222/pages/page_0/files/minutes_0203.jpg
"['History', 'Houston', 'Texas', '20th century.', 'Corporate minutes', 'Petroleum industry and trade', 'Minutes']","['Cover title.', 'Minute book, 1901-1908', ""Gift of Amanda and Ken Kellar '65"", 'The Cushing Library/Chapman Texas Collection copy is part of the Floyd & Louise Chapman Texas & Borderlands Collection.', 'Minutes are handwritten; index is typed.', 'First entry, July 9 1901 - last entry May 25, 1908.']","No copyright - United States; For more information, see:  http://rightsstatements.org/vocab/NoC-US/1.0/","['299 pages', '41 cm.', '17 leaves (36 cm.)']",2020-12-05T16:56:08.234000+00:00,Minutes of Houston Oil Company of Texas,"['Houston Oil Company of Texas', 'Board of Directors']",text,minutes_0049,https://api.library.tamu.edu/fcrepo/rest/3b/6f/c3/25/3b6fc325-f6ca-41d8-b91e-8c5db3be8c13/houston_oil_company_minutes_objects/68/pages/page_0/files/minutes_0049.jpg
"['History', 'Houston', 'Index', 'Texas', '20th century.', 'Corporate minutes', 'Petroleum industry and trade']","['First entry, July 9 1901 - last entry May 25, 1908.', 'Cover title.', 'Minute book, 1901-1908', ""Gift of Amanda and Ken Kellar '65"", 'The Cushing Library/Chapman Texas Collection copy is part of the Floyd & Louise Chapman Texas & Borderlands Collection.', 'Minutes are handwritten; index is typed.']","No copyright - United States; For more information, see:  http://rightsstatements.org/vocab/NoC-US/1.0/","['299 pages', '41 cm.', '17 leaves (36 cm.)']",2020-12-05T16:57:59.511000+00:00,Minutes of Houston Oil Company of Texas,"['Houston Oil Company of Texas', 'Board of Directors']",text,index_0008,https://api.library.tamu.edu/fcrepo/rest/3b/6f/c3/25/3b6fc325-f6ca-41d8-b91e-8c5db3be8c13/houston_oil_company_minutes_objects/9/pages/page_0/files/Index_0008.jpg
"['History', 'Houston', 'Texas', '20th century.', 'Corporate minutes', 'Petroleum industry and trade', 'Minutes']","['Cover title.', 'Minute book, 1901-1908', ""Gift of Amanda and Ken Kellar '65"", 'The Cushing Library/Chapman Texas Collection copy is part of the Floyd & Louise Chapman Texas & Borderlands Collection.', 'Minutes are handwritten; index is typed.', 'First entry, July 9 1901 - last entry May 25, 1908.']","No copyright - United States; For more information, see:  http://rightsstatements.org/vocab/NoC-US/1.0/","['299 pages', '41 cm.', '17 leaves (36 cm.)']",2020-12-05T17:11:50.729000+00:00,Minutes of Houston Oil Company of Texas,"['Houston Oil Company of Texas', 'Board of Directors']",text,minutes_0020,https://api.library.tamu.edu/fcrepo/rest/3b/6f/c3/25/3b6fc325-f6ca-41d8-b91e-8c5db3be8c13/houston_oil_company_minutes_objects/39/pages/page_0/files/minutes_0020.jpg
"['Minutes', 'History', 'Houston', 'Texas', '20th century.', 'Corporate minutes', 'Petroleum industry and trade']","['Minute book, 1901-1908', ""Gift of Amanda and Ken Kellar '65"", 'The Cushing Library/Chapman Texas Collection copy is part of the Floyd & Louise Chapman Texas & Borderlands Collection.', 'Minutes are handwritten; index is typed.', 'First entry, July 9 1901 - last entry May 25, 1908.', 'Cover title.']","No copyright - United States; For more information, see:  http://rightsstatements.org/vocab/NoC-US/1.0/","['17 leaves (36 cm.)', '299 pages', '41 cm.']",2020-12-05T16:46:39.005000+00:00,Minutes of Houston Oil Company of Texas,"['Board of Directors', 'Houston Oil Company of Texas']",text,minutes_0248,https://api.library.tamu.edu/fcrepo/rest/3b/6f/c3/25/3b6fc325-f6ca-41d8-b91e-8c5db3be8c13/houston_oil_company_minutes_objects/267/pages/page_0/files/minutes_0248.jpg
"['Corporate minutes', 'Petroleum industry and trade', 'Minutes', 'History', 'Houston', 'Texas', '20th century.']","['Minute book, 1901-1908', ""Gift of Amanda and Ken Kellar '65"", 'The Cushing Library/Chapman Texas Collection copy is part of the Floyd & Louise Chapman Texas & Borderlands Collection.', 'Minutes are handwritten; index is typed.', 'First entry, July 9 1901 - last entry May 25, 1908.', 'Cover title.']","No copyright - United States; For more information, see:  http://rightsstatements.org/vocab/NoC-US/1.0/","['17 leaves (36 cm.)', '299 pages', '41 cm.']",2020-12-05T17:22:12.582000+00:00,Minutes of Houston Oil Company of Texas,"['Houston Oil Company of Texas', 'Board of Directors']",text,minutes_0219,https://api.library.tamu.edu/fcrepo/rest/3b/6f/c3/25/3b6fc325-f6ca-41d8-b91e-8c5db3be8c13/houston_oil_company_minutes_objects/238/pages/page_0/files/minutes_0219.jpg
"['20th century.', 'Corporate minutes', 'Petroleum industry and trade', 'Minutes', 'History', 'Houston', 'Texas']","['Minute book, 1901-1908', ""Gift of Amanda and Ken Kellar '65"", 'The Cushing Library/Chapman Texas Collection copy is part of the Floyd & Louise Chapman Texas & Borderlands Collection.', 'Minutes are handwritten; index is typed.', 'First entry, July 9 1901 - last entry May 25, 1908.', 'Cover title.']","No copyright - United States; For more information, see:  http://rightsstatements.org/vocab/NoC-US/1.0/","['17 leaves (36 cm.)', '299 pages', '41 cm.']",2020-12-05T16:26:11.282000+00:00,Minutes of Houston Oil Company of Texas,"['Houston Oil Company of Texas', 'Board of Directors']",text,minutes_0085,https://api.library.tamu.edu/fcrepo/rest/3b/6f/c3/25/3b6fc325-f6ca-41d8-b91e-8c5db3be8c13/houston_oil_company_minutes_objects/104/pages/page_0/files/minutes_0085.jpg
"['Minutes', 'History', 'Houston', 'Texas', '20th century.', 'Corporate minutes', 'Petroleum industry and trade']","['Minute book, 1901-1908', ""Gift of Amanda and Ken Kellar '65"", 'The Cushing Library/Chapman Texas Collection copy is part of the Floyd & Louise Chapman Texas & Borderlands Collection.', 'Minutes are handwritten; index is typed.', 'First entry, July 9 1901 - last entry May 25, 1908.', 'Cover title.']","No copyright - United States; For more information, see:  http://rightsstatements.org/vocab/NoC-US/1.0/","['41 cm.', '17 leaves (36 cm.)', '299 pages']",2020-12-05T17:15:36.576000+00:00,Minutes of Houston Oil Company of Texas,"['Houston Oil Company of Texas', 'Board of Directors']",text,minutes_0071,https://api.library.tamu.edu/fcrepo/rest/3b/6f/c3/25/3b6fc325-f6ca-41d8-b91e-8c5db3be8c13/houston_oil_company_minutes_objects/90/pages/page_0/files/minutes_0071.jpg
"['Texas', '20th century.', 'Corporate minutes', 'Petroleum industry and trade', 'Minutes', 'History', 'Houston']","['Cover title.', 'Minute book, 1901-1908', ""Gift of Amanda and Ken Kellar '65"", 'The Cushing Library/Chapman Texas Collection copy is part of the Floyd & Louise Chapman Texas & Borderlands Collection.', 'Minutes are handwritten; index is typed.', 'First entry, July 9 1901 - last entry May 25, 1908.']","No copyright - United States; For more information, see:  http://rightsstatements.org/vocab/NoC-US/1.0/","['41 cm.', '17 leaves (36 cm.)', '299 pages']",2020-12-05T16:35:09.729000+00:00,Minutes of Houston Oil Company of Texas,"['Houston Oil Company of Texas', 'Board of Directors']",text,minutes_0150,https://api.library.tamu.edu/fcrepo/rest/3b/6f/c3/25/3b6fc325-f6ca-41d8-b91e-8c5db3be8c13/houston_oil_company_minutes_objects/169/pages/page_0/files/minutes_0150.jpg
"['History', 'Houston', 'Texas', '20th century.', 'Corporate minutes', 'Petroleum industry and trade', 'Minutes']","['Minute book, 1901-1908', ""Gift of Amanda and Ken Kellar '65"", 'The Cushing Library/Chapman Texas Collection copy is part of the Floyd & Louise Chapman Texas & Borderlands Collection.', 'Minutes are handwritten; index is typed.', 'First entry, July 9 1901 - last entry May 25, 1908.', 'Cover title.']","No copyright - United States; For more information, see:  http://rightsstatements.org/vocab/NoC-US/1.0/","['17 leaves (36 cm.)', '299 pages', '41 cm.']",2020-12-05T16:54:58.933000+00:00,Minutes of Houston Oil Company of Texas,"['Board of Directors', 'Houston Oil Company of Texas']",text,minutes_0038,https://api.library.tamu.edu/fcrepo/rest/3b/6f/c3/25/3b6fc325-f6ca-41d8-b91e-8c5db3be8c13/houston_oil_company_minutes_objects/57/pages/page_0/files/minutes_0038.jpg
"['History', 'Houston', 'Texas', '20th century.', 'Corporate minutes', 'Petroleum industry and trade', 'Minutes']","['First entry, July 9 1901 - last entry May 25, 1908.', 'Cover title.', 'Minutes are handwritten; index is typed.', 'Minute book, 1901-1908', ""Gift of Amanda and Ken Kellar '65"", 'The Cushing Library/Chapman Texas Collection copy is part of the Floyd & Louise Chapman Texas & Borderlands Collection.']","No copyright - United States; For more information, see:  http://rightsstatements.org/vocab/NoC-US/1.0/","['299 pages', '41 cm.', '17 leaves (36 cm.)']",2020-12-05T16:50:23.876000+00:00,Minutes of Houston Oil Company of Texas,"['Houston Oil Company of Texas', 'Board of Directors']",text,minutes_0273,https://api.library.tamu.edu/fcrepo/rest/3b/6f/c3/25/3b6fc325-f6ca-41d8-b91e-8c5db3be8c13/houston_oil_company_minutes_objects/292/pages/page_0/files/minutes_0273.jpg
"['Corporate minutes', 'Petroleum industry and trade', 'Minutes', 'History', 'Houston', 'Texas', '20th century.']","['Minute book, 1901-1908', ""Gift of Amanda and Ken Kellar '65"", 'The Cushing Library/Chapman Texas Collection copy is part of the Floyd & Louise Chapman Texas & Borderlands Collection.', 'Minutes are handwritten; index is typed.', 'First entry, July 9 1901 - last entry May 25, 1908.', 'Cover title.']","No copyright - United States; For more information, see:  http://rightsstatements.org/vocab/NoC-US/1.0/","['17 leaves (36 cm.)', '299 pages', '41 cm.']",2020-12-05T16:45:02.549000+00:00,Minutes of Houston Oil Company of Texas,"['Houston Oil Company of Texas', 'Board of Directors']",text,minutes_0237,https://api.library.tamu.edu/fcrepo/rest/3b/6f/c3/25/3b6fc325-f6ca-41d8-b91e-8c5db3be8c13/houston_oil_company_minutes_objects/256/pages/page_0/files/minutes_0237.jpg
"['History', 'Houston', 'Texas', '20th century.', 'Corporate minutes', 'Petroleum industry and trade', 'Minutes']","['The Cushing Library/Chapman Texas Collection copy is part of the Floyd & Louise Chapman Texas & Borderlands Collection.', 'Minutes are handwritten; index is typed.', 'First entry, July 9 1901 - last entry May 25, 1908.', 'Cover title.', 'Minute book, 1901-1908', ""Gift of Amanda and Ken Kellar '65""]","No copyright - United States; For more information, see:  http://rightsstatements.org/vocab/NoC-US/1.0/","['299 pages', '41 cm.', '17 leaves (36 cm.)']",2020-12-05T17:36:11.385000+00:00,Minutes of Houston Oil Company of Texas,"['Houston Oil Company of Texas', 'Board of Directors']",text,minutes_0103,https://api.library.tamu.edu/fcrepo/rest/3b/6f/c3/25/3b6fc325-f6ca-41d8-b91e-8c5db3be8c13/houston_oil_company_minutes_objects/122/pages/page_0/files/minutes_0103.jpg
"['20th century.', 'Corporate minutes', 'Petroleum industry and trade', 'Minutes', 'History', 'Houston', 'Texas']","['Cover title.', 'Minute book, 1901-1908', ""Gift of Amanda and Ken Kellar '65"", 'The Cushing Library/Chapman Texas Collection copy is part of the Floyd & Louise Chapman Texas & Borderlands Collection.', 'Minutes are handwritten; index is typed.', 'First entry, July 9 1901 - last entry May 25, 1908.']","No copyright - United States; For more information, see:  http://rightsstatements.org/vocab/NoC-US/1.0/","['41 cm.', '17 leaves (36 cm.)', '299 pages']",2020-12-05T16:59:51.578000+00:00,Minutes of Houston Oil Company of Texas,"['Houston Oil Company of Texas', 'Board of Directors']",text,minutes_0056,https://api.library.tamu.edu/fcrepo/rest/3b/6f/c3/25/3b6fc325-f6ca-41d8-b91e-8c5db3be8c13/houston_oil_company_minutes_objects/75/pages/page_0/files/minutes_0056.jpg
"['History', 'Houston', 'Index', 'Texas', '20th century.', 'Corporate minutes', 'Petroleum industry and trade']","['The Cushing Library/Chapman Texas Collection copy is part of the Floyd & Louise Chapman Texas & Borderlands Collection.', 'Minutes are handwritten; index is typed.', 'First entry, July 9 1901 - last entry May 25, 1908.', 'Cover title.', 'Minute book, 1901-1908', ""Gift of Amanda and Ken Kellar '65""]","No copyright - United States; For more information, see:  http://rightsstatements.org/vocab/NoC-US/1.0/","['17 leaves (36 cm.)', '299 pages', '41 cm.']",2020-12-05T16:28:29.664000+00:00,Minutes of Houston Oil Company of Texas,"['Houston Oil Company of Texas', 'Board of Directors']",text,index_0009,https://api.library.tamu.edu/fcrepo/rest/3b/6f/c3/25/3b6fc325-f6ca-41d8-b91e-8c5db3be8c13/houston_oil_company_minutes_objects/10/pages/page_0/files/Index_0009.jpg
"['Corporate minutes', 'Petroleum industry and trade', 'Minutes', 'History', 'Houston', 'Texas', '20th century.']","['Minute book, 1901-1908', ""Gift of Amanda and Ken Kellar '65"", 'The Cushing Library/Chapman Texas Collection copy is part of the Floyd & Louise Chapman Texas & Borderlands Collection.', 'Minutes are handwritten; index is typed.', 'First entry, July 9 1901 - last entry May 25, 1908.', 'Cover title.']","No copyright - United States; For more information, see:  http://rightsstatements.org/vocab/NoC-US/1.0/","['17 leaves (36 cm.)', '299 pages', '41 cm.']",2020-12-05T17:08:33.121000+00:00,Minutes of Houston Oil Company of Texas,"['Houston Oil Company of Texas', 'Board of Directors']",text,minutes_0119,https://api.library.tamu.edu/fcrepo/rest/3b/6f/c3/25/3b6fc325-f6ca-41d8-b91e-8c5db3be8c13/houston_oil_company_minutes_objects/138/pages/page_0/files/minutes_0119.jpg
"['20th century.', 'Corporate minutes', 'Petroleum industry and trade', 'Minutes', 'History', 'Houston', 'Texas']","['Cover title.', 'Minute book, 1901-1908', ""Gift of Amanda and Ken Kellar '65"", 'The Cushing Library/Chapman Texas Collection copy is part of the Floyd & Louise Chapman Texas & Borderlands Collection.', 'Minutes are handwritten; index is typed.', 'First entry, July 9 1901 - last entry May 25, 1908.']","No copyright - United States; For more information, see:  http://rightsstatements.org/vocab/NoC-US/1.0/","['17 leaves (36 cm.)', '41 cm.', '299 pages']",2020-12-05T16:59:23.518000+00:00,Minutes of Houston Oil Company of Texas,"['Houston Oil Company of Texas', 'Board of Directors']",text,minutes_0007,https://api.library.tamu.edu/fcrepo/rest/3b/6f/c3/25/3b6fc325-f6ca-41d8-b91e-8c5db3be8c13/houston_oil_company_minutes_objects/26/pages/page_0/files/minutes_0007.jpg
"['History', 'Houston', 'Texas', '20th century.', 'Corporate minutes', 'Petroleum industry and trade', 'Minutes']","['The Cushing Library/Chapman Texas Collection copy is part of the Floyd & Louise Chapman Texas & Borderlands Collection.', 'Minutes are handwritten; index is typed.', 'First entry, July 9 1901 - last entry May 25, 1908.', 'Cover title.', ""Gift of Amanda and Ken Kellar '65"", 'Minute book, 1901-1908']","No copyright - United States; For more information, see:  http://rightsstatements.org/vocab/NoC-US/1.0/","['299 pages', '17 leaves (36 cm.)', '41 cm.']",2020-12-05T17:20:33.307000+00:00,Minutes of Houston Oil Company of Texas,"['Board of Directors', 'Houston Oil Company of Texas']",text,minutes_0206,https://api.library.tamu.edu/fcrepo/rest/3b/6f/c3/25/3b6fc325-f6ca-41d8-b91e-8c5db3be8c13/houston_oil_company_minutes_objects/225/pages/page_0/files/minutes_0206.jpg
"['Texas', '20th century.', 'Corporate minutes', 'Petroleum industry and trade', 'Minutes', 'History', 'Houston']","['Cover title.', 'Minute book, 1901-1908', ""Gift of Amanda and Ken Kellar '65"", 'The Cushing Library/Chapman Texas Collection copy is part of the Floyd & Louise Chapman Texas & Borderlands Collection.', 'Minutes are handwritten; index is typed.', 'First entry, July 9 1901 - last entry May 25, 1908.']","No copyright - United States; For more information, see:  http://rightsstatements.org/vocab/NoC-US/1.0/","['41 cm.', '17 leaves (36 cm.)', '299 pages']",2020-12-05T17:36:25.722000+00:00,Minutes of Houston Oil Company of Texas,"['Houston Oil Company of Texas', 'Board of Directors']",text,minutes_0291,https://api.library.tamu.edu/fcrepo/rest/3b/6f/c3/25/3b6fc325-f6ca-41d8-b91e-8c5db3be8c13/houston_oil_company_minutes_objects/310/pages/page_0/files/minutes_0291.jpg
"['History', 'Houston', 'Texas', '20th century.', 'Corporate minutes', 'Petroleum industry and trade', 'Minutes']","['Cover title.', 'Minute book, 1901-1908', ""Gift of Amanda and Ken Kellar '65"", 'The Cushing Library/Chapman Texas Collection copy is part of the Floyd & Louise Chapman Texas & Borderlands Collection.', 'Minutes are handwritten; index is typed.', 'First entry, July 9 1901 - last entry May 25, 1908.']","No copyright - United States; For more information, see:  http://rightsstatements.org/vocab/NoC-US/1.0/","['299 pages', '41 cm.', '17 leaves (36 cm.)']",2020-12-05T16:58:13.390000+00:00,Minutes of Houston Oil Company of Texas,"['Board of Directors', 'Houston Oil Company of Texas']",text,minutes_0074,https://api.library.tamu.edu/fcrepo/rest/3b/6f/c3/25/3b6fc325-f6ca-41d8-b91e-8c5db3be8c13/houston_oil_company_minutes_objects/93/pages/page_0/files/minutes_0074.jpg
"['Houston', 'Texas', '20th century.', 'Corporate minutes', 'Petroleum industry and trade', 'Minutes', 'History']","['Cover title.', 'Minute book, 1901-1908', ""Gift of Amanda and Ken Kellar '65"", 'The Cushing Library/Chapman Texas Collection copy is part of the Floyd & Louise Chapman Texas & Borderlands Collection.', 'Minutes are handwritten; index is typed.', 'First entry, July 9 1901 - last entry May 25, 1908.']","No copyright - United States; For more information, see:  http://rightsstatements.org/vocab/NoC-US/1.0/","['41 cm.', '17 leaves (36 cm.)', '299 pages']",2020-12-05T16:37:55.365000+00:00,Minutes of Houston Oil Company of Texas,"['Houston Oil Company of Texas', 'Board of Directors']",text,minutes_0173,https://api.library.tamu.edu/fcrepo/rest/3b/6f/c3/25/3b6fc325-f6ca-41d8-b91e-8c5db3be8c13/houston_oil_company_minutes_objects/192/pages/page_0/files/minutes_0173.jpg
"['Texas', '20th century.', 'Corporate minutes', 'Petroleum industry and trade', 'Minutes', 'History', 'Houston']","['Cover title.', 'Minute book, 1901-1908', ""Gift of Amanda and Ken Kellar '65"", 'The Cushing Library/Chapman Texas Collection copy is part of the Floyd & Louise Chapman Texas & Borderlands Collection.', 'Minutes are handwritten; index is typed.', 'First entry, July 9 1901 - last entry May 25, 1908.']","No copyright - United States; For more information, see:  http://rightsstatements.org/vocab/NoC-US/1.0/","['41 cm.', '17 leaves (36 cm.)', '299 pages']",2020-12-05T17:10:54.341000+00:00,Minutes of Houston Oil Company of Texas,"['Houston Oil Company of Texas', 'Board of Directors']",text,minutes_0144,https://api.library.tamu.edu/fcrepo/rest/3b/6f/c3/25/3b6fc325-f6ca-41d8-b91e-8c5db3be8c13/houston_oil_company_minutes_objects/163/pages/page_0/files/minutes_0144.jpg
"['History', 'Houston', 'Texas', '20th century.', 'Corporate minutes', 'Petroleum industry and trade', 'Minutes']","['The Cushing Library/Chapman Texas Collection copy is part of the Floyd & Louise Chapman Texas & Borderlands Collection.', 'Minutes are handwritten; index is typed.', 'First entry, July 9 1901 - last entry May 25, 1908.', 'Cover title.', 'Minute book, 1901-1908', ""Gift of Amanda and Ken Kellar '65""]","No copyright - United States; For more information, see:  http://rightsstatements.org/vocab/NoC-US/1.0/","['17 leaves (36 cm.)', '299 pages', '41 cm.']",2020-12-05T16:30:34.785000+00:00,Minutes of Houston Oil Company of Texas,"['Board of Directors', 'Houston Oil Company of Texas']",text,minutes_0108,https://api.library.tamu.edu/fcrepo/rest/3b/6f/c3/25/3b6fc325-f6ca-41d8-b91e-8c5db3be8c13/houston_oil_company_minutes_objects/127/pages/page_0/files/minutes_0108.jpg
"['Houston', 'Texas', '20th century.', 'Corporate minutes', 'Petroleum industry and trade', 'Minutes', 'History']","['Cover title.', 'Minute book, 1901-1908', ""Gift of Amanda and Ken Kellar '65"", 'The Cushing Library/Chapman Texas Collection copy is part of the Floyd & Louise Chapman Texas & Borderlands Collection.', 'Minutes are handwritten; index is typed.', 'First entry, July 9 1901 - last entry May 25, 1908.']","No copyright - United States; For more information, see:  http://rightsstatements.org/vocab/NoC-US/1.0/","['299 pages', '41 cm.', '17 leaves (36 cm.)']",2020-12-05T17:01:59.163000+00:00,Minutes of Houston Oil Company of Texas,"['Houston Oil Company of Texas', 'Board of Directors']",text,minutes_0025,https://api.library.tamu.edu/fcrepo/rest/3b/6f/c3/25/3b6fc325-f6ca-41d8-b91e-8c5db3be8c13/houston_oil_company_minutes_objects/44/pages/page_0/files/minutes_0025.jpg
"['Houston', 'Index', 'Texas', '20th century.', 'Corporate minutes', 'Petroleum industry and trade', 'History']","['Cover title.', 'Minute book, 1901-1908', ""Gift of Amanda and Ken Kellar '65"", 'The Cushing Library/Chapman Texas Collection copy is part of the Floyd & Louise Chapman Texas & Borderlands Collection.', 'Minutes are handwritten; index is typed.', 'First entry, July 9 1901 - last entry May 25, 1908.']","No copyright - United States; For more information, see:  http://rightsstatements.org/vocab/NoC-US/1.0/","['41 cm.', '17 leaves (36 cm.)', '299 pages']",2020-12-05T17:31:55.419000+00:00,Minutes of Houston Oil Company of Texas,"['Houston Oil Company of Texas', 'Board of Directors']",text,index_0014,https://api.library.tamu.edu/fcrepo/rest/3b/6f/c3/25/3b6fc325-f6ca-41d8-b91e-8c5db3be8c13/houston_oil_company_minutes_objects/15/pages/page_0/files/Index_0014.jpg
"['20th century.', 'Corporate minutes', 'Petroleum industry and trade', 'Minutes', 'History', 'Houston', 'Texas']","['Minute book, 1901-1908', ""Gift of Amanda and Ken Kellar '65"", 'The Cushing Library/Chapman Texas Collection copy is part of the Floyd & Louise Chapman Texas & Borderlands Collection.', 'Minutes are handwritten; index is typed.', 'First entry, July 9 1901 - last entry May 25, 1908.', 'Cover title.']","No copyright - United States; For more information, see:  http://rightsstatements.org/vocab/NoC-US/1.0/","['17 leaves (36 cm.)', '299 pages', '41 cm.']",2020-12-05T17:05:58.400000+00:00,Minutes of Houston Oil Company of Texas,"['Houston Oil Company of Texas', 'Board of Directors']",text,minutes_0012,https://api.library.tamu.edu/fcrepo/rest/3b/6f/c3/25/3b6fc325-f6ca-41d8-b91e-8c5db3be8c13/houston_oil_company_minutes_objects/31/pages/page_0/files/minutes_0012.jpg
"['Texas', '20th century.', 'Corporate minutes', 'Petroleum industry and trade', 'Minutes', 'History', 'Houston']","['Cover title.', 'Minute book, 1901-1908', ""Gift of Amanda and Ken Kellar '65"", 'The Cushing Library/Chapman Texas Collection copy is part of the Floyd & Louise Chapman Texas & Borderlands Collection.', 'Minutes are handwritten; index is typed.', 'First entry, July 9 1901 - last entry May 25, 1908.']","No copyright - United States; For more information, see:  http://rightsstatements.org/vocab/NoC-US/1.0/","['41 cm.', '17 leaves (36 cm.)', '299 pages']",2020-12-05T17:20:04.928000+00:00,Minutes of Houston Oil Company of Texas,"['Houston Oil Company of Texas', 'Board of Directors']",text,minutes_0195,https://api.library.tamu.edu/fcrepo/rest/3b/6f/c3/25/3b6fc325-f6ca-41d8-b91e-8c5db3be8c13/houston_oil_company_minutes_objects/214/pages/page_0/files/minutes_0195.jpg
"['History', 'Houston', 'Texas', '20th century.', 'Corporate minutes', 'Petroleum industry and trade', 'Minutes']","[""Gift of Amanda and Ken Kellar '65"", 'The Cushing Library/Chapman Texas Collection copy is part of the Floyd & Louise Chapman Texas & Borderlands Collection.', 'Minutes are handwritten; index is typed.', 'First entry, July 9 1901 - last entry May 25, 1908.', 'Cover title.', 'Minute book, 1901-1908']","No copyright - United States; For more information, see:  http://rightsstatements.org/vocab/NoC-US/1.0/","['299 pages', '41 cm.', '17 leaves (36 cm.)']",2020-12-05T16:51:13.577000+00:00,Minutes of Houston Oil Company of Texas,"['Board of Directors', 'Houston Oil Company of Texas']",text,minutes_0276,https://api.library.tamu.edu/fcrepo/rest/3b/6f/c3/25/3b6fc325-f6ca-41d8-b91e-8c5db3be8c13/houston_oil_company_minutes_objects/295/pages/page_0/files/minutes_0276.jpg
"['History', 'Houston', 'Texas', '20th century.', 'Corporate minutes', 'Petroleum industry and trade', 'Minutes']","['Minute book, 1901-1908', ""Gift of Amanda and Ken Kellar '65"", 'The Cushing Library/Chapman Texas Collection copy is part of the Floyd & Louise Chapman Texas & Borderlands Collection.', 'Minutes are handwritten; index is typed.', 'First entry, July 9 1901 - last entry May 25, 1908.', 'Cover title.']","No copyright - United States; For more information, see:  http://rightsstatements.org/vocab/NoC-US/1.0/","['17 leaves (36 cm.)', '299 pages', '41 cm.']",2020-12-05T16:45:43.870000+00:00,Minutes of Houston Oil Company of Texas,"['Houston Oil Company of Texas', 'Board of Directors']",text,minutes_0240,https://api.library.tamu.edu/fcrepo/rest/3b/6f/c3/25/3b6fc325-f6ca-41d8-b91e-8c5db3be8c13/houston_oil_company_minutes_objects/259/pages/page_0/files/minutes_0240.jpg
"['Texas', '20th century.', 'Corporate minutes', 'Petroleum industry and trade', 'Minutes', 'History', 'Houston']","['Minute book, 1901-1908', ""Gift of Amanda and Ken Kellar '65"", 'The Cushing Library/Chapman Texas Collection copy is part of the Floyd & Louise Chapman Texas & Borderlands Collection.', 'Minutes are handwritten; index is typed.', 'First entry, July 9 1901 - last entry May 25, 1908.', 'Cover title.']","No copyright - United States; For more information, see:  http://rightsstatements.org/vocab/NoC-US/1.0/","['41 cm.', '17 leaves (36 cm.)', '299 pages']",2020-12-05T16:58:55.510000+00:00,Minutes of Houston Oil Company of Texas,"['Houston Oil Company of Texas', 'Board of Directors']",text,minutes_0162,https://api.library.tamu.edu/fcrepo/rest/3b/6f/c3/25/3b6fc325-f6ca-41d8-b91e-8c5db3be8c13/houston_oil_company_minutes_objects/181/pages/page_0/files/minutes_0162.jpg
"['Houston', 'Texas', '20th century.', 'Corporate minutes', 'Petroleum industry and trade', 'Minutes', 'History']","['Cover title.', 'Minute book, 1901-1908', ""Gift of Amanda and Ken Kellar '65"", 'The Cushing Library/Chapman Texas Collection copy is part of the Floyd & Louise Chapman Texas & Borderlands Collection.', 'Minutes are handwritten; index is typed.', 'First entry, July 9 1901 - last entry May 25, 1908.']","No copyright - United States; For more information, see:  http://rightsstatements.org/vocab/NoC-US/1.0/","['41 cm.', '17 leaves (36 cm.)', '299 pages']",2020-12-05T17:11:08.400000+00:00,Minutes of Houston Oil Company of Texas,"['Houston Oil Company of Texas', 'Board of Directors']",text,minutes_0178,https://api.library.tamu.edu/fcrepo/rest/3b/6f/c3/25/3b6fc325-f6ca-41d8-b91e-8c5db3be8c13/houston_oil_company_minutes_objects/197/pages/page_0/files/minutes_0178.jpg
"['History', 'Houston', 'Texas', '20th century.', 'Corporate minutes', 'Petroleum industry and trade', 'Minutes']","['The Cushing Library/Chapman Texas Collection copy is part of the Floyd & Louise Chapman Texas & Borderlands Collection.', 'Minutes are handwritten; index is typed.', 'First entry, July 9 1901 - last entry May 25, 1908.', 'Cover title.', ""Gift of Amanda and Ken Kellar '65"", 'Minute book, 1901-1908']","No copyright - United States; For more information, see:  http://rightsstatements.org/vocab/NoC-US/1.0/","['299 pages', '41 cm.', '17 leaves (36 cm.)']",2020-12-05T16:38:50.281000+00:00,Minutes of Houston Oil Company of Texas,"['Board of Directors', 'Houston Oil Company of Texas']",text,minutes_0001,https://api.library.tamu.edu/fcrepo/rest/3b/6f/c3/25/3b6fc325-f6ca-41d8-b91e-8c5db3be8c13/houston_oil_company_minutes_objects/20/pages/page_0/files/minutes_0001.jpg
"['Petroleum industry and trade', 'Minutes', 'History', 'Houston', 'Texas', '20th century.', 'Corporate minutes']","['Minute book, 1901-1908', ""Gift of Amanda and Ken Kellar '65"", 'The Cushing Library/Chapman Texas Collection copy is part of the Floyd & Louise Chapman Texas & Borderlands Collection.', 'Minutes are handwritten; index is typed.', 'First entry, July 9 1901 - last entry May 25, 1908.', 'Cover title.']","No copyright - United States; For more information, see:  http://rightsstatements.org/vocab/NoC-US/1.0/","['17 leaves (36 cm.)', '299 pages', '41 cm.']",2020-12-05T17:37:37.271000+00:00,Minutes of Houston Oil Company of Texas,"['Board of Directors', 'Houston Oil Company of Texas']",text,minutes_0030,https://api.library.tamu.edu/fcrepo/rest/3b/6f/c3/25/3b6fc325-f6ca-41d8-b91e-8c5db3be8c13/houston_oil_company_minutes_objects/49/pages/page_0/files/minutes_0030.jpg
"['History', 'Houston', 'Texas', '20th century.', 'Corporate minutes', 'Petroleum industry and trade', 'Minutes']","['The Cushing Library/Chapman Texas Collection copy is part of the Floyd & Louise Chapman Texas & Borderlands Collection.', 'Minutes are handwritten; index is typed.', 'First entry, July 9 1901 - last entry May 25, 1908.', 'Cover title.', 'Minute book, 1901-1908', ""Gift of Amanda and Ken Kellar '65""]","No copyright - United States; For more information, see:  http://rightsstatements.org/vocab/NoC-US/1.0/","['299 pages', '41 cm.', '17 leaves (36 cm.)']",2020-12-05T16:54:31.134000+00:00,Minutes of Houston Oil Company of Texas,"['Houston Oil Company of Texas', 'Board of Directors']",text,minutes_0032,https://api.library.tamu.edu/fcrepo/rest/3b/6f/c3/25/3b6fc325-f6ca-41d8-b91e-8c5db3be8c13/houston_oil_company_minutes_objects/51/pages/page_0/files/minutes_0032.jpg
"['Petroleum industry and trade', 'Minutes', 'History', 'Houston', 'Texas', '20th century.', 'Corporate minutes']","['Minute book, 1901-1908', ""Gift of Amanda and Ken Kellar '65"", 'The Cushing Library/Chapman Texas Collection copy is part of the Floyd & Louise Chapman Texas & Borderlands Collection.', 'Minutes are handwritten; index is typed.', 'First entry, July 9 1901 - last entry May 25, 1908.', 'Cover title.']","No copyright - United States; For more information, see:  http://rightsstatements.org/vocab/NoC-US/1.0/","['17 leaves (36 cm.)', '299 pages', '41 cm.']",2020-12-05T17:14:40.138000+00:00,Minutes of Houston Oil Company of Texas,"['Houston Oil Company of Texas', 'Board of Directors']",text,minutes_0265,https://api.library.tamu.edu/fcrepo/rest/3b/6f/c3/25/3b6fc325-f6ca-41d8-b91e-8c5db3be8c13/houston_oil_company_minutes_objects/284/pages/page_0/files/minutes_0265.jpg
"['Houston', 'Texas', '20th century.', 'Corporate minutes', 'Petroleum industry and trade', 'Minutes', 'History']","['Cover title.', 'Minute book, 1901-1908', ""Gift of Amanda and Ken Kellar '65"", 'The Cushing Library/Chapman Texas Collection copy is part of the Floyd & Louise Chapman Texas & Borderlands Collection.', 'Minutes are handwritten; index is typed.', 'First entry, July 9 1901 - last entry May 25, 1908.']","No copyright - United States; For more information, see:  http://rightsstatements.org/vocab/NoC-US/1.0/","['299 pages', '41 cm.', '17 leaves (36 cm.)']",2020-12-05T16:32:25.076000+00:00,Minutes of Houston Oil Company of Texas,"['Houston Oil Company of Texas', 'Board of Directors']",text,minutes_0131,https://api.library.tamu.edu/fcrepo/rest/3b/6f/c3/25/3b6fc325-f6ca-41d8-b91e-8c5db3be8c13/houston_oil_company_minutes_objects/150/pages/page_0/files/minutes_0131.jpg
"['History', 'Houston', 'Index', 'Texas', '20th century.', 'Corporate minutes', 'Petroleum industry and trade']","['First entry, July 9 1901 - last entry May 25, 1908.', 'Cover title.', 'Minute book, 1901-1908', ""Gift of Amanda and Ken Kellar '65"", 'The Cushing Library/Chapman Texas Collection copy is part of the Floyd & Louise Chapman Texas & Borderlands Collection.', 'Minutes are handwritten; index is typed.']","No copyright - United States; For more information, see:  http://rightsstatements.org/vocab/NoC-US/1.0/","['41 cm.', '17 leaves (36 cm.)', '299 pages']",2020-12-05T16:36:18.834000+00:00,Minutes of Houston Oil Company of Texas,"['Board of Directors', 'Houston Oil Company of Texas']",text,index_0017,https://api.library.tamu.edu/fcrepo/rest/3b/6f/c3/25/3b6fc325-f6ca-41d8-b91e-8c5db3be8c13/houston_oil_company_minutes_objects/18/pages/page_0/files/Index_0017.jpg
"['20th century.', 'Corporate minutes', 'Petroleum industry and trade', 'Minutes', 'History', 'Houston', 'Texas']","['Cover title.', 'Minute book, 1901-1908', ""Gift of Amanda and Ken Kellar '65"", 'The Cushing Library/Chapman Texas Collection copy is part of the Floyd & Louise Chapman Texas & Borderlands Collection.', 'Minutes are handwritten; index is typed.', 'First entry, July 9 1901 - last entry May 25, 1908.']","No copyright - United States; For more information, see:  http://rightsstatements.org/vocab/NoC-US/1.0/","['17 leaves (36 cm.)', '299 pages', '41 cm.']",2020-12-05T16:40:40.617000+00:00,Minutes of Houston Oil Company of Texas,"['Houston Oil Company of Texas', 'Board of Directors']",text,minutes_0198,https://api.library.tamu.edu/fcrepo/rest/3b/6f/c3/25/3b6fc325-f6ca-41d8-b91e-8c5db3be8c13/houston_oil_company_minutes_objects/217/pages/page_0/files/minutes_0198.jpg
"['Corporate minutes', 'Petroleum industry and trade', 'Minutes', 'History', 'Houston', 'Texas', '20th century.']","['Minute book, 1901-1908', ""Gift of Amanda and Ken Kellar '65"", 'The Cushing Library/Chapman Texas Collection copy is part of the Floyd & Louise Chapman Texas & Borderlands Collection.', 'Minutes are handwritten; index is typed.', 'First entry, July 9 1901 - last entry May 25, 1908.', 'Cover title.']","No copyright - United States; For more information, see:  http://rightsstatements.org/vocab/NoC-US/1.0/","['17 leaves (36 cm.)', '299 pages', '41 cm.']",2020-12-05T17:14:54.356000+00:00,Minutes of Houston Oil Company of Texas,"['Houston Oil Company of Texas', 'Board of Directors']",text,minutes_0283,https://api.library.tamu.edu/fcrepo/rest/3b/6f/c3/25/3b6fc325-f6ca-41d8-b91e-8c5db3be8c13/houston_oil_company_minutes_objects/302/pages/page_0/files/minutes_0283.jpg
"['History', 'Houston', 'Texas', '20th century.', 'Corporate minutes', 'Petroleum industry and trade', 'Minutes']","['Minute book, 1901-1908', ""Gift of Amanda and Ken Kellar '65"", 'The Cushing Library/Chapman Texas Collection copy is part of the Floyd & Louise Chapman Texas & Borderlands Collection.', 'Minutes are handwritten; index is typed.', 'First entry, July 9 1901 - last entry May 25, 1908.', 'Cover title.']","No copyright - United States; For more information, see:  http://rightsstatements.org/vocab/NoC-US/1.0/","['17 leaves (36 cm.)', '299 pages', '41 cm.']",2020-12-05T17:30:30.142000+00:00,Minutes of Houston Oil Company of Texas,"['Board of Directors', 'Houston Oil Company of Texas']",text,minutes_0297,https://api.library.tamu.edu/fcrepo/rest/3b/6f/c3/25/3b6fc325-f6ca-41d8-b91e-8c5db3be8c13/houston_oil_company_minutes_objects/316/pages/page_0/files/minutes_0297.jpg
"['Houston', 'Texas', '20th century.', 'Corporate minutes', 'Petroleum industry and trade', 'Minutes', 'History']","['Cover title.', 'Minute book, 1901-1908', ""Gift of Amanda and Ken Kellar '65"", 'The Cushing Library/Chapman Texas Collection copy is part of the Floyd & Louise Chapman Texas & Borderlands Collection.', 'Minutes are handwritten; index is typed.', 'First entry, July 9 1901 - last entry May 25, 1908.']","No copyright - United States; For more information, see:  http://rightsstatements.org/vocab/NoC-US/1.0/","['41 cm.', '17 leaves (36 cm.)', '299 pages']",2020-12-05T17:03:09.461000+00:00,Minutes of Houston Oil Company of Texas,"['Houston Oil Company of Texas', 'Board of Directors']",text,minutes_0134,https://api.library.tamu.edu/fcrepo/rest/3b/6f/c3/25/3b6fc325-f6ca-41d8-b91e-8c5db3be8c13/houston_oil_company_minutes_objects/153/pages/page_0/files/minutes_0134.jpg
"['History', 'Houston', 'Texas', '20th century.', 'Corporate minutes', 'Petroleum industry and trade', 'Minutes']","['Cover title.', 'Minute book, 1901-1908', ""Gift of Amanda and Ken Kellar '65"", 'The Cushing Library/Chapman Texas Collection copy is part of the Floyd & Louise Chapman Texas & Borderlands Collection.', 'Minutes are handwritten; index is typed.', 'First entry, July 9 1901 - last entry May 25, 1908.']","No copyright - United States; For more information, see:  http://rightsstatements.org/vocab/NoC-US/1.0/","['41 cm.', '17 leaves (36 cm.)', '299 pages']",2020-12-05T17:30:15.861000+00:00,Minutes of Houston Oil Company of Texas,"['Houston Oil Company of Texas', 'Board of Directors']",text,minutes_0165,https://api.library.tamu.edu/fcrepo/rest/3b/6f/c3/25/3b6fc325-f6ca-41d8-b91e-8c5db3be8c13/houston_oil_company_minutes_objects/184/pages/page_0/files/minutes_0165.jpg
"['History', 'Houston', 'Texas', '20th century.', 'Corporate minutes', 'Petroleum industry and trade', 'Minutes']","['Cover title.', 'Minute book, 1901-1908', ""Gift of Amanda and Ken Kellar '65"", 'The Cushing Library/Chapman Texas Collection copy is part of the Floyd & Louise Chapman Texas & Borderlands Collection.', 'Minutes are handwritten; index is typed.', 'First entry, July 9 1901 - last entry May 25, 1908.']","No copyright - United States; For more information, see:  http://rightsstatements.org/vocab/NoC-US/1.0/","['41 cm.', '17 leaves (36 cm.)', '299 pages']",2020-12-05T17:18:11.920000+00:00,Minutes of Houston Oil Company of Texas,"['Houston Oil Company of Texas', 'Board of Directors']",text,minutes_0221,https://api.library.tamu.edu/fcrepo/rest/3b/6f/c3/25/3b6fc325-f6ca-41d8-b91e-8c5db3be8c13/houston_oil_company_minutes_objects/240/pages/page_0/files/minutes_0221.jpg
"['History', 'Houston', 'Texas', '20th century.', 'Corporate minutes', 'Petroleum industry and trade', 'Minutes']","['Cover title.', 'Minute book, 1901-1908', ""Gift of Amanda and Ken Kellar '65"", 'The Cushing Library/Chapman Texas Collection copy is part of the Floyd & Louise Chapman Texas & Borderlands Collection.', 'Minutes are handwritten; index is typed.', 'First entry, July 9 1901 - last entry May 25, 1908.']","No copyright - United States; For more information, see:  http://rightsstatements.org/vocab/NoC-US/1.0/","['41 cm.', '17 leaves (36 cm.)', '299 pages']",2020-12-05T17:21:15.845000+00:00,Minutes of Houston Oil Company of Texas,"['Houston Oil Company of Texas', 'Board of Directors']",text,minutes_0252,https://api.library.tamu.edu/fcrepo/rest/3b/6f/c3/25/3b6fc325-f6ca-41d8-b91e-8c5db3be8c13/houston_oil_company_minutes_objects/271/pages/page_0/files/minutes_0252.jpg
"['History', 'Houston', 'Texas', '20th century.', 'Corporate minutes', 'Petroleum industry and trade', 'Minutes']","[""Gift of Amanda and Ken Kellar '65"", 'The Cushing Library/Chapman Texas Collection copy is part of the Floyd & Louise Chapman Texas & Borderlands Collection.', 'Minutes are handwritten; index is typed.', 'First entry, July 9 1901 - last entry May 25, 1908.', 'Cover title.', 'Minute book, 1901-1908']","No copyright - United States; For more information, see:  http://rightsstatements.org/vocab/NoC-US/1.0/","['17 leaves (36 cm.)', '299 pages', '41 cm.']",2020-12-05T17:04:20.005000+00:00,Minutes of Houston Oil Company of Texas,"['Board of Directors', 'Houston Oil Company of Texas']",text,minutes_0069,https://api.library.tamu.edu/fcrepo/rest/3b/6f/c3/25/3b6fc325-f6ca-41d8-b91e-8c5db3be8c13/houston_oil_company_minutes_objects/88/pages/page_0/files/minutes_0069.jpg
"['History', 'Houston', 'Texas', '20th century.', 'Corporate minutes', 'Petroleum industry and trade', 'Minutes']","['The Cushing Library/Chapman Texas Collection copy is part of the Floyd & Louise Chapman Texas & Borderlands Collection.', 'Minutes are handwritten; index is typed.', 'First entry, July 9 1901 - last entry May 25, 1908.', 'Cover title.', 'Minute book, 1901-1908', ""Gift of Amanda and Ken Kellar '65""]","No copyright - United States; For more information, see:  http://rightsstatements.org/vocab/NoC-US/1.0/","['299 pages', '41 cm.', '17 leaves (36 cm.)']",2020-12-05T17:13:01.161000+00:00,Minutes of Houston Oil Company of Texas,"['Board of Directors', 'Houston Oil Company of Texas']",text,minutes_0286,https://api.library.tamu.edu/fcrepo/rest/3b/6f/c3/25/3b6fc325-f6ca-41d8-b91e-8c5db3be8c13/houston_oil_company_minutes_objects/305/pages/page_0/files/minutes_0286.jpg
"['Corporate minutes', 'Petroleum industry and trade', 'Minutes', 'History', 'Houston', 'Texas', '20th century.']","['Minute book, 1901-1908', ""Gift of Amanda and Ken Kellar '65"", 'The Cushing Library/Chapman Texas Collection copy is part of the Floyd & Louise Chapman Texas & Borderlands Collection.', 'Minutes are handwritten; index is typed.', 'First entry, July 9 1901 - last entry May 25, 1908.', 'Cover title.']","No copyright - United States; For more information, see:  http://rightsstatements.org/vocab/NoC-US/1.0/","['17 leaves (36 cm.)', '299 pages', '41 cm.']",2020-12-05T16:35:51.374000+00:00,Minutes of Houston Oil Company of Texas,"['Houston Oil Company of Texas', 'Board of Directors']",text,minutes_0154,https://api.library.tamu.edu/fcrepo/rest/3b/6f/c3/25/3b6fc325-f6ca-41d8-b91e-8c5db3be8c13/houston_oil_company_minutes_objects/173/pages/page_0/files/minutes_0154.jpg
"['History', 'Houston', 'Index', 'Texas', '20th century.', 'Corporate minutes', 'Petroleum industry and trade']","['The Cushing Library/Chapman Texas Collection copy is part of the Floyd & Louise Chapman Texas & Borderlands Collection.', 'Minutes are handwritten; index is typed.', 'First entry, July 9 1901 - last entry May 25, 1908.', 'Cover title.', 'Minute book, 1901-1908', ""Gift of Amanda and Ken Kellar '65""]","No copyright - United States; For more information, see:  http://rightsstatements.org/vocab/NoC-US/1.0/","['299 pages', '41 cm.', '17 leaves (36 cm.)']",2020-12-05T17:39:17.418000+00:00,Minutes of Houston Oil Company of Texas,"['Board of Directors', 'Houston Oil Company of Texas']",text,index_0001,https://api.library.tamu.edu/fcrepo/rest/3b/6f/c3/25/3b6fc325-f6ca-41d8-b91e-8c5db3be8c13/houston_oil_company_minutes_objects/2/pages/page_0/files/Index_0001.jpg
"['Texas', '20th century.', 'Corporate minutes', 'Petroleum industry and trade', 'Minutes', 'History', 'Houston']","['Cover title.', 'Minute book, 1901-1908', ""Gift of Amanda and Ken Kellar '65"", 'The Cushing Library/Chapman Texas Collection copy is part of the Floyd & Louise Chapman Texas & Borderlands Collection.', 'Minutes are handwritten; index is typed.', 'First entry, July 9 1901 - last entry May 25, 1908.']","No copyright - United States; For more information, see:  http://rightsstatements.org/vocab/NoC-US/1.0/","['41 cm.', '17 leaves (36 cm.)', '299 pages']",2020-12-05T16:45:57.728000+00:00,Minutes of Houston Oil Company of Texas,"['Houston Oil Company of Texas', 'Board of Directors']",text,minutes_0241,https://api.library.tamu.edu/fcrepo/rest/3b/6f/c3/25/3b6fc325-f6ca-41d8-b91e-8c5db3be8c13/houston_oil_company_minutes_objects/260/pages/page_0/files/minutes_0241.jpg
"['20th century.', 'Corporate minutes', 'Petroleum industry and trade', 'Minutes', 'History', 'Houston', 'Texas']","['Cover title.', 'Minute book, 1901-1908', ""Gift of Amanda and Ken Kellar '65"", 'The Cushing Library/Chapman Texas Collection copy is part of the Floyd & Louise Chapman Texas & Borderlands Collection.', 'Minutes are handwritten; index is typed.', 'First entry, July 9 1901 - last entry May 25, 1908.']","No copyright - United States; For more information, see:  http://rightsstatements.org/vocab/NoC-US/1.0/","['17 leaves (36 cm.)', '299 pages', '41 cm.']",2020-12-05T17:28:35.906000+00:00,Minutes of Houston Oil Company of Texas,"['Houston Oil Company of Texas', 'Board of Directors']",text,minutes_0022,https://api.library.tamu.edu/fcrepo/rest/3b/6f/c3/25/3b6fc325-f6ca-41d8-b91e-8c5db3be8c13/houston_oil_company_minutes_objects/41/pages/page_0/files/minutes_0022.jpg
"['History', 'Houston', 'Texas', '20th century.', 'Corporate minutes', 'Petroleum industry and trade', 'Minutes']","['The Cushing Library/Chapman Texas Collection copy is part of the Floyd & Louise Chapman Texas & Borderlands Collection.', 'Minutes are handwritten; index is typed.', 'First entry, July 9 1901 - last entry May 25, 1908.', 'Cover title.', 'Minute book, 1901-1908', ""Gift of Amanda and Ken Kellar '65""]","No copyright - United States; For more information, see:  http://rightsstatements.org/vocab/NoC-US/1.0/","['17 leaves (36 cm.)', '299 pages', '41 cm.']",2020-12-05T16:48:01.945000+00:00,Minutes of Houston Oil Company of Texas,"['Board of Directors', 'Houston Oil Company of Texas']",text,minutes_0255,https://api.library.tamu.edu/fcrepo/rest/3b/6f/c3/25/3b6fc325-f6ca-41d8-b91e-8c5db3be8c13/houston_oil_company_minutes_objects/274/pages/page_0/files/minutes_0255.jpg
"['History', 'Houston', 'Texas', '20th century.', 'Corporate minutes', 'Petroleum industry and trade', 'Minutes']","['The Cushing Library/Chapman Texas Collection copy is part of the Floyd & Louise Chapman Texas & Borderlands Collection.', 'Minutes are handwritten; index is typed.', 'First entry, July 9 1901 - last entry May 25, 1908.', 'Cover title.', 'Minute book, 1901-1908', ""Gift of Amanda and Ken Kellar '65""]","No copyright - United States; For more information, see:  http://rightsstatements.org/vocab/NoC-US/1.0/","['299 pages', '17 leaves (36 cm.)', '41 cm.']",2020-12-05T16:29:38.412000+00:00,Minutes of Houston Oil Company of Texas,"['Board of Directors', 'Houston Oil Company of Texas']",text,minutes_0092,https://api.library.tamu.edu/fcrepo/rest/3b/6f/c3/25/3b6fc325-f6ca-41d8-b91e-8c5db3be8c13/houston_oil_company_minutes_objects/111/pages/page_0/files/minutes_0092.jpg
"['History', 'Houston', 'Texas', '20th century.', 'Corporate minutes', 'Petroleum industry and trade', 'Minutes']","['The Cushing Library/Chapman Texas Collection copy is part of the Floyd & Louise Chapman Texas & Borderlands Collection.', 'Minutes are handwritten; index is typed.', 'First entry, July 9 1901 - last entry May 25, 1908.', 'Cover title.', 'Minute book, 1901-1908', ""Gift of Amanda and Ken Kellar '65""]","No copyright - United States; For more information, see:  http://rightsstatements.org/vocab/NoC-US/1.0/","['17 leaves (36 cm.)', '299 pages', '41 cm.']",2020-12-05T16:32:52.518000+00:00,Minutes of Houston Oil Company of Texas,"['Board of Directors', 'Houston Oil Company of Texas']",text,minutes_0137,https://api.library.tamu.edu/fcrepo/rest/3b/6f/c3/25/3b6fc325-f6ca-41d8-b91e-8c5db3be8c13/houston_oil_company_minutes_objects/156/pages/page_0/files/minutes_0137.jpg
"['Texas', '20th century.', 'Corporate minutes', 'Petroleum industry and trade', 'Minutes', 'History', 'Houston']","['Cover title.', 'Minute book, 1901-1908', ""Gift of Amanda and Ken Kellar '65"", 'The Cushing Library/Chapman Texas Collection copy is part of the Floyd & Louise Chapman Texas & Borderlands Collection.', 'Minutes are handwritten; index is typed.', 'First entry, July 9 1901 - last entry May 25, 1908.']","No copyright - United States; For more information, see:  http://rightsstatements.org/vocab/NoC-US/1.0/","['41 cm.', '17 leaves (36 cm.)', '299 pages']",2020-12-05T16:43:53.576000+00:00,Minutes of Houston Oil Company of Texas,"['Houston Oil Company of Texas', 'Board of Directors']",text,minutes_0224,https://api.library.tamu.edu/fcrepo/rest/3b/6f/c3/25/3b6fc325-f6ca-41d8-b91e-8c5db3be8c13/houston_oil_company_minutes_objects/243/pages/page_0/files/minutes_0224.jpg
"['Petroleum industry and trade', 'Minutes', '20th century.', 'History', 'Houston', 'Texas', 'Corporate minutes']","['Minute book, 1901-1908', ""Gift of Amanda and Ken Kellar '65"", 'The Cushing Library/Chapman Texas Collection copy is part of the Floyd & Louise Chapman Texas & Borderlands Collection.', 'Minutes are handwritten; index is typed.', 'First entry, July 9 1901 - last entry May 25, 1908.', 'Cover title.']","No copyright - United States; For more information, see:  http://rightsstatements.org/vocab/NoC-US/1.0/","['17 leaves (36 cm.)', '299 pages', '41 cm.']",2020-12-05T17:35:14.383000+00:00,Minutes of Houston Oil Company of Texas,"['Houston Oil Company of Texas', 'Board of Directors']",text,minutes_0063,https://api.library.tamu.edu/fcrepo/rest/3b/6f/c3/25/3b6fc325-f6ca-41d8-b91e-8c5db3be8c13/houston_oil_company_minutes_objects/82/pages/page_0/files/minutes_0063.jpg
"['History', 'Houston', 'Texas', '20th century.', 'Corporate minutes', 'Petroleum industry and trade', 'Minutes']","['First entry, July 9 1901 - last entry May 25, 1908.', 'Cover title.', 'Minute book, 1901-1908', ""Gift of Amanda and Ken Kellar '65"", 'The Cushing Library/Chapman Texas Collection copy is part of the Floyd & Louise Chapman Texas & Borderlands Collection.', 'Minutes are handwritten; index is typed.']","No copyright - United States; For more information, see:  http://rightsstatements.org/vocab/NoC-US/1.0/","['299 pages', '41 cm.', '17 leaves (36 cm.)']",2020-12-05T16:51:58.633000+00:00,Minutes of Houston Oil Company of Texas,"['Board of Directors', 'Houston Oil Company of Texas']",text,minutes_0289,https://api.library.tamu.edu/fcrepo/rest/3b/6f/c3/25/3b6fc325-f6ca-41d8-b91e-8c5db3be8c13/houston_oil_company_minutes_objects/308/pages/page_0/files/minutes_0289.jpg
"['Texas', '20th century.', 'Corporate minutes', 'Petroleum industry and trade', 'Minutes', 'History', 'Houston']","['Minute book, 1901-1908', ""Gift of Amanda and Ken Kellar '65"", 'The Cushing Library/Chapman Texas Collection copy is part of the Floyd & Louise Chapman Texas & Borderlands Collection.', 'Minutes are handwritten; index is typed.', 'First entry, July 9 1901 - last entry May 25, 1908.', 'Cover title.']","No copyright - United States; For more information, see:  http://rightsstatements.org/vocab/NoC-US/1.0/","['41 cm.', '17 leaves (36 cm.)', '299 pages']",2020-12-05T16:32:11.374000+00:00,Minutes of Houston Oil Company of Texas,"['Houston Oil Company of Texas', 'Board of Directors']",text,minutes_0126,https://api.library.tamu.edu/fcrepo/rest/3b/6f/c3/25/3b6fc325-f6ca-41d8-b91e-8c5db3be8c13/houston_oil_company_minutes_objects/145/pages/page_0/files/minutes_0126.jpg
"['History', 'Houston', 'Texas', '20th century.', 'Corporate minutes', 'Petroleum industry and trade', 'Minutes']","['The Cushing Library/Chapman Texas Collection copy is part of the Floyd & Louise Chapman Texas & Borderlands Collection.', 'Minutes are handwritten; index is typed.', 'First entry, July 9 1901 - last entry May 25, 1908.', 'Cover title.', 'Minute book, 1901-1908', ""Gift of Amanda and Ken Kellar '65""]","No copyright - United States; For more information, see:  http://rightsstatements.org/vocab/NoC-US/1.0/","['17 leaves (36 cm.)', '299 pages', '41 cm.']",2020-12-05T17:40:29.029000+00:00,Minutes of Houston Oil Company of Texas,"['Board of Directors', 'Houston Oil Company of Texas']",text,minutes_0157,https://api.library.tamu.edu/fcrepo/rest/3b/6f/c3/25/3b6fc325-f6ca-41d8-b91e-8c5db3be8c13/houston_oil_company_minutes_objects/176/pages/page_0/files/minutes_0157.jpg
"['History', 'Houston', 'Texas', '20th century.', 'Corporate minutes', 'Petroleum industry and trade', 'Minutes']","['The Cushing Library/Chapman Texas Collection copy is part of the Floyd & Louise Chapman Texas & Borderlands Collection.', 'Minutes are handwritten; index is typed.', 'First entry, July 9 1901 - last entry May 25, 1908.', 'Cover title.', 'Minute book, 1901-1908', ""Gift of Amanda and Ken Kellar '65""]","No copyright - United States; For more information, see:  http://rightsstatements.org/vocab/NoC-US/1.0/","['299 pages', '41 cm.', '17 leaves (36 cm.)']",2020-12-05T16:53:07.923000+00:00,Minutes of Houston Oil Company of Texas,"['Board of Directors', 'Houston Oil Company of Texas']",text,minutes_0014,https://api.library.tamu.edu/fcrepo/rest/3b/6f/c3/25/3b6fc325-f6ca-41d8-b91e-8c5db3be8c13/houston_oil_company_minutes_objects/33/pages/page_0/files/minutes_0014.jpg
"['History', 'Houston', 'Texas', '20th century.', 'Corporate minutes', 'Petroleum industry and trade', 'Minutes']","['The Cushing Library/Chapman Texas Collection copy is part of the Floyd & Louise Chapman Texas & Borderlands Collection.', 'Minutes are handwritten; index is typed.', 'First entry, July 9 1901 - last entry May 25, 1908.', 'Cover title.', 'Minute book, 1901-1908', ""Gift of Amanda and Ken Kellar '65""]","No copyright - United States; For more information, see:  http://rightsstatements.org/vocab/NoC-US/1.0/","['17 leaves (36 cm.)', '299 pages', '41 cm.']",2020-12-05T16:42:44.646000+00:00,Minutes of Houston Oil Company of Texas,"['Board of Directors', 'Houston Oil Company of Texas']",text,minutes_0213,https://api.library.tamu.edu/fcrepo/rest/3b/6f/c3/25/3b6fc325-f6ca-41d8-b91e-8c5db3be8c13/houston_oil_company_minutes_objects/232/pages/page_0/files/minutes_0213.jpg
"['History', 'Houston', 'Texas', '20th century.', 'Corporate minutes', 'Petroleum industry and trade', 'Minutes']","['The Cushing Library/Chapman Texas Collection copy is part of the Floyd & Louise Chapman Texas & Borderlands Collection.', 'Minutes are handwritten; index is typed.', 'First entry, July 9 1901 - last entry May 25, 1908.', 'Cover title.', 'Minute book, 1901-1908', ""Gift of Amanda and Ken Kellar '65""]","No copyright - United States; For more information, see:  http://rightsstatements.org/vocab/NoC-US/1.0/","['299 pages', '41 cm.', '17 leaves (36 cm.)']",2020-12-05T17:39:46.025000+00:00,Minutes of Houston Oil Company of Texas,"['Board of Directors', 'Houston Oil Company of Texas']",text,minutes_0059,https://api.library.tamu.edu/fcrepo/rest/3b/6f/c3/25/3b6fc325-f6ca-41d8-b91e-8c5db3be8c13/houston_oil_company_minutes_objects/78/pages/page_0/files/minutes_0059.jpg
"['Index', 'Texas', '20th century.', 'Corporate minutes', 'Petroleum industry and trade', 'History', 'Houston']","['Cover title.', 'Minute book, 1901-1908', ""Gift of Amanda and Ken Kellar '65"", 'The Cushing Library/Chapman Texas Collection copy is part of the Floyd & Louise Chapman Texas & Borderlands Collection.', 'Minutes are handwritten; index is typed.', 'First entry, July 9 1901 - last entry May 25, 1908.']","No copyright - United States; For more information, see:  http://rightsstatements.org/vocab/NoC-US/1.0/","['41 cm.', '17 leaves (36 cm.)', '299 pages']",2020-12-05T17:39:31.743000+00:00,Minutes of Houston Oil Company of Texas,"['Houston Oil Company of Texas', 'Board of Directors']",text,index_0004,https://api.library.tamu.edu/fcrepo/rest/3b/6f/c3/25/3b6fc325-f6ca-41d8-b91e-8c5db3be8c13/houston_oil_company_minutes_objects/5/pages/page_0/files/Index_0004.jpg
"['20th century.', 'Corporate minutes', 'Petroleum industry and trade', 'Minutes', 'History', 'Houston', 'Texas']","['Minute book, 1901-1908', ""Gift of Amanda and Ken Kellar '65"", 'The Cushing Library/Chapman Texas Collection copy is part of the Floyd & Louise Chapman Texas & Borderlands Collection.', 'Minutes are handwritten; index is typed.', 'First entry, July 9 1901 - last entry May 25, 1908.', 'Cover title.']","No copyright - United States; For more information, see:  http://rightsstatements.org/vocab/NoC-US/1.0/","['17 leaves (36 cm.)', '299 pages', '41 cm.']",2020-12-05T17:17:01.435000+00:00,Minutes of Houston Oil Company of Texas,"['Houston Oil Company of Texas', 'Board of Directors']",text,minutes_0258,https://api.library.tamu.edu/fcrepo/rest/3b/6f/c3/25/3b6fc325-f6ca-41d8-b91e-8c5db3be8c13/houston_oil_company_minutes_objects/277/pages/page_0/files/minutes_0258.jpg
"['History', 'Houston', 'Texas', '20th century.', 'Corporate minutes', 'Petroleum industry and trade', 'Minutes']","[""Gift of Amanda and Ken Kellar '65"", 'The Cushing Library/Chapman Texas Collection copy is part of the Floyd & Louise Chapman Texas & Borderlands Collection.', 'Minutes are handwritten; index is typed.', 'First entry, July 9 1901 - last entry May 25, 1908.', 'Cover title.', 'Minute book, 1901-1908']","No copyright - United States; For more information, see:  http://rightsstatements.org/vocab/NoC-US/1.0/","['17 leaves (36 cm.)', '299 pages', '41 cm.']",2020-12-05T17:16:47.173000+00:00,Minutes of Houston Oil Company of Texas,"['Houston Oil Company of Texas', 'Board of Directors']",text,minutes_0229,https://api.library.tamu.edu/fcrepo/rest/3b/6f/c3/25/3b6fc325-f6ca-41d8-b91e-8c5db3be8c13/houston_oil_company_minutes_objects/248/pages/page_0/files/minutes_0229.jpg
"['History', 'Houston', 'Texas', '20th century.', 'Corporate minutes', 'Petroleum industry and trade', 'Minutes']","['First entry, July 9 1901 - last entry May 25, 1908.', 'Cover title.', 'Minute book, 1901-1908', ""Gift of Amanda and Ken Kellar '65"", 'The Cushing Library/Chapman Texas Collection copy is part of the Floyd & Louise Chapman Texas & Borderlands Collection.', 'Minutes are handwritten; index is typed.']","No copyright - United States; For more information, see:  http://rightsstatements.org/vocab/NoC-US/1.0/","['299 pages', '41 cm.', '17 leaves (36 cm.)']",2020-12-05T17:35:57.034000+00:00,Minutes of Houston Oil Company of Texas,"['Board of Directors', 'Houston Oil Company of Texas']",text,minutes_0095,https://api.library.tamu.edu/fcrepo/rest/3b/6f/c3/25/3b6fc325-f6ca-41d8-b91e-8c5db3be8c13/houston_oil_company_minutes_objects/114/pages/page_0/files/minutes_0095.jpg
"['History', 'Houston', 'Texas', '20th century.', 'Corporate minutes', 'Petroleum industry and trade', 'Minutes']","['First entry, July 9 1901 - last entry May 25, 1908.', 'Cover title.', 'Minute book, 1901-1908', ""Gift of Amanda and Ken Kellar '65"", 'The Cushing Library/Chapman Texas Collection copy is part of the Floyd & Louise Chapman Texas & Borderlands Collection.', 'Minutes are handwritten; index is typed.']","No copyright - United States; For more information, see:  http://rightsstatements.org/vocab/NoC-US/1.0/","['299 pages', '41 cm.', '17 leaves (36 cm.)']",2020-12-05T17:23:23.492000+00:00,Minutes of Houston Oil Company of Texas,"['Board of Directors', 'Houston Oil Company of Texas']",text,minutes_0182,https://api.library.tamu.edu/fcrepo/rest/3b/6f/c3/25/3b6fc325-f6ca-41d8-b91e-8c5db3be8c13/houston_oil_company_minutes_objects/201/pages/page_0/files/minutes_0182.jpg
"['History', 'Houston', 'Texas', '20th century.', 'Corporate minutes', 'Petroleum industry and trade', 'Minutes']","['Minute book, 1901-1908', ""Gift of Amanda and Ken Kellar '65"", 'The Cushing Library/Chapman Texas Collection copy is part of the Floyd & Louise Chapman Texas & Borderlands Collection.', 'Minutes are handwritten; index is typed.', 'First entry, July 9 1901 - last entry May 25, 1908.', 'Cover title.']","No copyright - United States; For more information, see:  http://rightsstatements.org/vocab/NoC-US/1.0/","['17 leaves (36 cm.)', '299 pages', '41 cm.']",2020-12-05T16:44:34.850000+00:00,Minutes of Houston Oil Company of Texas,"['Houston Oil Company of Texas', 'Board of Directors']",text,minutes_0231,https://api.library.tamu.edu/fcrepo/rest/3b/6f/c3/25/3b6fc325-f6ca-41d8-b91e-8c5db3be8c13/houston_oil_company_minutes_objects/250/pages/page_0/files/minutes_0231.jpg
"['Texas', '20th century.', 'Corporate minutes', 'Petroleum industry and trade', 'Minutes', 'History', 'Houston']","['Cover title.', 'Minute book, 1901-1908', ""Gift of Amanda and Ken Kellar '65"", 'The Cushing Library/Chapman Texas Collection copy is part of the Floyd & Louise Chapman Texas & Borderlands Collection.', 'Minutes are handwritten; index is typed.', 'First entry, July 9 1901 - last entry May 25, 1908.']","No copyright - United States; For more information, see:  http://rightsstatements.org/vocab/NoC-US/1.0/","['41 cm.', '17 leaves (36 cm.)', '299 pages']",2020-12-05T17:34:17.315000+00:00,Minutes of Houston Oil Company of Texas,"['Houston Oil Company of Texas', 'Board of Directors']",text,minutes_0160,https://api.library.tamu.edu/fcrepo/rest/3b/6f/c3/25/3b6fc325-f6ca-41d8-b91e-8c5db3be8c13/houston_oil_company_minutes_objects/179/pages/page_0/files/minutes_0160.jpg
"['Texas', '20th century.', 'Corporate minutes', 'Petroleum industry and trade', 'Minutes', 'History', 'Houston']","['Cover title.', 'Minute book, 1901-1908', ""Gift of Amanda and Ken Kellar '65"", 'The Cushing Library/Chapman Texas Collection copy is part of the Floyd & Louise Chapman Texas & Borderlands Collection.', 'Minutes are handwritten; index is typed.', 'First entry, July 9 1901 - last entry May 25, 1908.']","No copyright - United States; For more information, see:  http://rightsstatements.org/vocab/NoC-US/1.0/","['17 leaves (36 cm.)', '299 pages', '41 cm.']",2020-12-05T16:55:54.363000+00:00,Minutes of Houston Oil Company of Texas,"['Houston Oil Company of Texas', 'Board of Directors']",text,minutes_0048,https://api.library.tamu.edu/fcrepo/rest/3b/6f/c3/25/3b6fc325-f6ca-41d8-b91e-8c5db3be8c13/houston_oil_company_minutes_objects/67/pages/page_0/files/minutes_0048.jpg
"['History', 'Houston', 'Index', 'Texas', '20th century.', 'Corporate minutes', 'Petroleum industry and trade']","['Cover title.', 'Minute book, 1901-1908', ""Gift of Amanda and Ken Kellar '65"", 'The Cushing Library/Chapman Texas Collection copy is part of the Floyd & Louise Chapman Texas & Borderlands Collection.', 'Minutes are handwritten; index is typed.', 'First entry, July 9 1901 - last entry May 25, 1908.']","No copyright - United States; For more information, see:  http://rightsstatements.org/vocab/NoC-US/1.0/","['299 pages', '41 cm.', '17 leaves (36 cm.)']",2020-12-05T17:00:06.200000+00:00,Minutes of Houston Oil Company of Texas,"['Board of Directors', 'Houston Oil Company of Texas']",text,index_0007,https://api.library.tamu.edu/fcrepo/rest/3b/6f/c3/25/3b6fc325-f6ca-41d8-b91e-8c5db3be8c13/houston_oil_company_minutes_objects/8/pages/page_0/files/Index_0007.jpg
"['History', 'Houston', 'Texas', '20th century.', 'Corporate minutes', 'Petroleum industry and trade', 'Minutes']","[""Gift of Amanda and Ken Kellar '65"", 'The Cushing Library/Chapman Texas Collection copy is part of the Floyd & Louise Chapman Texas & Borderlands Collection.', 'Minutes are handwritten; index is typed.', 'First entry, July 9 1901 - last entry May 25, 1908.', 'Cover title.', 'Minute book, 1901-1908']","No copyright - United States; For more information, see:  http://rightsstatements.org/vocab/NoC-US/1.0/","['17 leaves (36 cm.)', '299 pages', '41 cm.']",2020-12-05T17:09:57.958000+00:00,Minutes of Houston Oil Company of Texas,"['Board of Directors', 'Houston Oil Company of Texas']",text,minutes_0079,https://api.library.tamu.edu/fcrepo/rest/3b/6f/c3/25/3b6fc325-f6ca-41d8-b91e-8c5db3be8c13/houston_oil_company_minutes_objects/98/pages/page_0/files/minutes_0079.jpg
"['History', 'Houston', 'Texas', '20th century.', 'Corporate minutes', 'Petroleum industry and trade', 'Minutes']","['Minute book, 1901-1908', ""Gift of Amanda and Ken Kellar '65"", 'The Cushing Library/Chapman Texas Collection copy is part of the Floyd & Louise Chapman Texas & Borderlands Collection.', 'Minutes are handwritten; index is typed.', 'First entry, July 9 1901 - last entry May 25, 1908.', 'Cover title.']","No copyright - United States; For more information, see:  http://rightsstatements.org/vocab/NoC-US/1.0/","['17 leaves (36 cm.)', '299 pages', '41 cm.']",2020-12-05T16:46:25.241000+00:00,Minutes of Houston Oil Company of Texas,"['Houston Oil Company of Texas', 'Board of Directors']",text,minutes_0247,https://api.library.tamu.edu/fcrepo/rest/3b/6f/c3/25/3b6fc325-f6ca-41d8-b91e-8c5db3be8c13/houston_oil_company_minutes_objects/266/pages/page_0/files/minutes_0247.jpg
"['Corporate minutes', 'Petroleum industry and trade', 'Minutes', 'History', 'Houston', 'Texas', '20th century.']","['Minute book, 1901-1908', ""Gift of Amanda and Ken Kellar '65"", 'The Cushing Library/Chapman Texas Collection copy is part of the Floyd & Louise Chapman Texas & Borderlands Collection.', 'Minutes are handwritten; index is typed.', 'First entry, July 9 1901 - last entry May 25, 1908.', 'Cover title.']","No copyright - United States; For more information, see:  http://rightsstatements.org/vocab/NoC-US/1.0/","['17 leaves (36 cm.)', '299 pages', '41 cm.']",2020-12-05T16:26:25.321000+00:00,Minutes of Houston Oil Company of Texas,"['Houston Oil Company of Texas', 'Board of Directors']",text,minutes_0113,https://api.library.tamu.edu/fcrepo/rest/3b/6f/c3/25/3b6fc325-f6ca-41d8-b91e-8c5db3be8c13/houston_oil_company_minutes_objects/132/pages/page_0/files/minutes_0113.jpg
"['Texas', '20th century.', 'Corporate minutes', 'Petroleum industry and trade', 'Minutes', 'History', 'Houston']","['Minute book, 1901-1908', ""Gift of Amanda and Ken Kellar '65"", 'The Cushing Library/Chapman Texas Collection copy is part of the Floyd & Louise Chapman Texas & Borderlands Collection.', 'Minutes are handwritten; index is typed.', 'First entry, July 9 1901 - last entry May 25, 1908.', 'Cover title.']","No copyright - United States; For more information, see:  http://rightsstatements.org/vocab/NoC-US/1.0/","['41 cm.', '17 leaves (36 cm.)', '299 pages']",2020-12-05T17:35:28.584000+00:00,Minutes of Houston Oil Company of Texas,"['Houston Oil Company of Texas', 'Board of Directors']",text,minutes_0066,https://api.library.tamu.edu/fcrepo/rest/3b/6f/c3/25/3b6fc325-f6ca-41d8-b91e-8c5db3be8c13/houston_oil_company_minutes_objects/85/pages/page_0/files/minutes_0066.jpg
"['Texas', '20th century.', 'Corporate minutes', 'Petroleum industry and trade', 'Minutes', 'History', 'Houston']","['Minute book, 1901-1908', ""Gift of Amanda and Ken Kellar '65"", 'The Cushing Library/Chapman Texas Collection copy is part of the Floyd & Louise Chapman Texas & Borderlands Collection.', 'Minutes are handwritten; index is typed.', 'First entry, July 9 1901 - last entry May 25, 1908.', 'Cover title.']","No copyright - United States; For more information, see:  http://rightsstatements.org/vocab/NoC-US/1.0/","['41 cm.', '17 leaves (36 cm.)', '299 pages']",2020-12-05T16:28:57.134000+00:00,Minutes of Houston Oil Company of Texas,"['Houston Oil Company of Texas', 'Board of Directors']",text,minutes_0084,https://api.library.tamu.edu/fcrepo/rest/3b/6f/c3/25/3b6fc325-f6ca-41d8-b91e-8c5db3be8c13/houston_oil_company_minutes_objects/103/pages/page_0/files/minutes_0084.jpg
"['History', 'Houston', 'Texas', '20th century.', 'Corporate minutes', 'Petroleum industry and trade', 'Minutes']","['The Cushing Library/Chapman Texas Collection copy is part of the Floyd & Louise Chapman Texas & Borderlands Collection.', 'Minutes are handwritten; index is typed.', 'First entry, July 9 1901 - last entry May 25, 1908.', ""Gift of Amanda and Ken Kellar '65"", 'Cover title.', 'Minute book, 1901-1908']","No copyright - United States; For more information, see:  http://rightsstatements.org/vocab/NoC-US/1.0/","['299 pages', '41 cm.', '17 leaves (36 cm.)']",2020-12-05T17:31:41.274000+00:00,Minutes of Houston Oil Company of Texas,"['Board of Directors', 'Houston Oil Company of Texas']",text,minutes_0129,https://api.library.tamu.edu/fcrepo/rest/3b/6f/c3/25/3b6fc325-f6ca-41d8-b91e-8c5db3be8c13/houston_oil_company_minutes_objects/148/pages/page_0/files/minutes_0129.jpg
"['20th century.', 'Corporate minutes', 'Petroleum industry and trade', 'Minutes', 'History', 'Houston', 'Texas']","['Minute book, 1901-1908', ""Gift of Amanda and Ken Kellar '65"", 'The Cushing Library/Chapman Texas Collection copy is part of the Floyd & Louise Chapman Texas & Borderlands Collection.', 'Minutes are handwritten; index is typed.', 'First entry, July 9 1901 - last entry May 25, 1908.', 'Cover title.']","No copyright - United States; For more information, see:  http://rightsstatements.org/vocab/NoC-US/1.0/","['17 leaves (36 cm.)', '299 pages', '41 cm.']",2020-12-05T17:00:48.693000+00:00,Minutes of Houston Oil Company of Texas,"['Houston Oil Company of Texas', 'Board of Directors']",text,minutes_0100,https://api.library.tamu.edu/fcrepo/rest/3b/6f/c3/25/3b6fc325-f6ca-41d8-b91e-8c5db3be8c13/houston_oil_company_minutes_objects/119/pages/page_0/files/minutes_0100.jpg
"['History', 'Houston', 'Texas', '20th century.', 'Corporate minutes', 'Petroleum industry and trade', 'Minutes']","['First entry, July 9 1901 - last entry May 25, 1908.', 'Cover title.', 'Minute book, 1901-1908', ""Gift of Amanda and Ken Kellar '65"", 'The Cushing Library/Chapman Texas Collection copy is part of the Floyd & Louise Chapman Texas & Borderlands Collection.', 'Minutes are handwritten; index is typed.']","No copyright - United States; For more information, see:  http://rightsstatements.org/vocab/NoC-US/1.0/","['299 pages', '41 cm.', '17 leaves (36 cm.)']",2020-12-05T17:06:12.441000+00:00,Minutes of Houston Oil Company of Texas,"['Board of Directors', 'Houston Oil Company of Texas']",text,minutes_0017,https://api.library.tamu.edu/fcrepo/rest/3b/6f/c3/25/3b6fc325-f6ca-41d8-b91e-8c5db3be8c13/houston_oil_company_minutes_objects/36/pages/page_0/files/minutes_0017.jpg
"['20th century.', 'Corporate minutes', 'Petroleum industry and trade', 'Minutes', 'History', 'Houston', 'Texas']","['Cover title.', 'Minute book, 1901-1908', ""Gift of Amanda and Ken Kellar '65"", 'The Cushing Library/Chapman Texas Collection copy is part of the Floyd & Louise Chapman Texas & Borderlands Collection.', 'Minutes are handwritten; index is typed.', 'First entry, July 9 1901 - last entry May 25, 1908.']","No copyright - United States; For more information, see:  http://rightsstatements.org/vocab/NoC-US/1.0/","['41 cm.', '17 leaves (36 cm.)', '299 pages']",2020-12-05T16:43:25.895000+00:00,Minutes of Houston Oil Company of Texas,"['Houston Oil Company of Texas', 'Board of Directors']",text,minutes_0216,https://api.library.tamu.edu/fcrepo/rest/3b/6f/c3/25/3b6fc325-f6ca-41d8-b91e-8c5db3be8c13/houston_oil_company_minutes_objects/235/pages/page_0/files/minutes_0216.jpg
"['Texas', '20th century.', 'Corporate minutes', 'Petroleum industry and trade', 'Minutes', 'History', 'Houston']","['Minute book, 1901-1908', ""Gift of Amanda and Ken Kellar '65"", 'The Cushing Library/Chapman Texas Collection copy is part of the Floyd & Louise Chapman Texas & Borderlands Collection.', 'Minutes are handwritten; index is typed.', 'First entry, July 9 1901 - last entry May 25, 1908.', 'Cover title.']","No copyright - United States; For more information, see:  http://rightsstatements.org/vocab/NoC-US/1.0/","['17 leaves (36 cm.)', '299 pages', '41 cm.']",2020-12-05T17:28:21.788000+00:00,Minutes of Houston Oil Company of Texas,"['Houston Oil Company of Texas', 'Board of Directors']",text,minutes_0301,https://api.library.tamu.edu/fcrepo/rest/3b/6f/c3/25/3b6fc325-f6ca-41d8-b91e-8c5db3be8c13/houston_oil_company_minutes_objects/320/pages/page_0/files/minutes_0301.jpg
"['History', 'Houston', 'Texas', '20th century.', 'Corporate minutes', 'Petroleum industry and trade', 'Minutes']","['First entry, July 9 1901 - last entry May 25, 1908.', 'Cover title.', 'Minute book, 1901-1908', ""Gift of Amanda and Ken Kellar '65"", 'The Cushing Library/Chapman Texas Collection copy is part of the Floyd & Louise Chapman Texas & Borderlands Collection.', 'Minutes are handwritten; index is typed.']","No copyright - United States; For more information, see:  http://rightsstatements.org/vocab/NoC-US/1.0/","['41 cm.', '17 leaves (36 cm.)', '299 pages']",2020-12-05T17:01:02.763000+00:00,Minutes of Houston Oil Company of Texas,"['Houston Oil Company of Texas', 'Board of Directors']",text,minutes_0102,https://api.library.tamu.edu/fcrepo/rest/3b/6f/c3/25/3b6fc325-f6ca-41d8-b91e-8c5db3be8c13/houston_oil_company_minutes_objects/121/pages/page_0/files/minutes_0102.jpg
"['History', 'Houston', 'Texas', '20th century.', 'Corporate minutes', 'Petroleum industry and trade', 'Minutes']","['Cover title.', 'Minute book, 1901-1908', ""Gift of Amanda and Ken Kellar '65"", 'The Cushing Library/Chapman Texas Collection copy is part of the Floyd & Louise Chapman Texas & Borderlands Collection.', 'Minutes are handwritten; index is typed.', 'First entry, July 9 1901 - last entry May 25, 1908.']","No copyright - United States; For more information, see:  http://rightsstatements.org/vocab/NoC-US/1.0/","['299 pages', '41 cm.', '17 leaves (36 cm.)']",2020-12-05T16:57:04.063000+00:00,Minutes of Houston Oil Company of Texas,"['Houston Oil Company of Texas', 'Board of Directors']",text,minutes_0055,https://api.library.tamu.edu/fcrepo/rest/3b/6f/c3/25/3b6fc325-f6ca-41d8-b91e-8c5db3be8c13/houston_oil_company_minutes_objects/74/pages/page_0/files/minutes_0055.jpg
"['History', 'Houston', 'Texas', '20th century.', 'Corporate minutes', 'Petroleum industry and trade', 'Minutes']","['Cover title.', 'Minute book, 1901-1908', ""Gift of Amanda and Ken Kellar '65"", 'The Cushing Library/Chapman Texas Collection copy is part of the Floyd & Louise Chapman Texas & Borderlands Collection.', 'Minutes are handwritten; index is typed.', 'First entry, July 9 1901 - last entry May 25, 1908.']","No copyright - United States; For more information, see:  http://rightsstatements.org/vocab/NoC-US/1.0/","['41 cm.', '17 leaves (36 cm.)', '299 pages']",2020-12-05T16:34:28.575000+00:00,Minutes of Houston Oil Company of Texas,"['Houston Oil Company of Texas', 'Board of Directors']",text,minutes_0147,https://api.library.tamu.edu/fcrepo/rest/3b/6f/c3/25/3b6fc325-f6ca-41d8-b91e-8c5db3be8c13/houston_oil_company_minutes_objects/166/pages/page_0/files/minutes_0147.jpg
"['History', 'Houston', 'Texas', '20th century.', 'Corporate minutes', 'Petroleum industry and trade', 'Minutes']","[""Gift of Amanda and Ken Kellar '65"", 'The Cushing Library/Chapman Texas Collection copy is part of the Floyd & Louise Chapman Texas & Borderlands Collection.', 'Minutes are handwritten; index is typed.', 'First entry, July 9 1901 - last entry May 25, 1908.', 'Cover title.', 'Minute book, 1901-1908']","No copyright - United States; For more information, see:  http://rightsstatements.org/vocab/NoC-US/1.0/","['17 leaves (36 cm.)', '299 pages', '41 cm.']",2020-12-05T17:12:32.968000+00:00,Minutes of Houston Oil Company of Texas,"['Board of Directors', 'Houston Oil Company of Texas']",text,minutes_0118,https://api.library.tamu.edu/fcrepo/rest/3b/6f/c3/25/3b6fc325-f6ca-41d8-b91e-8c5db3be8c13/houston_oil_company_minutes_objects/137/pages/page_0/files/minutes_0118.jpg
"['History', 'Houston', 'Texas', '20th century.', 'Corporate minutes', 'Petroleum industry and trade', 'Minutes']","['The Cushing Library/Chapman Texas Collection copy is part of the Floyd & Louise Chapman Texas & Borderlands Collection.', 'Minutes are handwritten; index is typed.', 'First entry, July 9 1901 - last entry May 25, 1908.', 'Cover title.', 'Minute book, 1901-1908', ""Gift of Amanda and Ken Kellar '65""]","No copyright - United States; For more information, see:  http://rightsstatements.org/vocab/NoC-US/1.0/","['17 leaves (36 cm.)', '299 pages', '41 cm.']",2020-12-05T17:09:43.806000+00:00,Minutes of Houston Oil Company of Texas,"['Houston Oil Company of Texas', 'Board of Directors']",text,minutes_0035,https://api.library.tamu.edu/fcrepo/rest/3b/6f/c3/25/3b6fc325-f6ca-41d8-b91e-8c5db3be8c13/houston_oil_company_minutes_objects/54/pages/page_0/files/minutes_0035.jpg
"['Petroleum industry and trade', 'Minutes', 'History', 'Houston', 'Texas', '20th century.', 'Corporate minutes']","['Minute book, 1901-1908', ""Gift of Amanda and Ken Kellar '65"", 'The Cushing Library/Chapman Texas Collection copy is part of the Floyd & Louise Chapman Texas & Borderlands Collection.', 'Minutes are handwritten; index is typed.', 'First entry, July 9 1901 - last entry May 25, 1908.', 'Cover title.']","No copyright - United States; For more information, see:  http://rightsstatements.org/vocab/NoC-US/1.0/","['17 leaves (36 cm.)', '299 pages', '41 cm.']",2020-12-05T17:41:12.048000+00:00,Minutes of Houston Oil Company of Texas,"['Houston Oil Company of Texas', 'Board of Directors']",text,minutes_0006,https://api.library.tamu.edu/fcrepo/rest/3b/6f/c3/25/3b6fc325-f6ca-41d8-b91e-8c5db3be8c13/houston_oil_company_minutes_objects/25/pages/page_0/files/minutes_0006.jpg
"['Corporate minutes', 'Petroleum industry and trade', 'Minutes', 'History', 'Houston', 'Texas', '20th century.']","['Minute book, 1901-1908', ""Gift of Amanda and Ken Kellar '65"", 'The Cushing Library/Chapman Texas Collection copy is part of the Floyd & Louise Chapman Texas & Borderlands Collection.', 'Minutes are handwritten; index is typed.', 'First entry, July 9 1901 - last entry May 25, 1908.', 'Cover title.']","No copyright - United States; For more information, see:  http://rightsstatements.org/vocab/NoC-US/1.0/","['17 leaves (36 cm.)', '299 pages', '41 cm.']",2020-12-05T17:22:26.757000+00:00,Minutes of Houston Oil Company of Texas,"['Houston Oil Company of Texas', 'Board of Directors']",text,minutes_0234,https://api.library.tamu.edu/fcrepo/rest/3b/6f/c3/25/3b6fc325-f6ca-41d8-b91e-8c5db3be8c13/houston_oil_company_minutes_objects/253/pages/page_0/files/minutes_0234.jpg
"['History', 'Houston', 'Texas', '20th century.', 'Corporate minutes', 'Petroleum industry and trade', 'Minutes']","['Minutes are handwritten; index is typed.', 'First entry, July 9 1901 - last entry May 25, 1908.', 'Cover title.', 'Minute book, 1901-1908', ""Gift of Amanda and Ken Kellar '65"", 'The Cushing Library/Chapman Texas Collection copy is part of the Floyd & Louise Chapman Texas & Borderlands Collection.']","No copyright - United States; For more information, see:  http://rightsstatements.org/vocab/NoC-US/1.0/","['299 pages', '41 cm.', '17 leaves (36 cm.)']",2020-12-05T17:17:57.885000+00:00,Minutes of Houston Oil Company of Texas,"['Houston Oil Company of Texas', 'Board of Directors']",text,minutes_0205,https://api.library.tamu.edu/fcrepo/rest/3b/6f/c3/25/3b6fc325-f6ca-41d8-b91e-8c5db3be8c13/houston_oil_company_minutes_objects/224/pages/page_0/files/minutes_0205.jpg
"['Texas', '20th century.', 'Corporate minutes', 'Petroleum industry and trade', 'Minutes', 'History', 'Houston']","['Cover title.', 'Minute book, 1901-1908', ""Gift of Amanda and Ken Kellar '65"", 'The Cushing Library/Chapman Texas Collection copy is part of the Floyd & Louise Chapman Texas & Borderlands Collection.', 'Minutes are handwritten; index is typed.', 'First entry, July 9 1901 - last entry May 25, 1908.']","No copyright - United States; For more information, see:  http://rightsstatements.org/vocab/NoC-US/1.0/","['41 cm.', '17 leaves (36 cm.)', '299 pages']",2020-12-05T16:47:06.612000+00:00,Minutes of Houston Oil Company of Texas,"['Houston Oil Company of Texas', 'Board of Directors']",text,minutes_0250,https://api.library.tamu.edu/fcrepo/rest/3b/6f/c3/25/3b6fc325-f6ca-41d8-b91e-8c5db3be8c13/houston_oil_company_minutes_objects/269/pages/page_0/files/minutes_0250.jpg
"['20th century.', 'Corporate minutes', 'Petroleum industry and trade', 'Minutes', 'History', 'Houston', 'Texas']","['Minute book, 1901-1908', ""Gift of Amanda and Ken Kellar '65"", 'The Cushing Library/Chapman Texas Collection copy is part of the Floyd & Louise Chapman Texas & Borderlands Collection.', 'Minutes are handwritten; index is typed.', 'First entry, July 9 1901 - last entry May 25, 1908.', 'Cover title.']","No copyright - United States; For more information, see:  http://rightsstatements.org/vocab/NoC-US/1.0/","['17 leaves (36 cm.)', '299 pages', '41 cm.']",2020-12-05T17:10:12.105000+00:00,Minutes of Houston Oil Company of Texas,"['Houston Oil Company of Texas', 'Board of Directors']",text,minutes_0087,https://api.library.tamu.edu/fcrepo/rest/3b/6f/c3/25/3b6fc325-f6ca-41d8-b91e-8c5db3be8c13/houston_oil_company_minutes_objects/106/pages/page_0/files/minutes_0087.jpg
"['Texas', '20th century.', 'Corporate minutes', 'Petroleum industry and trade', 'Minutes', 'History', 'Houston']","['Cover title.', 'Minute book, 1901-1908', ""Gift of Amanda and Ken Kellar '65"", 'The Cushing Library/Chapman Texas Collection copy is part of the Floyd & Louise Chapman Texas & Borderlands Collection.', 'Minutes are handwritten; index is typed.', 'First entry, July 9 1901 - last entry May 25, 1908.']","No copyright - United States; For more information, see:  http://rightsstatements.org/vocab/NoC-US/1.0/","['41 cm.', '17 leaves (36 cm.)', '299 pages']",2020-12-05T16:28:02.129000+00:00,Minutes of Houston Oil Company of Texas,"['Houston Oil Company of Texas', 'Board of Directors']",text,minutes_0073,https://api.library.tamu.edu/fcrepo/rest/3b/6f/c3/25/3b6fc325-f6ca-41d8-b91e-8c5db3be8c13/houston_oil_company_minutes_objects/92/pages/page_0/files/minutes_0073.jpg
"['History', 'Houston', 'Texas', '20th century.', 'Corporate minutes', 'Petroleum industry and trade', 'Minutes']","['Minute book, 1901-1908', ""Gift of Amanda and Ken Kellar '65"", 'The Cushing Library/Chapman Texas Collection copy is part of the Floyd & Louise Chapman Texas & Borderlands Collection.', 'Minutes are handwritten; index is typed.', 'First entry, July 9 1901 - last entry May 25, 1908.', 'Cover title.']","No copyright - United States; For more information, see:  http://rightsstatements.org/vocab/NoC-US/1.0/","['17 leaves (36 cm.)', '299 pages', '41 cm.']",2020-12-05T17:05:16.183000+00:00,Minutes of Houston Oil Company of Texas,"['Houston Oil Company of Texas', 'Board of Directors']",text,minutes_0172,https://api.library.tamu.edu/fcrepo/rest/3b/6f/c3/25/3b6fc325-f6ca-41d8-b91e-8c5db3be8c13/houston_oil_company_minutes_objects/191/pages/page_0/files/minutes_0172.jpg
"['Corporate minutes', 'Petroleum industry and trade', 'Minutes', 'History', 'Houston', 'Texas', '20th century.']","['Minute book, 1901-1908', ""Gift of Amanda and Ken Kellar '65"", 'The Cushing Library/Chapman Texas Collection copy is part of the Floyd & Louise Chapman Texas & Borderlands Collection.', 'Minutes are handwritten; index is typed.', 'First entry, July 9 1901 - last entry May 25, 1908.', 'Cover title.']","No copyright - United States; For more information, see:  http://rightsstatements.org/vocab/NoC-US/1.0/","['17 leaves (36 cm.)', '299 pages', '41 cm.']",2020-12-05T17:04:05.931000+00:00,Minutes of Houston Oil Company of Texas,"['Houston Oil Company of Texas', 'Board of Directors']",text,minutes_0024,https://api.library.tamu.edu/fcrepo/rest/3b/6f/c3/25/3b6fc325-f6ca-41d8-b91e-8c5db3be8c13/houston_oil_company_minutes_objects/43/pages/page_0/files/minutes_0024.jpg
"['20th century.', 'Corporate minutes', 'Petroleum industry and trade', 'Minutes', 'History', 'Houston', 'Texas']","['Minute book, 1901-1908', ""Gift of Amanda and Ken Kellar '65"", 'The Cushing Library/Chapman Texas Collection copy is part of the Floyd & Louise Chapman Texas & Borderlands Collection.', 'Minutes are handwritten; index is typed.', 'First entry, July 9 1901 - last entry May 25, 1908.', 'Cover title.']","No copyright - United States; For more information, see:  http://rightsstatements.org/vocab/NoC-US/1.0/","['17 leaves (36 cm.)', '299 pages', '41 cm.']",2020-12-05T17:21:58.345000+00:00,Minutes of Houston Oil Company of Texas,"['Houston Oil Company of Texas', 'Board of Directors']",text,minutes_0188,https://api.library.tamu.edu/fcrepo/rest/3b/6f/c3/25/3b6fc325-f6ca-41d8-b91e-8c5db3be8c13/houston_oil_company_minutes_objects/207/pages/page_0/files/minutes_0188.jpg
"['20th century.', 'Corporate minutes', 'Petroleum industry and trade', 'Minutes', 'History', 'Houston', 'Texas']","['Minute book, 1901-1908', ""Gift of Amanda and Ken Kellar '65"", 'The Cushing Library/Chapman Texas Collection copy is part of the Floyd & Louise Chapman Texas & Borderlands Collection.', 'Minutes are handwritten; index is typed.', 'First entry, July 9 1901 - last entry May 25, 1908.', 'Cover title.']","No copyright - United States; For more information, see:  http://rightsstatements.org/vocab/NoC-US/1.0/","['41 cm.', '17 leaves (36 cm.)', '299 pages']",2020-12-05T17:09:15.670000+00:00,Minutes of Houston Oil Company of Texas,"['Houston Oil Company of Texas', 'Board of Directors']",text,minutes_0011,https://api.library.tamu.edu/fcrepo/rest/3b/6f/c3/25/3b6fc325-f6ca-41d8-b91e-8c5db3be8c13/houston_oil_company_minutes_objects/30/pages/page_0/files/minutes_0011.jpg
"['History', 'Houston', 'Texas', '20th century.', 'Corporate minutes', 'Petroleum industry and trade', 'Minutes']","['First entry, July 9 1901 - last entry May 25, 1908.', 'Cover title.', 'Minute book, 1901-1908', ""Gift of Amanda and Ken Kellar '65"", 'The Cushing Library/Chapman Texas Collection copy is part of the Floyd & Louise Chapman Texas & Borderlands Collection.', 'Minutes are handwritten; index is typed.']","No copyright - United States; For more information, see:  http://rightsstatements.org/vocab/NoC-US/1.0/","['299 pages', '41 cm.', '17 leaves (36 cm.)']",2020-12-05T16:27:20.947000+00:00,Minutes of Houston Oil Company of Texas,"['Houston Oil Company of Texas', 'Board of Directors']",text,minutes_0040,https://api.library.tamu.edu/fcrepo/rest/3b/6f/c3/25/3b6fc325-f6ca-41d8-b91e-8c5db3be8c13/houston_oil_company_minutes_objects/59/pages/page_0/files/minutes_0040.jpg
"['History', 'Houston', 'Texas', '20th century.', 'Corporate minutes', 'Petroleum industry and trade', 'Minutes']","[""Gift of Amanda and Ken Kellar '65"", 'The Cushing Library/Chapman Texas Collection copy is part of the Floyd & Louise Chapman Texas & Borderlands Collection.', 'Minutes are handwritten; index is typed.', 'First entry, July 9 1901 - last entry May 25, 1908.', 'Cover title.', 'Minute book, 1901-1908']","No copyright - United States; For more information, see:  http://rightsstatements.org/vocab/NoC-US/1.0/","['17 leaves (36 cm.)', '299 pages', '41 cm.']",2020-12-05T16:50:57.145000+00:00,Minutes of Houston Oil Company of Texas,"['Houston Oil Company of Texas', 'Board of Directors']",text,minutes_0275,https://api.library.tamu.edu/fcrepo/rest/3b/6f/c3/25/3b6fc325-f6ca-41d8-b91e-8c5db3be8c13/houston_oil_company_minutes_objects/294/pages/page_0/files/minutes_0275.jpg
"['History', 'Houston', 'Texas', '20th century.', 'Corporate minutes', 'Petroleum industry and trade', 'Minutes']","['Cover title.', 'Minute book, 1901-1908', ""Gift of Amanda and Ken Kellar '65"", 'The Cushing Library/Chapman Texas Collection copy is part of the Floyd & Louise Chapman Texas & Borderlands Collection.', 'Minutes are handwritten; index is typed.', 'First entry, July 9 1901 - last entry May 25, 1908.']","No copyright - United States; For more information, see:  http://rightsstatements.org/vocab/NoC-US/1.0/","['41 cm.', '17 leaves (36 cm.)', '299 pages']",2020-12-05T16:27:34.708000+00:00,Minutes of Houston Oil Company of Texas,"['Houston Oil Company of Texas', 'Board of Directors']",text,minutes_0042,https://api.library.tamu.edu/fcrepo/rest/3b/6f/c3/25/3b6fc325-f6ca-41d8-b91e-8c5db3be8c13/houston_oil_company_minutes_objects/61/pages/page_0/files/minutes_0042.jpg
"['History', 'Houston', 'Texas', '20th century.', 'Corporate minutes', 'Petroleum industry and trade', 'Minutes']","['The Cushing Library/Chapman Texas Collection copy is part of the Floyd & Louise Chapman Texas & Borderlands Collection.', 'Minutes are handwritten; index is typed.', 'First entry, July 9 1901 - last entry May 25, 1908.', 'Cover title.', 'Minute book, 1901-1908', ""Gift of Amanda and Ken Kellar '65""]","No copyright - United States; For more information, see:  http://rightsstatements.org/vocab/NoC-US/1.0/","['299 pages', '41 cm.', '17 leaves (36 cm.)']",2020-12-05T16:34:01.123000+00:00,Minutes of Houston Oil Company of Texas,"['Board of Directors', 'Houston Oil Company of Texas']",text,minutes_0141,https://api.library.tamu.edu/fcrepo/rest/3b/6f/c3/25/3b6fc325-f6ca-41d8-b91e-8c5db3be8c13/houston_oil_company_minutes_objects/160/pages/page_0/files/minutes_0141.jpg
"['20th century.', 'Corporate minutes', 'Petroleum industry and trade', 'Minutes', 'History', 'Houston', 'Texas']","['Minute book, 1901-1908', ""Gift of Amanda and Ken Kellar '65"", 'The Cushing Library/Chapman Texas Collection copy is part of the Floyd & Louise Chapman Texas & Borderlands Collection.', 'Minutes are handwritten; index is typed.', 'First entry, July 9 1901 - last entry May 25, 1908.', 'Cover title.']","No copyright - United States; For more information, see:  http://rightsstatements.org/vocab/NoC-US/1.0/","['17 leaves (36 cm.)', '299 pages', '41 cm.']",2020-12-05T16:45:30.090000+00:00,Minutes of Houston Oil Company of Texas,"['Houston Oil Company of Texas', 'Board of Directors']",text,minutes_0239,https://api.library.tamu.edu/fcrepo/rest/3b/6f/c3/25/3b6fc325-f6ca-41d8-b91e-8c5db3be8c13/houston_oil_company_minutes_objects/258/pages/page_0/files/minutes_0239.jpg
"['History', 'Houston', 'Texas', '20th century.', 'Corporate minutes', 'Petroleum industry and trade', 'Minutes']","['The Cushing Library/Chapman Texas Collection copy is part of the Floyd & Louise Chapman Texas & Borderlands Collection.', 'Minutes are handwritten; index is typed.', 'First entry, July 9 1901 - last entry May 25, 1908.', 'Cover title.', ""Gift of Amanda and Ken Kellar '65"", 'Minute book, 1901-1908']","No copyright - United States; For more information, see:  http://rightsstatements.org/vocab/NoC-US/1.0/","['299 pages', '41 cm.', '17 leaves (36 cm.)']",2020-12-05T17:29:47.099000+00:00,Minutes of Houston Oil Company of Texas,"['Board of Directors', 'Houston Oil Company of Texas']",text,minutes_0105,https://api.library.tamu.edu/fcrepo/rest/3b/6f/c3/25/3b6fc325-f6ca-41d8-b91e-8c5db3be8c13/houston_oil_company_minutes_objects/124/pages/page_0/files/minutes_0105.jpg
"['History', 'Houston', 'Index', 'Texas', '20th century.', 'Corporate minutes', 'Petroleum industry and trade']","[""Gift of Amanda and Ken Kellar '65"", 'The Cushing Library/Chapman Texas Collection copy is part of the Floyd & Louise Chapman Texas & Borderlands Collection.', 'Minutes are handwritten; index is typed.', 'First entry, July 9 1901 - last entry May 25, 1908.', 'Cover title.', 'Minute book, 1901-1908']","No copyright - United States; For more information, see:  http://rightsstatements.org/vocab/NoC-US/1.0/","['17 leaves (36 cm.)', '299 pages', '41 cm.']",2020-12-05T17:33:34.534000+00:00,Minutes of Houston Oil Company of Texas,"['Houston Oil Company of Texas', 'Board of Directors']",text,index_0011,https://api.library.tamu.edu/fcrepo/rest/3b/6f/c3/25/3b6fc325-f6ca-41d8-b91e-8c5db3be8c13/houston_oil_company_minutes_objects/12/pages/page_0/files/Index_0011.jpg
"['Houston', 'Texas', '20th century.', 'Corporate minutes', 'Petroleum industry and trade', 'Minutes', 'History']","['Cover title.', 'Minute book, 1901-1908', ""Gift of Amanda and Ken Kellar '65"", 'The Cushing Library/Chapman Texas Collection copy is part of the Floyd & Louise Chapman Texas & Borderlands Collection.', 'Minutes are handwritten; index is typed.', 'First entry, July 9 1901 - last entry May 25, 1908.']","No copyright - United States; For more information, see:  http://rightsstatements.org/vocab/NoC-US/1.0/","['41 cm.', '17 leaves (36 cm.)', '299 pages']",2020-12-05T17:06:40.679000+00:00,Minutes of Houston Oil Company of Texas,"['Houston Oil Company of Texas', 'Board of Directors']",text,minutes_0090,https://api.library.tamu.edu/fcrepo/rest/3b/6f/c3/25/3b6fc325-f6ca-41d8-b91e-8c5db3be8c13/houston_oil_company_minutes_objects/109/pages/page_0/files/minutes_0090.jpg
"['History', 'Houston', 'Texas', '20th century.', 'Corporate minutes', 'Petroleum industry and trade', 'Minutes']","['The Cushing Library/Chapman Texas Collection copy is part of the Floyd & Louise Chapman Texas & Borderlands Collection.', 'Minutes are handwritten; index is typed.', 'First entry, July 9 1901 - last entry May 25, 1908.', 'Cover title.', 'Minute book, 1901-1908', ""Gift of Amanda and Ken Kellar '65""]","No copyright - United States; For more information, see:  http://rightsstatements.org/vocab/NoC-US/1.0/","['299 pages', '41 cm.', '17 leaves (36 cm.)']",2020-12-05T16:40:12.991000+00:00,Minutes of Houston Oil Company of Texas,"['Board of Directors', 'Houston Oil Company of Texas']",text,minutes_0192,https://api.library.tamu.edu/fcrepo/rest/3b/6f/c3/25/3b6fc325-f6ca-41d8-b91e-8c5db3be8c13/houston_oil_company_minutes_objects/211/pages/page_0/files/minutes_0192.jpg
"['Minutes', 'History', 'Houston', 'Texas', '20th century.', 'Corporate minutes', 'Petroleum industry and trade']","['Minute book, 1901-1908', ""Gift of Amanda and Ken Kellar '65"", 'The Cushing Library/Chapman Texas Collection copy is part of the Floyd & Louise Chapman Texas & Borderlands Collection.', 'Minutes are handwritten; index is typed.', 'First entry, July 9 1901 - last entry May 25, 1908.', 'Cover title.']","No copyright - United States; For more information, see:  http://rightsstatements.org/vocab/NoC-US/1.0/","['17 leaves (36 cm.)', '299 pages', '41 cm.']",2020-12-05T16:48:29.657000+00:00,Minutes of Houston Oil Company of Texas,"['Board of Directors', 'Houston Oil Company of Texas']",text,minutes_0009,https://api.library.tamu.edu/fcrepo/rest/3b/6f/c3/25/3b6fc325-f6ca-41d8-b91e-8c5db3be8c13/houston_oil_company_minutes_objects/28/pages/page_0/files/minutes_0009.jpg
"['History', 'Houston', 'Texas', '20th century.', 'Corporate minutes', 'Petroleum industry and trade', 'Minutes']","['Cover title.', 'Minute book, 1901-1908', ""Gift of Amanda and Ken Kellar '65"", 'The Cushing Library/Chapman Texas Collection copy is part of the Floyd & Louise Chapman Texas & Borderlands Collection.', 'Minutes are handwritten; index is typed.', 'First entry, July 9 1901 - last entry May 25, 1908.']","No copyright - United States; For more information, see:  http://rightsstatements.org/vocab/NoC-US/1.0/","['299 pages', '41 cm.', '17 leaves (36 cm.)']",2020-12-05T16:42:03.287000+00:00,Minutes of Houston Oil Company of Texas,"['Houston Oil Company of Texas', 'Board of Directors']",text,minutes_0208,https://api.library.tamu.edu/fcrepo/rest/3b/6f/c3/25/3b6fc325-f6ca-41d8-b91e-8c5db3be8c13/houston_oil_company_minutes_objects/227/pages/page_0/files/minutes_0208.jpg
"['History', 'Houston', 'Texas', '20th century.', 'Corporate minutes', 'Petroleum industry and trade', 'Minutes']","['First entry, July 9 1901 - last entry May 25, 1908.', 'Cover title.', 'Minute book, 1901-1908', ""Gift of Amanda and Ken Kellar '65"", 'The Cushing Library/Chapman Texas Collection copy is part of the Floyd & Louise Chapman Texas & Borderlands Collection.', 'Minutes are handwritten; index is typed.']","No copyright - United States; For more information, see:  http://rightsstatements.org/vocab/NoC-US/1.0/","['41 cm.', '17 leaves (36 cm.)', '299 pages']",2020-12-05T16:52:26.428000+00:00,Minutes of Houston Oil Company of Texas,"['Houston Oil Company of Texas', 'Board of Directors']",text,minutes_0293,https://api.library.tamu.edu/fcrepo/rest/3b/6f/c3/25/3b6fc325-f6ca-41d8-b91e-8c5db3be8c13/houston_oil_company_minutes_objects/312/pages/page_0/files/minutes_0293.jpg
"['History', 'Houston', 'Texas', '20th century.', 'Corporate minutes', 'Petroleum industry and trade', 'Minutes']","['The Cushing Library/Chapman Texas Collection copy is part of the Floyd & Louise Chapman Texas & Borderlands Collection.', 'Minutes are handwritten; index is typed.', 'First entry, July 9 1901 - last entry May 25, 1908.', 'Cover title.', 'Minute book, 1901-1908', ""Gift of Amanda and Ken Kellar '65""]","No copyright - United States; For more information, see:  http://rightsstatements.org/vocab/NoC-US/1.0/","['299 pages', '17 leaves (36 cm.)', '41 cm.']",2020-12-05T16:54:17.296000+00:00,Minutes of Houston Oil Company of Texas,"['Board of Directors', 'Houston Oil Company of Texas']",text,minutes_0031,https://api.library.tamu.edu/fcrepo/rest/3b/6f/c3/25/3b6fc325-f6ca-41d8-b91e-8c5db3be8c13/houston_oil_company_minutes_objects/50/pages/page_0/files/minutes_0031.jpg
"['History', 'Houston', 'Texas', '20th century.', 'Corporate minutes', 'Petroleum industry and trade', 'Minutes']","['Minutes are handwritten; index is typed.', 'First entry, July 9 1901 - last entry May 25, 1908.', 'Cover title.', 'Minute book, 1901-1908', ""Gift of Amanda and Ken Kellar '65"", 'The Cushing Library/Chapman Texas Collection copy is part of the Floyd & Louise Chapman Texas & Borderlands Collection.']","No copyright - United States; For more information, see:  http://rightsstatements.org/vocab/NoC-US/1.0/","['17 leaves (36 cm.)', '299 pages', '41 cm.']",2020-12-05T17:15:22.525000+00:00,Minutes of Houston Oil Company of Texas,"['Board of Directors', 'Houston Oil Company of Texas']",text,minutes_0045,https://api.library.tamu.edu/fcrepo/rest/3b/6f/c3/25/3b6fc325-f6ca-41d8-b91e-8c5db3be8c13/houston_oil_company_minutes_objects/64/pages/page_0/files/minutes_0045.jpg
"['20th century.', 'Corporate minutes', 'Petroleum industry and trade', 'Minutes', 'History', 'Houston', 'Texas']","['Minute book, 1901-1908', ""Gift of Amanda and Ken Kellar '65"", 'The Cushing Library/Chapman Texas Collection copy is part of the Floyd & Louise Chapman Texas & Borderlands Collection.', 'Minutes are handwritten; index is typed.', 'First entry, July 9 1901 - last entry May 25, 1908.', 'Cover title.']","No copyright - United States; For more information, see:  http://rightsstatements.org/vocab/NoC-US/1.0/","['17 leaves (36 cm.)', '299 pages', '41 cm.']",2020-12-05T16:28:15.901000+00:00,Minutes of Houston Oil Company of Texas,"['Houston Oil Company of Texas', 'Board of Directors']",text,minutes_0076,https://api.library.tamu.edu/fcrepo/rest/3b/6f/c3/25/3b6fc325-f6ca-41d8-b91e-8c5db3be8c13/houston_oil_company_minutes_objects/95/pages/page_0/files/minutes_0076.jpg
"['Texas', '20th century.', 'Corporate minutes', 'Petroleum industry and trade', 'Minutes', 'History', 'Houston']","['Cover title.', 'Minute book, 1901-1908', ""Gift of Amanda and Ken Kellar '65"", 'The Cushing Library/Chapman Texas Collection copy is part of the Floyd & Louise Chapman Texas & Borderlands Collection.', 'Minutes are handwritten; index is typed.', 'First entry, July 9 1901 - last entry May 25, 1908.']","No copyright - United States; For more information, see:  http://rightsstatements.org/vocab/NoC-US/1.0/","['41 cm.', '17 leaves (36 cm.)', '299 pages']",2020-12-05T16:38:22.849000+00:00,Minutes of Houston Oil Company of Texas,"['Houston Oil Company of Texas', 'Board of Directors']",text,minutes_0175,https://api.library.tamu.edu/fcrepo/rest/3b/6f/c3/25/3b6fc325-f6ca-41d8-b91e-8c5db3be8c13/houston_oil_company_minutes_objects/194/pages/page_0/files/minutes_0175.jpg
"['Texas', '20th century.', 'Corporate minutes', 'Petroleum industry and trade', 'Minutes', 'History', 'Houston']","['Minute book, 1901-1908', ""Gift of Amanda and Ken Kellar '65"", 'The Cushing Library/Chapman Texas Collection copy is part of the Floyd & Louise Chapman Texas & Borderlands Collection.', 'Minutes are handwritten; index is typed.', 'First entry, July 9 1901 - last entry May 25, 1908.', 'Cover title.']","No copyright - United States; For more information, see:  http://rightsstatements.org/vocab/NoC-US/1.0/","['41 cm.', '17 leaves (36 cm.)', '299 pages']",2020-12-05T16:30:48.498000+00:00,Minutes of Houston Oil Company of Texas,"['Houston Oil Company of Texas', 'Board of Directors']",text,minutes_0110,https://api.library.tamu.edu/fcrepo/rest/3b/6f/c3/25/3b6fc325-f6ca-41d8-b91e-8c5db3be8c13/houston_oil_company_minutes_objects/129/pages/page_0/files/minutes_0110.jpg
"['Texas', '20th century.', 'Corporate minutes', 'Petroleum industry and trade', 'Minutes', 'History', 'Houston']","['Cover title.', 'Minute book, 1901-1908', ""Gift of Amanda and Ken Kellar '65"", 'The Cushing Library/Chapman Texas Collection copy is part of the Floyd & Louise Chapman Texas & Borderlands Collection.', 'Minutes are handwritten; index is typed.', 'First entry, July 9 1901 - last entry May 25, 1908.']","No copyright - United States; For more information, see:  http://rightsstatements.org/vocab/NoC-US/1.0/","['41 cm.', '17 leaves (36 cm.)', '299 pages']",2020-12-05T17:27:10.813000+00:00,Minutes of Houston Oil Company of Texas,"['Houston Oil Company of Texas', 'Board of Directors']",text,minutes_0027,https://api.library.tamu.edu/fcrepo/rest/3b/6f/c3/25/3b6fc325-f6ca-41d8-b91e-8c5db3be8c13/houston_oil_company_minutes_objects/46/pages/page_0/files/minutes_0027.jpg
"['History', 'Houston', 'Texas', '20th century.', 'Corporate minutes', 'Petroleum industry and trade', 'Minutes']","['First entry, July 9 1901 - last entry May 25, 1908.', 'Cover title.', 'Minute book, 1901-1908', ""Gift of Amanda and Ken Kellar '65"", 'The Cushing Library/Chapman Texas Collection copy is part of the Floyd & Louise Chapman Texas & Borderlands Collection.', 'Minutes are handwritten; index is typed.']","No copyright - United States; For more information, see:  http://rightsstatements.org/vocab/NoC-US/1.0/","['299 pages', '41 cm.', '17 leaves (36 cm.)']",2020-12-05T16:48:57.233000+00:00,Minutes of Houston Oil Company of Texas,"['Houston Oil Company of Texas', 'Board of Directors']",text,minutes_0262,https://api.library.tamu.edu/fcrepo/rest/3b/6f/c3/25/3b6fc325-f6ca-41d8-b91e-8c5db3be8c13/houston_oil_company_minutes_objects/281/pages/page_0/files/minutes_0262.jpg
"['History', 'Houston', 'Index', 'Texas', '20th century.', 'Corporate minutes', 'Petroleum industry and trade']","['Minutes are handwritten; index is typed.', 'First entry, July 9 1901 - last entry May 25, 1908.', 'Cover title.', 'Minute book, 1901-1908', ""Gift of Amanda and Ken Kellar '65"", 'The Cushing Library/Chapman Texas Collection copy is part of the Floyd & Louise Chapman Texas & Borderlands Collection.']","No copyright - United States; For more information, see:  http://rightsstatements.org/vocab/NoC-US/1.0/","['299 pages', '41 cm.', '17 leaves (36 cm.)']",2020-12-05T16:35:23.525000+00:00,Minutes of Houston Oil Company of Texas,"['Board of Directors', 'Houston Oil Company of Texas']",text,index_0016,https://api.library.tamu.edu/fcrepo/rest/3b/6f/c3/25/3b6fc325-f6ca-41d8-b91e-8c5db3be8c13/houston_oil_company_minutes_objects/17/pages/page_0/files/Index_0016.jpg
"['20th century.', 'Corporate minutes', 'Petroleum industry and trade', 'Minutes', 'History', 'Houston', 'Texas']","['Minute book, 1901-1908', ""Gift of Amanda and Ken Kellar '65"", 'The Cushing Library/Chapman Texas Collection copy is part of the Floyd & Louise Chapman Texas & Borderlands Collection.', 'Minutes are handwritten; index is typed.', 'First entry, July 9 1901 - last entry May 25, 1908.', 'Cover title.']","No copyright - United States; For more information, see:  http://rightsstatements.org/vocab/NoC-US/1.0/","['41 cm.', '17 leaves (36 cm.)', '299 pages']",2020-12-05T16:40:26.816000+00:00,Minutes of Houston Oil Company of Texas,"['Houston Oil Company of Texas', 'Board of Directors']",text,minutes_0197,https://api.library.tamu.edu/fcrepo/rest/3b/6f/c3/25/3b6fc325-f6ca-41d8-b91e-8c5db3be8c13/houston_oil_company_minutes_objects/216/pages/page_0/files/minutes_0197.jpg
"['History', 'Houston', 'Texas', '20th century.', 'Corporate minutes', 'Petroleum industry and trade', 'Minutes']","['Cover title.', 'Minute book, 1901-1908', ""Gift of Amanda and Ken Kellar '65"", 'The Cushing Library/Chapman Texas Collection copy is part of the Floyd & Louise Chapman Texas & Borderlands Collection.', 'Minutes are handwritten; index is typed.', 'First entry, July 9 1901 - last entry May 25, 1908.']","No copyright - United States; For more information, see:  http://rightsstatements.org/vocab/NoC-US/1.0/","['299 pages', '41 cm.', '17 leaves (36 cm.)']",2020-12-05T17:26:42.260000+00:00,Minutes of Houston Oil Company of Texas,"['Houston Oil Company of Texas', 'Board of Directors']",text,minutes_0278,https://api.library.tamu.edu/fcrepo/rest/3b/6f/c3/25/3b6fc325-f6ca-41d8-b91e-8c5db3be8c13/houston_oil_company_minutes_objects/297/pages/page_0/files/minutes_0278.jpg
"['Texas', '20th century.', 'Corporate minutes', 'Petroleum industry and trade', 'Minutes', 'History', 'Houston']","['Cover title.', 'Minute book, 1901-1908', ""Gift of Amanda and Ken Kellar '65"", 'The Cushing Library/Chapman Texas Collection copy is part of the Floyd & Louise Chapman Texas & Borderlands Collection.', 'Minutes are handwritten; index is typed.', 'First entry, July 9 1901 - last entry May 25, 1908.']","No copyright - United States; For more information, see:  http://rightsstatements.org/vocab/NoC-US/1.0/","['41 cm.', '17 leaves (36 cm.)', '299 pages']",2020-12-05T16:51:29.434000+00:00,Minutes of Houston Oil Company of Texas,"['Houston Oil Company of Texas', 'Board of Directors']",text,minutes_0282,https://api.library.tamu.edu/fcrepo/rest/3b/6f/c3/25/3b6fc325-f6ca-41d8-b91e-8c5db3be8c13/houston_oil_company_minutes_objects/301/pages/page_0/files/minutes_0282.jpg
"['History', 'Houston', 'Texas', '20th century.', 'Corporate minutes', 'Petroleum industry and trade', 'Minutes']","['First entry, July 9 1901 - last entry May 25, 1908.', 'Cover title.', 'Minute book, 1901-1908', ""Gift of Amanda and Ken Kellar '65"", 'The Cushing Library/Chapman Texas Collection copy is part of the Floyd & Louise Chapman Texas & Borderlands Collection.', 'Minutes are handwritten; index is typed.']","No copyright - United States; For more information, see:  http://rightsstatements.org/vocab/NoC-US/1.0/","['41 cm.', '17 leaves (36 cm.)', '299 pages']",2020-12-05T16:52:40.230000+00:00,Minutes of Houston Oil Company of Texas,"['Houston Oil Company of Texas', 'Board of Directors']",text,minutes_0296,https://api.library.tamu.edu/fcrepo/rest/3b/6f/c3/25/3b6fc325-f6ca-41d8-b91e-8c5db3be8c13/houston_oil_company_minutes_objects/315/pages/page_0/files/minutes_0296.jpg
"['History', 'Houston', 'Texas', '20th century.', 'Corporate minutes', 'Petroleum industry and trade', 'Minutes']","['The Cushing Library/Chapman Texas Collection copy is part of the Floyd & Louise Chapman Texas & Borderlands Collection.', 'Minutes are handwritten; index is typed.', 'First entry, July 9 1901 - last entry May 25, 1908.', 'Cover title.', 'Minute book, 1901-1908', ""Gift of Amanda and Ken Kellar '65""]","No copyright - United States; For more information, see:  http://rightsstatements.org/vocab/NoC-US/1.0/","['299 pages', '41 cm.', '17 leaves (36 cm.)']",2020-12-05T17:32:23.748000+00:00,Minutes of Houston Oil Company of Texas,"['Board of Directors', 'Houston Oil Company of Texas']",text,minutes_0164,https://api.library.tamu.edu/fcrepo/rest/3b/6f/c3/25/3b6fc325-f6ca-41d8-b91e-8c5db3be8c13/houston_oil_company_minutes_objects/183/pages/page_0/files/minutes_0164.jpg
"['Corporate minutes', 'Petroleum industry and trade', 'Minutes', 'History', 'Houston', 'Texas', '20th century.']","['Minute book, 1901-1908', ""Gift of Amanda and Ken Kellar '65"", 'The Cushing Library/Chapman Texas Collection copy is part of the Floyd & Louise Chapman Texas & Borderlands Collection.', 'Minutes are handwritten; index is typed.', 'First entry, July 9 1901 - last entry May 25, 1908.', 'Cover title.']","No copyright - United States; For more information, see:  http://rightsstatements.org/vocab/NoC-US/1.0/","['17 leaves (36 cm.)', '299 pages', '41 cm.']",2020-12-05T17:14:26.080000+00:00,Minutes of Houston Oil Company of Texas,"['Houston Oil Company of Texas', 'Board of Directors']",text,minutes_0251,https://api.library.tamu.edu/fcrepo/rest/3b/6f/c3/25/3b6fc325-f6ca-41d8-b91e-8c5db3be8c13/houston_oil_company_minutes_objects/270/pages/page_0/files/minutes_0251.jpg
"['Texas', '20th century.', 'Corporate minutes', 'Petroleum industry and trade', 'Minutes', 'History', 'Houston']","['Cover title.', 'Minute book, 1901-1908', ""Gift of Amanda and Ken Kellar '65"", 'The Cushing Library/Chapman Texas Collection copy is part of the Floyd & Louise Chapman Texas & Borderlands Collection.', 'Minutes are handwritten; index is typed.', 'First entry, July 9 1901 - last entry May 25, 1908.']","No copyright - United States; For more information, see:  http://rightsstatements.org/vocab/NoC-US/1.0/","['41 cm.', '17 leaves (36 cm.)', '299 pages']",2020-12-05T17:11:22.475000+00:00,Minutes of Houston Oil Company of Texas,"['Houston Oil Company of Texas', 'Board of Directors']",text,minutes_0180,https://api.library.tamu.edu/fcrepo/rest/3b/6f/c3/25/3b6fc325-f6ca-41d8-b91e-8c5db3be8c13/houston_oil_company_minutes_objects/199/pages/page_0/files/minutes_0180.jpg
"['History', 'Houston', 'Texas', '20th century.', 'Corporate minutes', 'Petroleum industry and trade', 'Minutes']","['Minutes are handwritten; index is typed.', 'First entry, July 9 1901 - last entry May 25, 1908.', 'Cover title.', 'Minute book, 1901-1908', ""Gift of Amanda and Ken Kellar '65"", 'The Cushing Library/Chapman Texas Collection copy is part of the Floyd & Louise Chapman Texas & Borderlands Collection.']","No copyright - United States; For more information, see:  http://rightsstatements.org/vocab/NoC-US/1.0/","['299 pages', '41 cm.', '17 leaves (36 cm.)']",2020-12-05T16:57:31.830000+00:00,Minutes of Houston Oil Company of Texas,"['Houston Oil Company of Texas', 'Board of Directors']",text,minutes_0068,https://api.library.tamu.edu/fcrepo/rest/3b/6f/c3/25/3b6fc325-f6ca-41d8-b91e-8c5db3be8c13/houston_oil_company_minutes_objects/87/pages/page_0/files/minutes_0068.jpg
"['Texas', '20th century.', 'Corporate minutes', 'Petroleum industry and trade', 'Minutes', 'History', 'Houston']","['Cover title.', 'Minute book, 1901-1908', ""Gift of Amanda and Ken Kellar '65"", 'The Cushing Library/Chapman Texas Collection copy is part of the Floyd & Louise Chapman Texas & Borderlands Collection.', 'Minutes are handwritten; index is typed.', 'First entry, July 9 1901 - last entry May 25, 1908.']","No copyright - United States; For more information, see:  http://rightsstatements.org/vocab/NoC-US/1.0/","['41 cm.', '17 leaves (36 cm.)', '299 pages']",2020-12-05T17:10:26.263000+00:00,Minutes of Houston Oil Company of Texas,"['Houston Oil Company of Texas', 'Board of Directors']",text,minutes_0133,https://api.library.tamu.edu/fcrepo/rest/3b/6f/c3/25/3b6fc325-f6ca-41d8-b91e-8c5db3be8c13/houston_oil_company_minutes_objects/152/pages/page_0/files/minutes_0133.jpg
"['Petroleum industry and trade', 'Minutes', 'History', 'Houston', 'Texas', '20th century.', 'Corporate minutes']","['Minute book, 1901-1908', ""Gift of Amanda and Ken Kellar '65"", 'The Cushing Library/Chapman Texas Collection copy is part of the Floyd & Louise Chapman Texas & Borderlands Collection.', 'Minutes are handwritten; index is typed.', 'First entry, July 9 1901 - last entry May 25, 1908.', 'Cover title.']","No copyright - United States; For more information, see:  http://rightsstatements.org/vocab/NoC-US/1.0/","['17 leaves (36 cm.)', '299 pages', '41 cm.']",2020-12-05T17:37:08.696000+00:00,Minutes of Houston Oil Company of Texas,"['Houston Oil Company of Texas', 'Board of Directors']",text,minutes_0021,https://api.library.tamu.edu/fcrepo/rest/3b/6f/c3/25/3b6fc325-f6ca-41d8-b91e-8c5db3be8c13/houston_oil_company_minutes_objects/40/pages/page_0/files/minutes_0021.jpg
"['History', 'Houston', 'Texas', '20th century.', 'Corporate minutes', 'Petroleum industry and trade', 'Minutes']","['The Cushing Library/Chapman Texas Collection copy is part of the Floyd & Louise Chapman Texas & Borderlands Collection.', 'Minutes are handwritten; index is typed.', 'First entry, July 9 1901 - last entry May 25, 1908.', ""Gift of Amanda and Ken Kellar '65"", 'Cover title.', 'Minute book, 1901-1908']","No copyright - United States; For more information, see:  http://rightsstatements.org/vocab/NoC-US/1.0/","['299 pages', '41 cm.', '17 leaves (36 cm.)']",2020-12-05T17:30:01.359000+00:00,Minutes of Houston Oil Company of Texas,"['Board of Directors', 'Houston Oil Company of Texas']",text,minutes_0151,https://api.library.tamu.edu/fcrepo/rest/3b/6f/c3/25/3b6fc325-f6ca-41d8-b91e-8c5db3be8c13/houston_oil_company_minutes_objects/170/pages/page_0/files/minutes_0151.jpg
"['Minutes', 'History', 'Houston', 'Texas', '20th century.', 'Corporate minutes', 'Petroleum industry and trade']","['Minute book, 1901-1908', ""Gift of Amanda and Ken Kellar '65"", 'The Cushing Library/Chapman Texas Collection copy is part of the Floyd & Louise Chapman Texas & Borderlands Collection.', 'Minutes are handwritten; index is typed.', 'First entry, July 9 1901 - last entry May 25, 1908.', 'Cover title.']","No copyright - United States; For more information, see:  http://rightsstatements.org/vocab/NoC-US/1.0/","['17 leaves (36 cm.)', '299 pages', '41 cm.']",2020-12-05T17:28:07.542000+00:00,Minutes of Houston Oil Company of Texas,"['Houston Oil Company of Texas', 'Board of Directors']",text,minutes_0299,https://api.library.tamu.edu/fcrepo/rest/3b/6f/c3/25/3b6fc325-f6ca-41d8-b91e-8c5db3be8c13/houston_oil_company_minutes_objects/318/pages/page_0/files/minutes_0299.jpg
"['Texas', '20th century.', 'Corporate minutes', 'Petroleum industry and trade', 'Minutes', 'History', 'Houston']","['Cover title.', 'Minute book, 1901-1908', ""Gift of Amanda and Ken Kellar '65"", 'The Cushing Library/Chapman Texas Collection copy is part of the Floyd & Louise Chapman Texas & Borderlands Collection.', 'Minutes are handwritten; index is typed.', 'First entry, July 9 1901 - last entry May 25, 1908.']","No copyright - United States; For more information, see:  http://rightsstatements.org/vocab/NoC-US/1.0/","['41 cm.', '17 leaves (36 cm.)', '299 pages']",2020-12-05T17:10:40.320000+00:00,Minutes of Houston Oil Company of Texas,"['Houston Oil Company of Texas', 'Board of Directors']",text,minutes_0136,https://api.library.tamu.edu/fcrepo/rest/3b/6f/c3/25/3b6fc325-f6ca-41d8-b91e-8c5db3be8c13/houston_oil_company_minutes_objects/155/pages/page_0/files/minutes_0136.jpg
"['Texas', '20th century.', 'Corporate minutes', 'Petroleum industry and trade', 'Minutes', 'Houston', 'History']","['Cover title.', 'Minute book, 1901-1908', ""Gift of Amanda and Ken Kellar '65"", 'The Cushing Library/Chapman Texas Collection copy is part of the Floyd & Louise Chapman Texas & Borderlands Collection.', 'Minutes are handwritten; index is typed.', 'First entry, July 9 1901 - last entry May 25, 1908.']","No copyright - United States; For more information, see:  http://rightsstatements.org/vocab/NoC-US/1.0/","['41 cm.', '299 pages', '17 leaves (36 cm.)']",2020-12-05T16:36:46.410000+00:00,Minutes of Houston Oil Company of Texas,"['Houston Oil Company of Texas', 'Board of Directors']",text,minutes_0167,https://api.library.tamu.edu/fcrepo/rest/3b/6f/c3/25/3b6fc325-f6ca-41d8-b91e-8c5db3be8c13/houston_oil_company_minutes_objects/186/pages/page_0/files/minutes_0167.jpg
"['Texas', '20th century.', 'Corporate minutes', 'Petroleum industry and trade', 'Minutes', 'History', 'Houston']","['Cover title.', 'Minute book, 1901-1908', ""Gift of Amanda and Ken Kellar '65"", 'The Cushing Library/Chapman Texas Collection copy is part of the Floyd & Louise Chapman Texas & Borderlands Collection.', 'Minutes are handwritten; index is typed.', 'First entry, July 9 1901 - last entry May 25, 1908.']","No copyright - United States; For more information, see:  http://rightsstatements.org/vocab/NoC-US/1.0/","['41 cm.', '17 leaves (36 cm.)', '299 pages']",2020-12-05T16:43:39.594000+00:00,Minutes of Houston Oil Company of Texas,"['Houston Oil Company of Texas', 'Board of Directors']",text,minutes_0223,https://api.library.tamu.edu/fcrepo/rest/3b/6f/c3/25/3b6fc325-f6ca-41d8-b91e-8c5db3be8c13/houston_oil_company_minutes_objects/242/pages/page_0/files/minutes_0223.jpg
"['20th century.', 'Corporate minutes', 'Petroleum industry and trade', 'Minutes', 'History', 'Houston', 'Texas']","['Minute book, 1901-1908', ""Gift of Amanda and Ken Kellar '65"", 'The Cushing Library/Chapman Texas Collection copy is part of the Floyd & Louise Chapman Texas & Borderlands Collection.', 'Minutes are handwritten; index is typed.', 'First entry, July 9 1901 - last entry May 25, 1908.', 'Cover title.']","No copyright - United States; For more information, see:  http://rightsstatements.org/vocab/NoC-US/1.0/","['17 leaves (36 cm.)', '299 pages', '41 cm.']",2020-12-05T16:47:47.990000+00:00,Minutes of Houston Oil Company of Texas,"['Houston Oil Company of Texas', 'Board of Directors']",text,minutes_0254,https://api.library.tamu.edu/fcrepo/rest/3b/6f/c3/25/3b6fc325-f6ca-41d8-b91e-8c5db3be8c13/houston_oil_company_minutes_objects/273/pages/page_0/files/minutes_0254.jpg
"['History', 'Houston', 'Texas', '20th century.', 'Corporate minutes', 'Petroleum industry and trade', 'Minutes']","['Cover title.', 'Minute book, 1901-1908', ""Gift of Amanda and Ken Kellar '65"", 'The Cushing Library/Chapman Texas Collection copy is part of the Floyd & Louise Chapman Texas & Borderlands Collection.', 'Minutes are handwritten; index is typed.', 'First entry, July 9 1901 - last entry May 25, 1908.']","No copyright - United States; For more information, see:  http://rightsstatements.org/vocab/NoC-US/1.0/","['299 pages', '41 cm.', '17 leaves (36 cm.)']",2020-12-05T16:49:24.749000+00:00,Minutes of Houston Oil Company of Texas,"['Board of Directors', 'Houston Oil Company of Texas']",text,minutes_0268,https://api.library.tamu.edu/fcrepo/rest/3b/6f/c3/25/3b6fc325-f6ca-41d8-b91e-8c5db3be8c13/houston_oil_company_minutes_objects/287/pages/page_0/files/minutes_0268.jpg
"['Texas', '20th century.', 'Corporate minutes', 'Petroleum industry and trade', 'Minutes', 'History', 'Houston']","['Cover title.', 'Minute book, 1901-1908', ""Gift of Amanda and Ken Kellar '65"", 'The Cushing Library/Chapman Texas Collection copy is part of the Floyd & Louise Chapman Texas & Borderlands Collection.', 'Minutes are handwritten; index is typed.', 'First entry, July 9 1901 - last entry May 25, 1908.']","No copyright - United States; For more information, see:  http://rightsstatements.org/vocab/NoC-US/1.0/","['41 cm.', '17 leaves (36 cm.)', '299 pages']",2020-12-05T16:27:07+00:00,Minutes of Houston Oil Company of Texas,"['Houston Oil Company of Texas', 'Board of Directors']",text,minutes_0288,https://api.library.tamu.edu/fcrepo/rest/3b/6f/c3/25/3b6fc325-f6ca-41d8-b91e-8c5db3be8c13/houston_oil_company_minutes_objects/307/pages/page_0/files/minutes_0288.jpg
"['Texas', '20th century.', 'Corporate minutes', 'Petroleum industry and trade', 'Minutes', 'History', 'Houston']","['Cover title.', 'Minute book, 1901-1908', ""Gift of Amanda and Ken Kellar '65"", 'The Cushing Library/Chapman Texas Collection copy is part of the Floyd & Louise Chapman Texas & Borderlands Collection.', 'Minutes are handwritten; index is typed.', 'First entry, July 9 1901 - last entry May 25, 1908.']","No copyright - United States; For more information, see:  http://rightsstatements.org/vocab/NoC-US/1.0/","['41 cm.', '17 leaves (36 cm.)', '299 pages']",2020-12-05T16:58:41.441000+00:00,Minutes of Houston Oil Company of Texas,"['Houston Oil Company of Texas', 'Board of Directors']",text,minutes_0156,https://api.library.tamu.edu/fcrepo/rest/3b/6f/c3/25/3b6fc325-f6ca-41d8-b91e-8c5db3be8c13/houston_oil_company_minutes_objects/175/pages/page_0/files/minutes_0156.jpg
"['Minutes', 'History', 'Houston', 'Texas', '20th century.', 'Corporate minutes', 'Petroleum industry and trade']","['Minute book, 1901-1908', ""Gift of Amanda and Ken Kellar '65"", 'The Cushing Library/Chapman Texas Collection copy is part of the Floyd & Louise Chapman Texas & Borderlands Collection.', 'Minutes are handwritten; index is typed.', 'First entry, July 9 1901 - last entry May 25, 1908.', 'Cover title.']","No copyright - United States; For more information, see:  http://rightsstatements.org/vocab/NoC-US/1.0/","['17 leaves (36 cm.)', '299 pages', '41 cm.']",2020-12-05T16:37:27.791000+00:00,Minutes of Houston Oil Company of Texas,"['Houston Oil Company of Texas', 'Board of Directors']",text,minutes_0170,https://api.library.tamu.edu/fcrepo/rest/3b/6f/c3/25/3b6fc325-f6ca-41d8-b91e-8c5db3be8c13/houston_oil_company_minutes_objects/189/pages/page_0/files/minutes_0170.jpg
"['History', 'Houston', 'Texas', '20th century.', 'Corporate minutes', 'Petroleum industry and trade', 'Minutes']","['First entry, July 9 1901 - last entry May 25, 1908.', 'Cover title.', 'Minute book, 1901-1908', ""Gift of Amanda and Ken Kellar '65"", 'The Cushing Library/Chapman Texas Collection copy is part of the Floyd & Louise Chapman Texas & Borderlands Collection.', 'Minutes are handwritten; index is typed.']","No copyright - United States; For more information, see:  http://rightsstatements.org/vocab/NoC-US/1.0/","['299 pages', '41 cm.', '17 leaves (36 cm.)']",2020-12-05T17:28:50.146000+00:00,Minutes of Houston Oil Company of Texas,"['Board of Directors', 'Houston Oil Company of Texas']",text,minutes_0058,https://api.library.tamu.edu/fcrepo/rest/3b/6f/c3/25/3b6fc325-f6ca-41d8-b91e-8c5db3be8c13/houston_oil_company_minutes_objects/77/pages/page_0/files/minutes_0058.jpg
"['History', 'Houston', 'Index', 'Texas', '20th century.', 'Corporate minutes', 'Petroleum industry and trade']","[""Gift of Amanda and Ken Kellar '65"", 'The Cushing Library/Chapman Texas Collection copy is part of the Floyd & Louise Chapman Texas & Borderlands Collection.', 'Minutes are handwritten; index is typed.', 'First entry, July 9 1901 - last entry May 25, 1908.', 'Cover title.', 'Minute book, 1901-1908']","No copyright - United States; For more information, see:  http://rightsstatements.org/vocab/NoC-US/1.0/","['17 leaves (36 cm.)', '299 pages', '41 cm.']",2020-12-05T17:33:20.387000+00:00,Minutes of Houston Oil Company of Texas,"['Houston Oil Company of Texas', 'Board of Directors']",text,index_0003,https://api.library.tamu.edu/fcrepo/rest/3b/6f/c3/25/3b6fc325-f6ca-41d8-b91e-8c5db3be8c13/houston_oil_company_minutes_objects/4/pages/page_0/files/Index_0003.jpg
"['History', 'Houston', 'Texas', '20th century.', 'Corporate minutes', 'Petroleum industry and trade', 'Minutes']","['Cover title.', 'Minute book, 1901-1908', ""Gift of Amanda and Ken Kellar '65"", 'The Cushing Library/Chapman Texas Collection copy is part of the Floyd & Louise Chapman Texas & Borderlands Collection.', 'Minutes are handwritten; index is typed.', 'First entry, July 9 1901 - last entry May 25, 1908.']","No copyright - United States; For more information, see:  http://rightsstatements.org/vocab/NoC-US/1.0/","['299 pages', '41 cm.', '17 leaves (36 cm.)']",2020-12-05T17:18:54.296000+00:00,Minutes of Houston Oil Company of Texas,"['Houston Oil Company of Texas', 'Board of Directors']",text,minutes_0257,https://api.library.tamu.edu/fcrepo/rest/3b/6f/c3/25/3b6fc325-f6ca-41d8-b91e-8c5db3be8c13/houston_oil_company_minutes_objects/276/pages/page_0/files/minutes_0257.jpg
"['History', 'Houston', 'Texas', '20th century.', 'Corporate minutes', 'Petroleum industry and trade', 'Minutes']","['The Cushing Library/Chapman Texas Collection copy is part of the Floyd & Louise Chapman Texas & Borderlands Collection.', 'Minutes are handwritten; index is typed.', 'First entry, July 9 1901 - last entry May 25, 1908.', ""Gift of Amanda and Ken Kellar '65"", 'Cover title.', 'Minute book, 1901-1908']","No copyright - United States; For more information, see:  http://rightsstatements.org/vocab/NoC-US/1.0/","['299 pages', '41 cm.', '17 leaves (36 cm.)']",2020-12-05T16:31:29.840000+00:00,Minutes of Houston Oil Company of Texas,"['Board of Directors', 'Houston Oil Company of Texas']",text,minutes_0123,https://api.library.tamu.edu/fcrepo/rest/3b/6f/c3/25/3b6fc325-f6ca-41d8-b91e-8c5db3be8c13/houston_oil_company_minutes_objects/142/pages/page_0/files/minutes_0123.jpg
"['History', 'Houston', 'Texas', '20th century.', 'Corporate minutes', 'Petroleum industry and trade', 'Minutes']","['The Cushing Library/Chapman Texas Collection copy is part of the Floyd & Louise Chapman Texas & Borderlands Collection.', 'Minutes are handwritten; index is typed.', 'First entry, July 9 1901 - last entry May 25, 1908.', 'Cover title.', 'Minute book, 1901-1908', ""Gift of Amanda and Ken Kellar '65""]","No copyright - United States; For more information, see:  http://rightsstatements.org/vocab/NoC-US/1.0/","['17 leaves (36 cm.)', '299 pages', '41 cm.']",2020-12-05T17:35:42.761000+00:00,Minutes of Houston Oil Company of Texas,"['Board of Directors', 'Houston Oil Company of Texas']",text,minutes_0094,https://api.library.tamu.edu/fcrepo/rest/3b/6f/c3/25/3b6fc325-f6ca-41d8-b91e-8c5db3be8c13/houston_oil_company_minutes_objects/113/pages/page_0/files/minutes_0094.jpg
"['History', 'Houston', 'Texas', '20th century.', 'Corporate minutes', 'Petroleum industry and trade', 'Minutes']","['Cover title.', 'Minute book, 1901-1908', ""Gift of Amanda and Ken Kellar '65"", 'Minutes are handwritten; index is typed.', 'The Cushing Library/Chapman Texas Collection copy is part of the Floyd & Louise Chapman Texas & Borderlands Collection.', 'First entry, July 9 1901 - last entry May 25, 1908.']","No copyright - United States; For more information, see:  http://rightsstatements.org/vocab/NoC-US/1.0/","['299 pages', '41 cm.', '17 leaves (36 cm.)']",2020-12-05T16:33:19.913000+00:00,Minutes of Houston Oil Company of Texas,"['Houston Oil Company of Texas', 'Board of Directors']",text,minutes_0139,https://api.library.tamu.edu/fcrepo/rest/3b/6f/c3/25/3b6fc325-f6ca-41d8-b91e-8c5db3be8c13/houston_oil_company_minutes_objects/158/pages/page_0/files/minutes_0139.jpg
"['Texas', '20th century.', 'Corporate minutes', 'Petroleum industry and trade', 'Minutes', 'History', 'Houston']","['Cover title.', 'Minute book, 1901-1908', ""Gift of Amanda and Ken Kellar '65"", 'The Cushing Library/Chapman Texas Collection copy is part of the Floyd & Louise Chapman Texas & Borderlands Collection.', 'Minutes are handwritten; index is typed.', 'First entry, July 9 1901 - last entry May 25, 1908.']","No copyright - United States; For more information, see:  http://rightsstatements.org/vocab/NoC-US/1.0/","['41 cm.', '17 leaves (36 cm.)', '299 pages']",2020-12-05T17:21:44.144000+00:00,Minutes of Houston Oil Company of Texas,"['Houston Oil Company of Texas', 'Board of Directors']",text,minutes_0181,https://api.library.tamu.edu/fcrepo/rest/3b/6f/c3/25/3b6fc325-f6ca-41d8-b91e-8c5db3be8c13/houston_oil_company_minutes_objects/200/pages/page_0/files/minutes_0181.jpg
"['History', 'Houston', 'Texas', '20th century.', 'Corporate minutes', 'Petroleum industry and trade', 'Minutes']","['The Cushing Library/Chapman Texas Collection copy is part of the Floyd & Louise Chapman Texas & Borderlands Collection.', 'Minutes are handwritten; index is typed.', 'First entry, July 9 1901 - last entry May 25, 1908.', 'Cover title.', 'Minute book, 1901-1908', ""Gift of Amanda and Ken Kellar '65""]","No copyright - United States; For more information, see:  http://rightsstatements.org/vocab/NoC-US/1.0/","['299 pages', '41 cm.', '17 leaves (36 cm.)']",2020-12-05T16:44:21.097000+00:00,Minutes of Houston Oil Company of Texas,"['Board of Directors', 'Houston Oil Company of Texas']",text,minutes_0226,https://api.library.tamu.edu/fcrepo/rest/3b/6f/c3/25/3b6fc325-f6ca-41d8-b91e-8c5db3be8c13/houston_oil_company_minutes_objects/245/pages/page_0/files/minutes_0226.jpg
