extent,format,description,language,rights,title,date_digital_creation,contributor,genre_form,genre_form.1,identifier,geographic_subject,creator,original_publisher,date_created,classification,Image,coordinates
1 map on 21 sheets 44 x 57 cm,"['reformatted digital', 'application/tif']","['Scale [ca.1:1,230] . 1 in. = 100 [ft.]', 'Cushing Library/London Collection one copy is on canvas backing and one copy is unnumbered', 'Cartographic material', 'Cushing Library copies are part of the Stephen Powys Marks London Collection', '""Facsimile reproduction of Ogilby and Morgan\'s map of London, 1677, with the key thereto. Edited for the London and Middlesex Archaeological Society, with an instroduction, by Charles Welch.""--Sheet 5']",eng,A copyright review process in November 2021 has determined that this particular item is in the public domain. http://rightsstatements.org/vocab/NoC-US/1.0/,"A large and accurate map of the city of London: ichnographically describing all the streets, lanes, alleys, courts, yards, churches, halls and houses, &c.",2023-11-13T21:23:18.607000+00:00,"['Welch, Charles, 1848-1924', 'London and Middlesex Archaeological Society', 'Morgan, William, -1690']",Maps,Cartographic image,2579936,London (England)--Maps--Early works to 1800--Facsimiles,"Ogilby, John, 1600-1676",London and Middlesex Archaeological Society,1894,G5754.L7 1677 .O3 1894,https://api.library.tamu.edu/fcrepo/rest/3b/6f/c3/25/3b6fc325-f6ca-41d8-b91e-8c5db3be8c13/london-maps-batch-2_objects/8/pages/page_0/files/2579936_01.jpg|https://api.library.tamu.edu/fcrepo/rest/3b/6f/c3/25/3b6fc325-f6ca-41d8-b91e-8c5db3be8c13/london-maps-batch-2_objects/8/pages/page_1/files/2579936_02.jpg|https://api.library.tamu.edu/fcrepo/rest/3b/6f/c3/25/3b6fc325-f6ca-41d8-b91e-8c5db3be8c13/london-maps-batch-2_objects/8/pages/page_2/files/2579936_03.jpg|https://api.library.tamu.edu/fcrepo/rest/3b/6f/c3/25/3b6fc325-f6ca-41d8-b91e-8c5db3be8c13/london-maps-batch-2_objects/8/pages/page_3/files/2579936_04.jpg|https://api.library.tamu.edu/fcrepo/rest/3b/6f/c3/25/3b6fc325-f6ca-41d8-b91e-8c5db3be8c13/london-maps-batch-2_objects/8/pages/page_4/files/2579936_05.jpg|https://api.library.tamu.edu/fcrepo/rest/3b/6f/c3/25/3b6fc325-f6ca-41d8-b91e-8c5db3be8c13/london-maps-batch-2_objects/8/pages/page_5/files/2579936_06.jpg|https://api.library.tamu.edu/fcrepo/rest/3b/6f/c3/25/3b6fc325-f6ca-41d8-b91e-8c5db3be8c13/london-maps-batch-2_objects/8/pages/page_6/files/2579936_07.jpg|https://api.library.tamu.edu/fcrepo/rest/3b/6f/c3/25/3b6fc325-f6ca-41d8-b91e-8c5db3be8c13/london-maps-batch-2_objects/8/pages/page_7/files/2579936_08.jpg|https://api.library.tamu.edu/fcrepo/rest/3b/6f/c3/25/3b6fc325-f6ca-41d8-b91e-8c5db3be8c13/london-maps-batch-2_objects/8/pages/page_8/files/2579936_09.jpg|https://api.library.tamu.edu/fcrepo/rest/3b/6f/c3/25/3b6fc325-f6ca-41d8-b91e-8c5db3be8c13/london-maps-batch-2_objects/8/pages/page_9/files/2579936_10.jpg|https://api.library.tamu.edu/fcrepo/rest/3b/6f/c3/25/3b6fc325-f6ca-41d8-b91e-8c5db3be8c13/london-maps-batch-2_objects/8/pages/page_10/files/2579936_11.jpg|https://api.library.tamu.edu/fcrepo/rest/3b/6f/c3/25/3b6fc325-f6ca-41d8-b91e-8c5db3be8c13/london-maps-batch-2_objects/8/pages/page_11/files/2579936_12.jpg|https://api.library.tamu.edu/fcrepo/rest/3b/6f/c3/25/3b6fc325-f6ca-41d8-b91e-8c5db3be8c13/london-maps-batch-2_objects/8/pages/page_12/files/2579936_13.jpg|https://api.library.tamu.edu/fcrepo/rest/3b/6f/c3/25/3b6fc325-f6ca-41d8-b91e-8c5db3be8c13/london-maps-batch-2_objects/8/pages/page_13/files/2579936_14.jpg|https://api.library.tamu.edu/fcrepo/rest/3b/6f/c3/25/3b6fc325-f6ca-41d8-b91e-8c5db3be8c13/london-maps-batch-2_objects/8/pages/page_14/files/2579936_15.jpg|https://api.library.tamu.edu/fcrepo/rest/3b/6f/c3/25/3b6fc325-f6ca-41d8-b91e-8c5db3be8c13/london-maps-batch-2_objects/8/pages/page_15/files/2579936_16.jpg|https://api.library.tamu.edu/fcrepo/rest/3b/6f/c3/25/3b6fc325-f6ca-41d8-b91e-8c5db3be8c13/london-maps-batch-2_objects/8/pages/page_16/files/2579936_17.jpg|https://api.library.tamu.edu/fcrepo/rest/3b/6f/c3/25/3b6fc325-f6ca-41d8-b91e-8c5db3be8c13/london-maps-batch-2_objects/8/pages/page_17/files/2579936_18.jpg|https://api.library.tamu.edu/fcrepo/rest/3b/6f/c3/25/3b6fc325-f6ca-41d8-b91e-8c5db3be8c13/london-maps-batch-2_objects/8/pages/page_18/files/2579936_19.jpg|https://api.library.tamu.edu/fcrepo/rest/3b/6f/c3/25/3b6fc325-f6ca-41d8-b91e-8c5db3be8c13/london-maps-batch-2_objects/8/pages/page_19/files/2579936_20.jpg|https://api.library.tamu.edu/fcrepo/rest/3b/6f/c3/25/3b6fc325-f6ca-41d8-b91e-8c5db3be8c13/london-maps-batch-2_objects/8/pages/page_20/files/2579936_21.jpg|https://api.library.tamu.edu/fcrepo/rest/3b/6f/c3/25/3b6fc325-f6ca-41d8-b91e-8c5db3be8c13/london-maps-batch-2_objects/8/pages/page_21/files/2579936_22.jpg|https://api.library.tamu.edu/fcrepo/rest/3b/6f/c3/25/3b6fc325-f6ca-41d8-b91e-8c5db3be8c13/london-maps-batch-2_objects/8/pages/page_22/files/2579936_23.jpg|https://api.library.tamu.edu/fcrepo/rest/3b/6f/c3/25/3b6fc325-f6ca-41d8-b91e-8c5db3be8c13/london-maps-batch-2_objects/8/pages/page_23/files/2579936_24.jpg,
view 46 x 233 cm. on 6 sheets 65 x 49 cm,"['application/tif', 'reformatted digital']","['Alternate title: London, Westminster & Southwark, drawn and engraved by Wenceslaus Hollar', '""Emery Walker, ph. sc.""', 'Cushing Library copy is part of the Stephen Powys Marks London Collection', 'Facsimile', 'Has watermark', 'Cartographic material', 'Panorama', 'Includes text in Latin, inset view of Westminster, city of London coat of arms, and illus']",eng,A copyright review process in November 2021 has determined that this particular item is in the public domain. http://rightsstatements.org/vocab/NoC-US/1.0/,London,2023-11-13T21:20:37.260000+00:00,"['Danckerts, Cornelis, 1561-1634', 'London Topographical Society']",Aerial views,Still Image,2579888,"['London (England)--Pictorial works--Early works to 1800--Facsimiles', 'London (England)--Aerial views--Early works to 1800--Facsimiles']","Hollar, Wenceslaus, 1607-1677",Cornelius Danckers London Topographical Society,1647. 1906-1907.,G5754.L7A35 1647 .H6 1906,https://api.library.tamu.edu/fcrepo/rest/3b/6f/c3/25/3b6fc325-f6ca-41d8-b91e-8c5db3be8c13/london-maps-batch-2_objects/6/pages/page_0/files/londonmaps_2579888_1.jpg|https://api.library.tamu.edu/fcrepo/rest/3b/6f/c3/25/3b6fc325-f6ca-41d8-b91e-8c5db3be8c13/london-maps-batch-2_objects/6/pages/page_1/files/londonmaps_2579888_2.jpg|https://api.library.tamu.edu/fcrepo/rest/3b/6f/c3/25/3b6fc325-f6ca-41d8-b91e-8c5db3be8c13/london-maps-batch-2_objects/6/pages/page_2/files/londonmaps_2579888_3.jpg|https://api.library.tamu.edu/fcrepo/rest/3b/6f/c3/25/3b6fc325-f6ca-41d8-b91e-8c5db3be8c13/london-maps-batch-2_objects/6/pages/page_3/files/londonmaps_2579888_4.jpg|https://api.library.tamu.edu/fcrepo/rest/3b/6f/c3/25/3b6fc325-f6ca-41d8-b91e-8c5db3be8c13/london-maps-batch-2_objects/6/pages/page_4/files/londonmaps_2579888_5.jpg|https://api.library.tamu.edu/fcrepo/rest/3b/6f/c3/25/3b6fc325-f6ca-41d8-b91e-8c5db3be8c13/london-maps-batch-2_objects/6/pages/page_5/files/londonmaps_2579888_6.jpg,
view 43 x 216 cm. on 4 sheets 59 x 80 cm,"['application/tif', 'reformatted digital']","['Has watermark', 'Sheet 1 has: Reproduced by the Typographic Etching Company', 'Cartographic material', '""A facsimile of the probably unique example of the original edition in the King\'s Library, British Museum.""', 'Alternate title: View of London by C.J. Visscher, A.D. 1616', 'Panorama', 'Includes 2 texts in Latin and 2 coats of arms', 'Accompanied by title sheet with text. 1 l', 'Title from title sheet: View of London, A.D. 1616. By Nicholas John Visscher', 'Cushing Library copy is part of the Stephen Powys Marks London Collection']",eng,A copyright review process in November 2021 has determined that this particular item is in the public domain. http://rightsstatements.org/vocab/NoC-US/1.0/,London,2023-11-13T21:06:14.490000+00:00,London Topographical Society,Aerial views,Cartographic image,2578390,"['London (England)--Aerial views--Early works to 1800--Facsimiles', 'London (England)--Pictorial works--Early works to 1800--Facsimiles']","Visscher, Claes Jansz., 1586 or 1587-1652",Topographical Society of London,[1616]. 1883-1885.,G5754.L7A35 1616 .V5 1883,https://api.library.tamu.edu/fcrepo/rest/3b/6f/c3/25/3b6fc325-f6ca-41d8-b91e-8c5db3be8c13/london-maps-batch-2_objects/2/pages/page_0/files/londonmaps_2578390_1.jpg|https://api.library.tamu.edu/fcrepo/rest/3b/6f/c3/25/3b6fc325-f6ca-41d8-b91e-8c5db3be8c13/london-maps-batch-2_objects/2/pages/page_1/files/londonmaps_2578390_2.jpg|https://api.library.tamu.edu/fcrepo/rest/3b/6f/c3/25/3b6fc325-f6ca-41d8-b91e-8c5db3be8c13/london-maps-batch-2_objects/2/pages/page_2/files/londonmaps_2578390_3.jpg|https://api.library.tamu.edu/fcrepo/rest/3b/6f/c3/25/3b6fc325-f6ca-41d8-b91e-8c5db3be8c13/london-maps-batch-2_objects/2/pages/page_3/files/londonmaps_2578390_4.jpg|https://api.library.tamu.edu/fcrepo/rest/3b/6f/c3/25/3b6fc325-f6ca-41d8-b91e-8c5db3be8c13/london-maps-batch-2_objects/2/pages/page_4/files/londonmaps_2578390_5.jpg|https://api.library.tamu.edu/fcrepo/rest/3b/6f/c3/25/3b6fc325-f6ca-41d8-b91e-8c5db3be8c13/london-maps-batch-2_objects/2/pages/page_5/files/londonmaps_2578390_6.jpg,
1 map color on sheet 40 x 52 cm,"['application/tif', 'reformatted digital']","['Cartographic material', ""King's Scholar's Pond Sewer, formerly the River Tyburn, also formerly known as the Aye Brook"", 'Scale not given']",eng,A copyright review process in November 2021 has determined that this particular item is in the public domain. http://rightsstatements.org/vocab/NoC-US/1.0/,"Plan of the intended sewer at Stratford Place petitioned for by Earl Poulett: see Lord Aldborough's note in the minutes of the Committee of Works, 7th July 1779.",2023-11-13T21:10:55.286000+00:00,"['Aldborough, Edward Stratford, 1736-1801', 'Poulett, John Poulett, 1756-1819']",Maps,Cartographic Image,4026211,"['Westminster (London, England)--Maps', 'Tyburne, River (England)--Maps']",Great Britain Commissioners of Sewers for Westminster and Part of Middlesex,Sewers Westminster &c.,[between 1810 and 1829?],G5754.W54N46 1779 .G78,https://api.library.tamu.edu/fcrepo/rest/3b/6f/c3/25/3b6fc325-f6ca-41d8-b91e-8c5db3be8c13/london-maps-batch-2_objects/32/pages/page_0/files/londonmaps_4026211.jpg,
"10 maps color (folded) on sheets 110 x 124 cm. or smaller, folded to 28 x 18 cm","['application/tif', 'reformatted digital']","['Mounted on linen', 'Cartographic material', 'Title devised by cataloger', 'Chelsea -- City of London -- Finsbury -- Greenwich [east] -- Greenwich [west] -- Lambeth, east -- Lambeth, west -- Marylebone -- Southwark -- Westminster', 'Scale [ca 1:10,560]', 'Stanford\'s ""School Board map"" was produced in 1877 at the request of the School Board Of London. The School Board was formed as a result of the Education Act of 1870 to ensure that every child in the country between the age of 5 and 13 attended school. The maps were produced to illustrate the locations of existing schools and show the deficiencies in current school places, as well as to show where new schools could be located. Stanford used his highly detailed ""Library map of London and its suburbs"" as the base map for production of the School Board maps. Stanford\'s library map was first published in 1862, with 10 further editions issued in the years leading up to 1877. The School Board of London only requested 200 sets of Stanford\'s original 1877 ""School Board map"". These were distributed to School Board members, superintendents of the various London school divisions, school inspectors, and their assistants']",eng,A copyright review process in November 2021 has determined that this particular item is in the public domain. http://rightsstatements.org/vocab/NoC-US/1.0/,[School Board map of London].,2023-11-13T21:10:43.717000+00:00,London (England) School Board,Maps,Cartographic Image,4014834,"['Chelsea (London, England)--Maps', 'Finsbury (London, England)--Maps', 'Lambeth (London, England)--Maps', 'Greenwich (London, England)--Maps', 'Westminster (London, England)--Maps', 'Marylebone (London, England)--Maps', 'City of London (England)--Maps', 'Southwark (London, England)--Maps']",Edward Stanford Ltd,Edward Stanford,1886,G5754.L7E68 1886 .E38,https://api.library.tamu.edu/fcrepo/rest/3b/6f/c3/25/3b6fc325-f6ca-41d8-b91e-8c5db3be8c13/london-maps-batch-2_objects/22/pages/page_0/files/londonmaps_4014834_01.jpg|https://api.library.tamu.edu/fcrepo/rest/3b/6f/c3/25/3b6fc325-f6ca-41d8-b91e-8c5db3be8c13/london-maps-batch-2_objects/22/pages/page_1/files/londonmaps_4014834_02.jpg|https://api.library.tamu.edu/fcrepo/rest/3b/6f/c3/25/3b6fc325-f6ca-41d8-b91e-8c5db3be8c13/london-maps-batch-2_objects/22/pages/page_2/files/londonmaps_4014834_03.jpg|https://api.library.tamu.edu/fcrepo/rest/3b/6f/c3/25/3b6fc325-f6ca-41d8-b91e-8c5db3be8c13/london-maps-batch-2_objects/22/pages/page_3/files/londonmaps_4014834_04.jpg|https://api.library.tamu.edu/fcrepo/rest/3b/6f/c3/25/3b6fc325-f6ca-41d8-b91e-8c5db3be8c13/london-maps-batch-2_objects/22/pages/page_4/files/londonmaps_4014834_05.jpg|https://api.library.tamu.edu/fcrepo/rest/3b/6f/c3/25/3b6fc325-f6ca-41d8-b91e-8c5db3be8c13/london-maps-batch-2_objects/22/pages/page_5/files/londonmaps_4014834_06.jpg|https://api.library.tamu.edu/fcrepo/rest/3b/6f/c3/25/3b6fc325-f6ca-41d8-b91e-8c5db3be8c13/london-maps-batch-2_objects/22/pages/page_6/files/londonmaps_4014834_07.jpg|https://api.library.tamu.edu/fcrepo/rest/3b/6f/c3/25/3b6fc325-f6ca-41d8-b91e-8c5db3be8c13/london-maps-batch-2_objects/22/pages/page_7/files/londonmaps_4014834_08.jpg|https://api.library.tamu.edu/fcrepo/rest/3b/6f/c3/25/3b6fc325-f6ca-41d8-b91e-8c5db3be8c13/london-maps-batch-2_objects/22/pages/page_8/files/londonmaps_4014834_09.jpg|https://api.library.tamu.edu/fcrepo/rest/3b/6f/c3/25/3b6fc325-f6ca-41d8-b91e-8c5db3be8c13/london-maps-batch-2_objects/22/pages/page_9/files/londonmaps_4014834_10.jpg,
1 map color on sheet 64 x 108 cm,"['application/tif', 'reformatted digital']","['Scale not given', '[ca. 1350]', 'North to left', '""A.O. 544.""', 'Known as the ""Gough Map"", first published in 1870', '""Ancient names transcribed in red.""', 'Cartographic material', '""Ordnance Survey, 1935. Reprinted 1959.""']",eng,A copyright review process in November 2021 has determined that this particular item is in the public domain. http://rightsstatements.org/vocab/NoC-US/1.0/,"Facsimile of the ancient map of Great Britain in the Bodleian Library, Oxford, A.D. 1325-50",2023-11-13T21:03:37.727000+00:00,"James, H., 1803-1877",Maps,Cartographic Image,3987353,Great Britain--Maps--Early works to 1800--Facsimiles,Great Britain Ordnance Survey,Ordnance Survey Office,1959,G5740 1350 .G7 1959,https://api.library.tamu.edu/fcrepo/rest/3b/6f/c3/25/3b6fc325-f6ca-41d8-b91e-8c5db3be8c13/london-maps-batch-2_objects/19/pages/page_0/files/londonmaps_3987353.jpg,
"1 map in 6 parts on 2 sheets color 69 x 105 cm., or smaller","['application/tif', 'reformatted digital']","['Cartographic material', 'Scale not given', 'The River Westbourne is a river in London, England which flows from Whitestone Pond on Hampstead Heath down through Hyde Park to Sloane Square and then into the River Thames at Chelsea. When Belgravia, Chelsea and Paddington were developed, it became necessary to drive the river Westbourne underground in order to build over it. The river was therefore directed into pipes in the early part of the nineteenth century, work which was completed in the 1850s. Since then, the Westbourne has been one of the lost rivers of London, running underground in a pipe. The pipe can still be seen running above the platform of Sloane Square tube station. The pipe is the original one constructed in the nineteenth century. Although the station was badly bombed during the Battle of Britain in November 1940, the old iron pipe was not damaged. The river falls into the river Thames about 300 yards (270 m) west of Chelsea Bridge. This outfall, from a pipe now called the Ranelagh Sewer, can still be seen at low tide']",eng,A copyright review process in November 2021 has determined that this particular item is in the public domain. http://rightsstatements.org/vocab/NoC-US/1.0/,Plan shewing the course of River Westbourne and the Ranelagh Sewer taken from the plans at the Paddington Borough Council Offices.,2023-11-13T21:10:02.881000+00:00,"Paddington (London, England) Borough Council",Maps,Cartographic Image,4026202,"['Westbourne River (England)--Maps', 'Westminster (London, England)--Maps']",Great Britain Commissioners of Sewers for Westminster and Part of Middlesex,[Commissioners of Sewers for Westminster and Part of Middlesex?],[between 1810 and 1829?],G5754.W54N46 1800 .G75,https://api.library.tamu.edu/fcrepo/rest/3b/6f/c3/25/3b6fc325-f6ca-41d8-b91e-8c5db3be8c13/london-maps-batch-2_objects/29/pages/page_0/files/londonmaps_4026202_1.jpg|https://api.library.tamu.edu/fcrepo/rest/3b/6f/c3/25/3b6fc325-f6ca-41d8-b91e-8c5db3be8c13/london-maps-batch-2_objects/29/pages/page_1/files/londonmaps_4026202_2.jpg,
view 29 x 44 cm,"['reformatted digital', 'application/tif']","['Cushing Library copy is part of the Stephen Powys Marks London Collection', 'Includes text and poem', 'Facsimile', 'Cartographic material', 'Originally published London: I. Smith, 1724-1729', '""Emery Walker Limited, Collotypers.""', 'Panorama', 'London Bridge']",eng,A copyright review process in November 2021 has determined that this particular item is in the public domain. http://rightsstatements.org/vocab/NoC-US/1.0/,The west-side of London-Bridge: The east-side of London-Bridge,2023-11-13T21:03:34.693000+00:00,"['Smith, Joseph, active 1705-1748', 'London Topographical Society']",Aerial views,Still Image,2587958,"['London Bridge (London, England)--Aerial views--Early works to 1800--Facsimiles', 'London (England)--Buildings, structures, etc--Pictorial works--Early works to 1800--Facsimiles']","Nicholls, Sutton",London Topographical Society,1921,G5754.L7:2L6A35 1729 .N5 1921,https://api.library.tamu.edu/fcrepo/rest/3b/6f/c3/25/3b6fc325-f6ca-41d8-b91e-8c5db3be8c13/london-maps-batch-2_objects/11/pages/page_0/files/londonmaps_2587958.jpg,
1 map color on sheet 68 x 56 cm,"['application/tif', 'reformatted digital']","['Cadastral map', 'Oriented with north to the right', 'Also shows buildings and streets of 1897', 'Cartographic material', 'Indexed for lodgings and apartments', '""Note--the reddish brown lines are taken from \'A survey and ground plot of the Royal Palace of Whitehall, with the lodgings and apartments belonging to their majesties--A.D. 1680, by John Fisher, \' and published in 1747 by G. Vertue.""', 'Scale [ca. 1:725]']",eng,A copyright review process in November 2021 has determined that this particular item is in the public domain. http://rightsstatements.org/vocab/NoC-US/1.0/,"Plan of buildings in the neighbourhood of Whitehall: showing thereon in red colour the Cockpit and ancient buildings in the neighbourhood thereof, as they stood in 1680",2023-11-13T21:03:34.473000+00:00,"['Fisher, John, active 1670-1703', 'London Topographical Society']",Maps,Cartographic image,3970193,"Whitehall (London, England)--Maps",Great Britain Commissioners of Works,London Topographical Society,1900,G5754.L7:2W5 1897 .G7,https://api.library.tamu.edu/fcrepo/rest/3b/6f/c3/25/3b6fc325-f6ca-41d8-b91e-8c5db3be8c13/london-maps-batch-2_objects/15/pages/page_0/files/londonmaps_3970193.jpg,
maps color 47 x 69 cm,"['application/tif', 'reformatted digital']","['Ordnanve Survey of England', 'Cartographic material', 'Ordnance Survey of England & Wales', 'Relief shown by contours and spot heights. Depth shown by contours', 'Some cloth backed', 'Scale 1:63 360. 1 in. = 1 statute mile', 'Various edition styles']",eng,A copyright review process in November 2021 has determined that this particular item is in the public domain. http://rightsstatements.org/vocab/NoC-US/1.0/,Ordnance Survey of England and Wales.,2023-11-13T21:07:46.411000+00:00,Great Britain War Office General Staff Geographical Section,Maps,Cartographic Image,4015521,"['England--Maps', 'Wales--Maps']",Great Britain Ordnance Survey,War Office,1941-,G5750 s63 .G73,https://api.library.tamu.edu/fcrepo/rest/3b/6f/c3/25/3b6fc325-f6ca-41d8-b91e-8c5db3be8c13/london-maps-batch-2_objects/25/pages/page_0/files/londonmaps_4015521_1.jpg|https://api.library.tamu.edu/fcrepo/rest/3b/6f/c3/25/3b6fc325-f6ca-41d8-b91e-8c5db3be8c13/london-maps-batch-2_objects/25/pages/page_1/files/londonmaps_4015521_2.jpg,
"3 unnumbered pages, 1 unnumbered folded sheet : llustrations ;  11 x 18 cm.","['application/tif', 'reformatted digital']","['Facsimile reprint. Originally published: London : I. Whitelaw, 1849', 'Introductory notes by Bernard Adams', 'Concertina-folded sheet attached to portfolio']",eng,A copyright review process in November 2021 has determined that this particular item is in the public domain. http://rightsstatements.org/vocab/NoC-US/1.0/,Grand Architectural Panorama of London : Regent Street to Westminster Abbey,2023-11-13T21:41:30.838000+00:00,"Adams, Bernard",Maps,Cartographic Image,2804202,London (England)--Maps,"['Leighton, George Cargill, 1826-1895', 'Sandeman, R.']","Harry Margary in association with Guildhall Library, London",between 1980 and 1989?,NA970 .S36 1980z,https://api.library.tamu.edu/fcrepo/rest/3b/6f/c3/25/3b6fc325-f6ca-41d8-b91e-8c5db3be8c13/london-maps-batch-2_objects/52/pages/page_0/files/londonmaps_2804202_1.jpg|https://api.library.tamu.edu/fcrepo/rest/3b/6f/c3/25/3b6fc325-f6ca-41d8-b91e-8c5db3be8c13/london-maps-batch-2_objects/52/pages/page_1/files/londonmaps_2804202_2.jpg|https://api.library.tamu.edu/fcrepo/rest/3b/6f/c3/25/3b6fc325-f6ca-41d8-b91e-8c5db3be8c13/london-maps-batch-2_objects/52/pages/page_2/files/londonmaps_2804202_2.tif,
"maps 45 x 45 cm., on sheets 58 x 49 cm","['application/tif', 'reformatted digital']","['Cartographic material', 'Geographic area in title supplied by cataloger', 'Scale 1:25,000. 2 1/2 in. = 1 mi', '""The representation on this plan of a road, track or footpath is no evidence of the existence of a right of way.""', 'Includes index to adjoining sheets', 'Shows building footprints', '""The Grid lines on this sheet are at 1 kilometre interval.""', 'Some sheets indicate ""Revised"" with dates', 'Includes ""outline edition"", and colored']",eng,A copyright review process in November 2021 has determined that this particular item is in the public domain. http://rightsstatements.org/vocab/NoC-US/1.0/,"Ordnance survey national grid plans, scale 1:25,000 [London]",2023-11-13T21:20:22.582000+00:00,,Maps,Cartographic Image,4447253,London (England)--Maps,Great Britain Ordnance Survey,Ordnance Survey,1956-1961.,G5754.L7 s25 .G74,https://api.library.tamu.edu/fcrepo/rest/3b/6f/c3/25/3b6fc325-f6ca-41d8-b91e-8c5db3be8c13/london-maps-batch-2_objects/50/pages/page_0/files/londonmaps_4447253_1.jpg|https://api.library.tamu.edu/fcrepo/rest/3b/6f/c3/25/3b6fc325-f6ca-41d8-b91e-8c5db3be8c13/london-maps-batch-2_objects/50/pages/page_1/files/londonmaps_4447253_2.jpg|https://api.library.tamu.edu/fcrepo/rest/3b/6f/c3/25/3b6fc325-f6ca-41d8-b91e-8c5db3be8c13/london-maps-batch-2_objects/50/pages/page_2/files/londonmaps_4447253_3.jpg|https://api.library.tamu.edu/fcrepo/rest/3b/6f/c3/25/3b6fc325-f6ca-41d8-b91e-8c5db3be8c13/london-maps-batch-2_objects/50/pages/page_3/files/londonmaps_4447253_4.jpg|https://api.library.tamu.edu/fcrepo/rest/3b/6f/c3/25/3b6fc325-f6ca-41d8-b91e-8c5db3be8c13/london-maps-batch-2_objects/50/pages/page_4/files/londonmaps_4447253_5.jpg|https://api.library.tamu.edu/fcrepo/rest/3b/6f/c3/25/3b6fc325-f6ca-41d8-b91e-8c5db3be8c13/london-maps-batch-2_objects/50/pages/page_5/files/londonmaps_4447253_6.jpg|https://api.library.tamu.edu/fcrepo/rest/3b/6f/c3/25/3b6fc325-f6ca-41d8-b91e-8c5db3be8c13/london-maps-batch-2_objects/50/pages/page_6/files/londonmaps_4447253_7.jpg|https://api.library.tamu.edu/fcrepo/rest/3b/6f/c3/25/3b6fc325-f6ca-41d8-b91e-8c5db3be8c13/london-maps-batch-2_objects/50/pages/page_7/files/londonmaps_4447253_8.jpg,
1 map 70 x 101 cm,"['application/tif', 'reformatted digital']","['Includes position of sheet on the plans of the 1:2,500 scale survey', 'Partially hand-colored', 'Cartographic material', '""Metropolitan Railway &c. inserted 1872.""', 'Scale [ca. 1:1,056]. 5ft. = 1 mile']",eng,A copyright review process in November 2021 has determined that this particular item is in the public domain. http://rightsstatements.org/vocab/NoC-US/1.0/,London (co. Middlesex).,2023-11-13T21:14:58.544000+00:00,"James, H., 1803-1877",Maps,Cartographic Image,4035016,"['Paddington (London, England)--Maps', 'London (England)--Maps']",Great Britain Ordnance Survey,[Ordnance Survey],1868,G5754.L7:2P3 1865 .G7,https://api.library.tamu.edu/fcrepo/rest/3b/6f/c3/25/3b6fc325-f6ca-41d8-b91e-8c5db3be8c13/london-maps-batch-2_objects/46/pages/page_0/files/londonmaps_4035016.jpg,
1 maps on 4 sheets color 89 x 73 cm,"['application/tif', 'reformatted digital']","['Purple or purple and orange overprint on base map', 'Cartographic material', 'Shows the O.S. 1:2500 sheetlines and the areas covered by 1:1250 sheets', 'sheet 160. NW -- sheet 161. NE -- sheet 170. SW -- sheet 171. SE', 'Scale 1:63,360. 1 in. to 1 statute mile (W 0Â°38Ê¹--E 0Â°30Ê¹/N 51Â°48Ê¹--N 51Â°06Ê¹)', 'Relief shown by spot heights', 'Base map: Ordnance Survey of Great Britain, one inch to one mile map (seventh series)']",eng,A copyright review process in November 2021 has determined that this particular item is in the public domain. http://rightsstatements.org/vocab/NoC-US/1.0/,Index of large scale national plans.,2023-11-13T21:18:07.736000+00:00,,Index Maps,Cartographic Image,4447250,London (England)--Maps,Great Britain Ordnance Survey,Director General of the Ordnance Survey,"['[1958-1960]', '©1958-1960']",G5754.L7A2 s63 .G7,https://api.library.tamu.edu/fcrepo/rest/3b/6f/c3/25/3b6fc325-f6ca-41d8-b91e-8c5db3be8c13/london-maps-batch-2_objects/49/pages/page_0/files/londonmaps_4447250_1.jpg|https://api.library.tamu.edu/fcrepo/rest/3b/6f/c3/25/3b6fc325-f6ca-41d8-b91e-8c5db3be8c13/london-maps-batch-2_objects/49/pages/page_1/files/londonmaps_4447250_2.jpg|https://api.library.tamu.edu/fcrepo/rest/3b/6f/c3/25/3b6fc325-f6ca-41d8-b91e-8c5db3be8c13/london-maps-batch-2_objects/49/pages/page_2/files/londonmaps_4447250_3.jpg|https://api.library.tamu.edu/fcrepo/rest/3b/6f/c3/25/3b6fc325-f6ca-41d8-b91e-8c5db3be8c13/london-maps-batch-2_objects/49/pages/page_3/files/londonmaps_4447250_4.jpg,(W 0°38'--E 0°30'/N 51°48'--N 51°06')
1 map 92 x 135 cm,"['application/tif', 'reformatted digital']","['Photocopy [London:', 'Scale [ca. 1:13,000]', 'Cartographic material', 'Title from British Library online gallery', 'New plan of London and its environs']",eng,A copyright review process in November 2021 has determined that this particular item is in the public domain. http://rightsstatements.org/vocab/NoC-US/1.0/,Cruchley's new plan of London and its environs.,2023-11-13T21:15:03.518000+00:00,,Maps,Cartographic Image,4034905,London (England)--Maps,"Cruchley, G. F.",Engraved & Published by Cruchley map-seller,1829,G5754.L7 1829 .C7,https://api.library.tamu.edu/fcrepo/rest/3b/6f/c3/25/3b6fc325-f6ca-41d8-b91e-8c5db3be8c13/london-maps-batch-2_objects/43/pages/page_0/files/londonmaps_4034905_1.jpg|https://api.library.tamu.edu/fcrepo/rest/3b/6f/c3/25/3b6fc325-f6ca-41d8-b91e-8c5db3be8c13/london-maps-batch-2_objects/43/pages/page_1/files/londonmaps_4034905_2.jpg,
"1 portfolio (7 pages, 1 unnumbered folded leaves) : color plans ; 36 x 25 cm.","['reformatted digital', 'application/tif']","[""Ground floor plan of the middle and upper wards about 1790 -- First floor plan of the upper ward about 1790 -- Ground floor plan of the lower and middle (part) wards about 1790 -- Ground floor plan of the middle and upper wards -- Ground floor plan of the lower and middle (part) wards -- Hawthorne's Platts of Queen Elizabeth's Gallery -- John Norden's Survey of Windsor Castle, 1607, as drawn for Henry Prince of Wales."", 'Title from spine of portfolio', ""At top left of each plan: Hope's Windsor Castle""]",eng,A copyright review process in November 2021 has determined that this particular item is in the public domain. http://rightsstatements.org/vocab/NoC-US/1.0/,Windsor Castle : plans.,2023-11-13T21:41:22.669000+00:00,,Drawing and Plans,Text,3737719,Windsor Castle,"Hope, W. H. St. John (William Henry St. John), Sir, 1854-1919",[publisher not identified],between 1980 and 1989?,N1550.H66 W56 1900z,https://api.library.tamu.edu/fcrepo/rest/3b/6f/c3/25/3b6fc325-f6ca-41d8-b91e-8c5db3be8c13/london-maps-batch-2_objects/53/pages/page_0/files/londonmaps_3737719_1.jpg|https://api.library.tamu.edu/fcrepo/rest/3b/6f/c3/25/3b6fc325-f6ca-41d8-b91e-8c5db3be8c13/london-maps-batch-2_objects/53/pages/page_1/files/londonmaps_3737719_2.jpg|https://api.library.tamu.edu/fcrepo/rest/3b/6f/c3/25/3b6fc325-f6ca-41d8-b91e-8c5db3be8c13/london-maps-batch-2_objects/53/pages/page_2/files/londonmaps_3737719_3.jpg|https://api.library.tamu.edu/fcrepo/rest/3b/6f/c3/25/3b6fc325-f6ca-41d8-b91e-8c5db3be8c13/london-maps-batch-2_objects/53/pages/page_3/files/londonmaps_3737719_4.jpg|https://api.library.tamu.edu/fcrepo/rest/3b/6f/c3/25/3b6fc325-f6ca-41d8-b91e-8c5db3be8c13/london-maps-batch-2_objects/53/pages/page_4/files/londonmaps_3737719_5.jpg|https://api.library.tamu.edu/fcrepo/rest/3b/6f/c3/25/3b6fc325-f6ca-41d8-b91e-8c5db3be8c13/london-maps-batch-2_objects/53/pages/page_5/files/londonmaps_3737719_6.jpg|https://api.library.tamu.edu/fcrepo/rest/3b/6f/c3/25/3b6fc325-f6ca-41d8-b91e-8c5db3be8c13/london-maps-batch-2_objects/53/pages/page_6/files/londonmaps_3737719_7.jpg|https://api.library.tamu.edu/fcrepo/rest/3b/6f/c3/25/3b6fc325-f6ca-41d8-b91e-8c5db3be8c13/london-maps-batch-2_objects/53/pages/page_7/files/londonmaps_3737719_8.jpg,
"1 view on 8 sheets 70 x 182 cm., sheets 59 x 44 cm. and 44 x 59 cm","['application/tif', 'reformatted digital']","['Relief shown pictorially', 'Cartographic material', 'Darlington and Howgego No. 8', 'Plan of London (circa 1560-1570) by Ralph Agas', ""Bird's-eye-view"", 'Perspective map not drawn to scale', 'Cushing Library copy is part of the Stephen Powys Marks London Collection', 'Includes ill., text and coats-of-arms']",eng,A copyright review process in November 2021 has determined that this particular item is in the public domain. http://rightsstatements.org/vocab/NoC-US/1.0/,Civitas Londinum.,2023-11-13T21:21:36.758000+00:00,,"['Pictorial works', 'Maps']",Cartographic image,2587953,London (England)--Early works to 1800--Facsimiles,"Agas, Ralph, 1545-1621",London Topographical Society,1905,G5754.L7A3 1570 .A3 1905,https://api.library.tamu.edu/fcrepo/rest/3b/6f/c3/25/3b6fc325-f6ca-41d8-b91e-8c5db3be8c13/london-maps-batch-2_objects/9/pages/page_0/files/londonmaps_2587953_1.jpg|https://api.library.tamu.edu/fcrepo/rest/3b/6f/c3/25/3b6fc325-f6ca-41d8-b91e-8c5db3be8c13/london-maps-batch-2_objects/9/pages/page_1/files/londonmaps_2587953_2.jpg|https://api.library.tamu.edu/fcrepo/rest/3b/6f/c3/25/3b6fc325-f6ca-41d8-b91e-8c5db3be8c13/london-maps-batch-2_objects/9/pages/page_2/files/londonmaps_2587953_3.jpg|https://api.library.tamu.edu/fcrepo/rest/3b/6f/c3/25/3b6fc325-f6ca-41d8-b91e-8c5db3be8c13/london-maps-batch-2_objects/9/pages/page_3/files/londonmaps_2587953_4.jpg|https://api.library.tamu.edu/fcrepo/rest/3b/6f/c3/25/3b6fc325-f6ca-41d8-b91e-8c5db3be8c13/london-maps-batch-2_objects/9/pages/page_4/files/londonmaps_2587953_5.jpg|https://api.library.tamu.edu/fcrepo/rest/3b/6f/c3/25/3b6fc325-f6ca-41d8-b91e-8c5db3be8c13/london-maps-batch-2_objects/9/pages/page_5/files/londonmaps_2587953_6.jpg|https://api.library.tamu.edu/fcrepo/rest/3b/6f/c3/25/3b6fc325-f6ca-41d8-b91e-8c5db3be8c13/london-maps-batch-2_objects/9/pages/page_6/files/londonmaps_2587953_7.jpg|https://api.library.tamu.edu/fcrepo/rest/3b/6f/c3/25/3b6fc325-f6ca-41d8-b91e-8c5db3be8c13/london-maps-batch-2_objects/9/pages/page_7/files/londonmaps_2587953_8.jpg,
1 map 20 x 55 cm,"['application/tif', 'reformatted digital']","['Crace, John Gregory, A catalogue of maps, plans and views of London, Westminster and Southwark collected and arranged by Frederick Crace (1878), no. 25, p. 4', 'Cartographic material', 'Based on a map of London attributed to R. Agas', ""Bird's-eye-view"", 'An explanatory table Londinum Antiqua along with a 10 point legend bottom left of map', 'Scale not given', 'The buildings represented pictorially']",eng,A copyright review process in November 2021 has determined that this particular item is in the public domain. http://rightsstatements.org/vocab/NoC-US/1.0/,"London and Westminster in the reign of Queen Elizabeth, anno dom. 1563",2023-11-13T21:12:33.808000+00:00,"Agas, Ralph, 1545-1621","['Aerial views', 'Early Maps']",Cartographic Image,4033610,"['Westminster (London, England)--Aerial views--Early works to 1800', 'London (England)--Aerial views--Early works to 1800']","Neele, Samuel John, 1758-1824",[publisher not identified],[between 1820 and 1824?],G5754.L7A3 1563 .N44 1820,https://api.library.tamu.edu/fcrepo/rest/3b/6f/c3/25/3b6fc325-f6ca-41d8-b91e-8c5db3be8c13/london-maps-batch-2_objects/36/pages/page_0/files/londonmaps_4033610.jpg,
"1 view on 12 sheets 124 x 206 cm., sheets 56 x 61 cm","['application/tif', 'reformatted digital']","['""To Her Royal Highness Wilhelmina Carolina, the most illustrious Princess of Wales, this prospect of London, Westminster & St. James\'s Park is most humbly dedicated by John Kip.""', 'Veue et perspective de la ville de Londre, Westminster et Parc St. Jacques', 'Crace, p.158', 'View of London and Westminster by John Kip, circa 1710-1720', 'In lower margin: Key to selected buildings or places of interest, part in French and part in English', 'Cushing Library copy is part of the Stephen Powys Marks London Collection', 'Cartographic material', 'Panorama', 'Not drawn to scale']",eng,A copyright review process in November 2021 has determined that this particular item is in the public domain. http://rightsstatements.org/vocab/NoC-US/1.0/,"A prospect of the city of London, Westminster and St. James Park: veue et perspective de la ville de Londre, Westminster et Parc St. Jacques",2023-11-13T21:16:16.078000+00:00,,Pictorial works,Still Image,2578398,London (England)--Pictorial works--Early works to 1800--Facsimiles,"Kip, Johannes, 1653-1722",London Topographical Society,1903,G5754.L7A35 1720 .K5 1903,https://api.library.tamu.edu/fcrepo/rest/3b/6f/c3/25/3b6fc325-f6ca-41d8-b91e-8c5db3be8c13/london-maps-batch-2_objects/3/pages/page_0/files/londonmaps_2578398_01.jpg|https://api.library.tamu.edu/fcrepo/rest/3b/6f/c3/25/3b6fc325-f6ca-41d8-b91e-8c5db3be8c13/london-maps-batch-2_objects/3/pages/page_1/files/londonmaps_2578398_02.jpg|https://api.library.tamu.edu/fcrepo/rest/3b/6f/c3/25/3b6fc325-f6ca-41d8-b91e-8c5db3be8c13/london-maps-batch-2_objects/3/pages/page_2/files/londonmaps_2578398_03.jpg|https://api.library.tamu.edu/fcrepo/rest/3b/6f/c3/25/3b6fc325-f6ca-41d8-b91e-8c5db3be8c13/london-maps-batch-2_objects/3/pages/page_3/files/londonmaps_2578398_04.jpg|https://api.library.tamu.edu/fcrepo/rest/3b/6f/c3/25/3b6fc325-f6ca-41d8-b91e-8c5db3be8c13/london-maps-batch-2_objects/3/pages/page_4/files/londonmaps_2578398_05.jpg|https://api.library.tamu.edu/fcrepo/rest/3b/6f/c3/25/3b6fc325-f6ca-41d8-b91e-8c5db3be8c13/london-maps-batch-2_objects/3/pages/page_5/files/londonmaps_2578398_06.jpg|https://api.library.tamu.edu/fcrepo/rest/3b/6f/c3/25/3b6fc325-f6ca-41d8-b91e-8c5db3be8c13/london-maps-batch-2_objects/3/pages/page_6/files/londonmaps_2578398_07.jpg|https://api.library.tamu.edu/fcrepo/rest/3b/6f/c3/25/3b6fc325-f6ca-41d8-b91e-8c5db3be8c13/london-maps-batch-2_objects/3/pages/page_7/files/londonmaps_2578398_08.jpg|https://api.library.tamu.edu/fcrepo/rest/3b/6f/c3/25/3b6fc325-f6ca-41d8-b91e-8c5db3be8c13/london-maps-batch-2_objects/3/pages/page_8/files/londonmaps_2578398_09.jpg|https://api.library.tamu.edu/fcrepo/rest/3b/6f/c3/25/3b6fc325-f6ca-41d8-b91e-8c5db3be8c13/london-maps-batch-2_objects/3/pages/page_9/files/londonmaps_2578398_10.jpg|https://api.library.tamu.edu/fcrepo/rest/3b/6f/c3/25/3b6fc325-f6ca-41d8-b91e-8c5db3be8c13/london-maps-batch-2_objects/3/pages/page_10/files/londonmaps_2578398_11.jpg|https://api.library.tamu.edu/fcrepo/rest/3b/6f/c3/25/3b6fc325-f6ca-41d8-b91e-8c5db3be8c13/london-maps-batch-2_objects/3/pages/page_11/files/londonmaps_2578398_12.jpg,
11 maps color 51 x 86 cm. or smaller,"['application/tif', 'reformatted digital']","['Covers most of the Low Countries and northeastern France', 'sheet no. 1. Folkestone-Boulogne -- sheet no. 2. Lille-Ghent -- sheet no. 2A-3A. Walcheren-Amsterdam -- sheet no. 3. Brussels -LieÌ\x81ge -- sheet no. 3b. Leeuwarden -- sheet no. 4. Havre-Amiens -- sheet no. 5. Amiens-Mons -- sheet no. 6. Namur-Luxembourg -- sheet no. 7. Rouen-Paris -- sheet no. 8. Paris-Reims -- sheet no. 9. Chalons-Nancy', 'Cartographic material', 'Scale 1:250,000 1 in=3.945 miles 1 cm.=2.5 km. ; Lambert conical orthomorphic proj. Du Plessis (reconstituted) spheroid (W 0Â°07Ê¹--E 6Â°30Ê¹/N 52Â°38Ê¹--N 48Â°34Ê¹)', '""Origin Lat. 49Â°300Ì\x810"" North Long. 7Â°441Ì\x814"" East of Greenwich.""', 'Relief shown by shading, contour lines and spot heights', 'Military grid', 'Extra numbered sheet 2A & 3A, and 3B compiled by John Bartholomew and Son, Ltd']",eng,A copyright review process in November 2021 has determined that this particular item is in the public domain. http://rightsstatements.org/vocab/NoC-US/1.0/,"North West Europe 1:250,000.",2023-11-13T21:07:15.845000+00:00,John Bartholomew and Son,Topographic Maps,Cartographic Image,4014869,"['Europe, Northern--Maps', 'Benelux countries--Maps', 'France--Maps']",Great Britain War Office General Staff Geographical Section,War Office,1943,G5720 s250 .G7,https://api.library.tamu.edu/fcrepo/rest/3b/6f/c3/25/3b6fc325-f6ca-41d8-b91e-8c5db3be8c13/london-maps-batch-2_objects/23/pages/page_0/files/londonmaps_4014869_1.jpg|https://api.library.tamu.edu/fcrepo/rest/3b/6f/c3/25/3b6fc325-f6ca-41d8-b91e-8c5db3be8c13/london-maps-batch-2_objects/23/pages/page_1/files/londonmaps_4014869_2.jpg|https://api.library.tamu.edu/fcrepo/rest/3b/6f/c3/25/3b6fc325-f6ca-41d8-b91e-8c5db3be8c13/london-maps-batch-2_objects/23/pages/page_2/files/londonmaps_4014869_3.jpg|https://api.library.tamu.edu/fcrepo/rest/3b/6f/c3/25/3b6fc325-f6ca-41d8-b91e-8c5db3be8c13/london-maps-batch-2_objects/23/pages/page_3/files/londonmaps_4014869_4.jpg,(W 0°07'--E 6°30'/N 52°38'--N 48°34')
1 map overlay 59 x 35 cm,"['application/tif', 'reformatted digital']","[""The Tyburn is a stream in London, which runs underground from South Hampstead through St. James's Park to meet the River Thames at Pimlico near Vauxhall Bridge. Before it was covered over, the Tyburn arose from the confluence of two tributary streams from the hills of Hampstead. At what is now St. James's Park, it split into three branches, two of which formed Thorney Island on which Westminster Abbey was built. The Tyburn is now completely enclosed and flows through underground conduits for its entire length, including one underneath Buckingham Palace. Marylebone Lane (W1) follows the course of the Tyburn on what was its left bank through Marylebone village. From its source at the Shepherd's Well near Fitzjohns Avenue in Hampstead it flowed south through Swiss Cottage down to Regent's Park. In the park the Tyburn is carried in an aqueduct over the Regent's Canal. The sewer is now officially titled the King's Scholar's Pond Sewer,"", 'Cartographic material', 'Scale not given']",eng,A copyright review process in November 2021 has determined that this particular item is in the public domain. http://rightsstatements.org/vocab/NoC-US/1.0/,"King's College Pond Sewer, Tybourne.",2023-11-13T21:11:21.257000+00:00,,Maps,Cartographic Image,4026214,"['Tyburne, River (England)--Maps', 'Westminster (London, England)--Maps']",London County Council,[London County Council?],[between 1850 and 1869?],G5754.W54N46 1850 .L7,https://api.library.tamu.edu/fcrepo/rest/3b/6f/c3/25/3b6fc325-f6ca-41d8-b91e-8c5db3be8c13/london-maps-batch-2_objects/33/pages/page_0/files/londonmaps_4026214.jpg,
"maps some color sheets 73 x 106 cm., or smaller","['application/tif', 'reformatted digital']","['Some sheets have ms. annotations', 'Reprinted in various years', 'Detailed topographic survey of London (England) showing location and names of public buildings, antiquity sites and boundaries of administrative divisions. Relief shown by spot heights', 'Scale [ca. 1:1,056]. Five feet to one statute mile or 88 feet to one inch', 'Cartographic material', 'Index to series available']",eng,A copyright review process in November 2021 has determined that this particular item is in the public domain. http://rightsstatements.org/vocab/NoC-US/1.0/,London: edition of 1894-96.,2023-11-13T21:15:45.469000+00:00,,Maps,Cartographic Image,4036806,London (England)--Maps,Great Britain Ordnance Survey,Photozincographed and published by the Director General at the Ordnance Survey Office,1894-1896.,G5754.L7 s1 1894 .G7,https://api.library.tamu.edu/fcrepo/rest/3b/6f/c3/25/3b6fc325-f6ca-41d8-b91e-8c5db3be8c13/london-maps-batch-2_objects/47/pages/page_0/files/londonmaps_4036806_1.jpg|https://api.library.tamu.edu/fcrepo/rest/3b/6f/c3/25/3b6fc325-f6ca-41d8-b91e-8c5db3be8c13/london-maps-batch-2_objects/47/pages/page_1/files/londonmaps_4036806_2.jpg,
map 53 x 82 cm. on 2 sheets 64 x 48 cm. and 63 x 47 cm,"['application/tif', 'reformatted digital']","['Exact surveigh of the streets, lanes, and churches contained within the ruines of the city of London', 'Cushing Library copy is part of the Stephen Powys Marks London Collection', 'Includes ""The prospect of this citty, as it appeared from the opposite Southwarke side, in the fire time,"" indexes to points of interest and wards, and City of London coat of arms', 'Has watermark', 'Facsimile', 'Cartographic material', '""Ionas Moore & Ralph Graterix, surveyors.""', 'Scale ca. 1:3,700', '""The right honourable S. William Turner, the Lord Major, ao. 1669.""', ""Bird's-eye-view"", 'Alternate title: Plan of London after the fire']",eng,A copyright review process in November 2021 has determined that this particular item is in the public domain. http://rightsstatements.org/vocab/NoC-US/1.0/,"An exact svrveigh of the streets, lanes, and chvrches contained within the rvines of the city of London",2023-11-13T21:13:48.555000+00:00,"['London Topographical Society', 'Hollar, Wenceslaus, 1607-1677']",Aerial views,Cartographic image,2578428,London (England)--Aerial views--Early works to 1800--Facsimiles,"Leake, John","Nathanaell Brooke, stationer London Topographical Society",[1669?] 1908-1909.,G5754.L7A3 1667 .L4 1908,https://api.library.tamu.edu/fcrepo/rest/3b/6f/c3/25/3b6fc325-f6ca-41d8-b91e-8c5db3be8c13/london-maps-batch-2_objects/4/pages/page_0/files/londonmaps_2578428_1.jpg|https://api.library.tamu.edu/fcrepo/rest/3b/6f/c3/25/3b6fc325-f6ca-41d8-b91e-8c5db3be8c13/london-maps-batch-2_objects/4/pages/page_1/files/londonmaps_2578428_2.jpg,
view 21 x 70 cm,"['reformatted digital', 'application/tif']","['Cushing Library copy is part of the Stephen Powys Marks London Collection', 'Facsimile', 'Cartographic material', 'Panorama', 'View of London', 'Includes index of notable buildings and 2 coats-of-arms', '""From \'Neuwe archontologia cosmica ... durch Johann Ludwig Gottfried, Franckfurt-am-Mayn, 1638.\'""', '""Emery Walker Ltd., collotypers.""']",eng,A copyright review process in November 2021 has determined that this particular item is in the public domain. http://rightsstatements.org/vocab/NoC-US/1.0/,London,2023-11-13T21:03:34.784000+00:00,"['London Topographical Society', 'Gottfried, Johann Ludwig, active 17th century']",Aerial views,Still Image,2587965,"['London (England)--Aerial views--Early works to 1800--Facsimiles', 'London (England)--Pictorial works--Early works to 1800--Facsimiles']","Merian, Matthaeus, 1593-1650",J.L. Gottfried London Topographical Society,1638. 1922.,G5754.L7A35 1638 .M4 1922,https://api.library.tamu.edu/fcrepo/rest/3b/6f/c3/25/3b6fc325-f6ca-41d8-b91e-8c5db3be8c13/london-maps-batch-2_objects/12/pages/page_0/files/londonmaps_2587965.jpg,
"maps : overlays ; 45 x 45 cm., sheets 58 x 49 cm","['application/tif', 'reformatted digital']","['Shows building footprints', 'Some sheets indicate when ""Surveyed"" and ""Levelled"" or ""Revised"" in upper margin.', 'Some sheets indicate more information on ""The Projection for Ordnance Survey Maps and Plans and the National Reference System.""', '""The lines on this plan form part of the National Grid and are spaced at 100 metre intervals.""', 'Some sheets include mereing abbreviations.', 'Geographic area in title supplied by cataloger', 'Photographic reduction']",eng,A copyright review process in November 2021 has determined that this particular item is in the public domain. http://rightsstatements.org/vocab/NoC-US/1.0/,"Ordnance survey national grid plans, scale 1:2500 [Westminster]",2023-11-13T21:08:48.015000+00:00,,Maps,Cartographic image,3970935,"['Westminster (London, England)', 'London (England)']",Great Britain. Ordnance Survey.,Director General of the Ordnance Survey,1950,G5754.W54 s2 .G74,https://api.library.tamu.edu/fcrepo/rest/3b/6f/c3/25/3b6fc325-f6ca-41d8-b91e-8c5db3be8c13/london-maps-batch-2_objects/16/pages/page_0/files/londonmaps_3970935_01.jpg|https://api.library.tamu.edu/fcrepo/rest/3b/6f/c3/25/3b6fc325-f6ca-41d8-b91e-8c5db3be8c13/london-maps-batch-2_objects/16/pages/page_1/files/londonmaps_3970935_02.jpg|https://api.library.tamu.edu/fcrepo/rest/3b/6f/c3/25/3b6fc325-f6ca-41d8-b91e-8c5db3be8c13/london-maps-batch-2_objects/16/pages/page_2/files/londonmaps_3970935_03.jpg|https://api.library.tamu.edu/fcrepo/rest/3b/6f/c3/25/3b6fc325-f6ca-41d8-b91e-8c5db3be8c13/london-maps-batch-2_objects/16/pages/page_3/files/londonmaps_3970935_04.jpg|https://api.library.tamu.edu/fcrepo/rest/3b/6f/c3/25/3b6fc325-f6ca-41d8-b91e-8c5db3be8c13/london-maps-batch-2_objects/16/pages/page_4/files/londonmaps_3970935_05.jpg|https://api.library.tamu.edu/fcrepo/rest/3b/6f/c3/25/3b6fc325-f6ca-41d8-b91e-8c5db3be8c13/london-maps-batch-2_objects/16/pages/page_5/files/londonmaps_3970935_06.jpg|https://api.library.tamu.edu/fcrepo/rest/3b/6f/c3/25/3b6fc325-f6ca-41d8-b91e-8c5db3be8c13/london-maps-batch-2_objects/16/pages/page_6/files/londonmaps_3970935_07.jpg|https://api.library.tamu.edu/fcrepo/rest/3b/6f/c3/25/3b6fc325-f6ca-41d8-b91e-8c5db3be8c13/london-maps-batch-2_objects/16/pages/page_7/files/londonmaps_3970935_08.jpg|https://api.library.tamu.edu/fcrepo/rest/3b/6f/c3/25/3b6fc325-f6ca-41d8-b91e-8c5db3be8c13/london-maps-batch-2_objects/16/pages/page_8/files/londonmaps_3970935_09.jpg|https://api.library.tamu.edu/fcrepo/rest/3b/6f/c3/25/3b6fc325-f6ca-41d8-b91e-8c5db3be8c13/london-maps-batch-2_objects/16/pages/page_9/files/londonmaps_3970935_10.jpg|https://api.library.tamu.edu/fcrepo/rest/3b/6f/c3/25/3b6fc325-f6ca-41d8-b91e-8c5db3be8c13/london-maps-batch-2_objects/16/pages/page_10/files/londonmaps_3970935_11.jpg,
"maps color 75 x 68 cm., sheet 91 x 74 cm. or smaller","['application/tif', 'reformatted digital']","['Scale 1:63,360. 1 in.=1 mile (W 60Â°0Ê¹--E 14Â°5Ê¹/N 553Â°0Ê¹--N 493Â°0Ê¹)', 'Each sheet is numbered and named individually', 'Contours are at 50 foot intervals', 'Cartographic material', 'First edition by the Director General at the Ordnance Survey Office, Chessington', 'Includes national grid, grid reference, and adjoining sheets', 'Relief shown by contours, gradient tints, and spot heights', 'Map series of Great Britain showing railways, parks, glasshouses, National Trust areas, electricity transmission lines, pipe lines, boundaries, quarries, gravel pits, water feature, roads, paths, buildings, and sites of battle', '""Military system."" Overprinted with national grid military system']",eng,A copyright review process in November 2021 has determined that this particular item is in the public domain. http://rightsstatements.org/vocab/NoC-US/1.0/,"Ordnance Survey of Great Britain: new popular one-inch map (with national grid), England & Wales.",2023-11-13T21:09:22.429000+00:00,Great Britain War Office General Staff Geographical Section,Topographic Maps,Cartographic Image,4015523,"['Great Britain--Maps', 'England--Maps', 'Wales--Maps']",Great Britain Ordnance Survey,War Office,1947-,G5740 s63 .G74,https://api.library.tamu.edu/fcrepo/rest/3b/6f/c3/25/3b6fc325-f6ca-41d8-b91e-8c5db3be8c13/london-maps-batch-2_objects/26/pages/page_0/files/londonmaps_4015523_1.jpg|https://api.library.tamu.edu/fcrepo/rest/3b/6f/c3/25/3b6fc325-f6ca-41d8-b91e-8c5db3be8c13/london-maps-batch-2_objects/26/pages/page_1/files/londonmaps_4015523_2.jpg|https://api.library.tamu.edu/fcrepo/rest/3b/6f/c3/25/3b6fc325-f6ca-41d8-b91e-8c5db3be8c13/london-maps-batch-2_objects/26/pages/page_2/files/londonmaps_4015523_3.jpg,(W 60°0'--E 14°5'/N 553°0'--N 493°0')
1 map on sheet 70 x 99 cm,"['application/tif', 'reformatted digital']","['Cartographic material', ""Includes engraved views of Clerkenwell Green with Sessions House and St. James's Church"", 'Plan published in 1813 in his work ""Description of an improved method of delineating estates"". Adapted from his own large-scale plan of Clerkenwell, completed for the Clerkenwell Vestry in 1808', 'Scale [ca. 1:2,494]']",eng,A copyright review process in November 2021 has determined that this particular item is in the public domain. http://rightsstatements.org/vocab/NoC-US/1.0/,Plan of the parish of Clerkenwell,2023-11-13T21:05:21.120000+00:00,Islington Libraries,Maps,Cartographic Image,3999268,"Clerkenwell (London, England)--Maps--Facsimiles","Hornor, Thomas, 1785-1844",Islington Libraries Archives,[between 1970 and 1979?],G5754.L7:2C5 1808 .H67 1970,https://api.library.tamu.edu/fcrepo/rest/3b/6f/c3/25/3b6fc325-f6ca-41d8-b91e-8c5db3be8c13/london-maps-batch-2_objects/20/pages/page_0/files/londonmaps_3999268.jpg,
1 map 150 x 238 cm. on 12 sheets 56 x 77 or 56 x 39 cm,"['application/tif', 'reformatted digital']","['Cartographic material', 'Prospect of London and Westminster', 'Includes ""A prospect of London and Westminster taken at several stations to the southward thereof, by Robt. Morden & Phil. Lea,"" indexes, diagrs. of government and university administrators\' names, dedication statements, text, tables, and illus', '[London?: R. Morden & P. Lea?], 1682', '""This survey was begun by Mr. Ogilby, and finished & humbly dedicated by Wm. Morgan.""', 'Scale [1:3,600] . 300 ft. in 1 in', 'Available also through the Library of Congress Web site as a raster image']",eng,A copyright review process in November 2021 has determined that this particular item is in the public domain. http://rightsstatements.org/vocab/NoC-US/1.0/,London &c. actually surveyed : Prospect of London and Westminster,2023-11-13T21:10:06.810000+00:00,"['Morden, Robert, approximately 1650-1703', 'London Topographical Society', 'Lea, Philip, active 1683-1700', 'Ogilby, John, 1600-1676']","['Aerial views', 'Cadastral maps', 'Pictorial maps']",Cartographic Image,3971728,"['Westminster (London, England)--Aerial views--Early works to 1800--Facsimiles', 'London (England)--Aerial views--Early works to 1800--Facsimiles', 'London (England)--Maps--Early works to 1800--Facsimiles']","Morgan, William, -1690",London Topographical Society,1904,G5754.L7 1682 .M6 1904,https://api.library.tamu.edu/fcrepo/rest/3b/6f/c3/25/3b6fc325-f6ca-41d8-b91e-8c5db3be8c13/london-maps-batch-2_objects/17/pages/page_0/files/3971728_01.jpg|https://api.library.tamu.edu/fcrepo/rest/3b/6f/c3/25/3b6fc325-f6ca-41d8-b91e-8c5db3be8c13/london-maps-batch-2_objects/17/pages/page_1/files/3971728_02.jpg|https://api.library.tamu.edu/fcrepo/rest/3b/6f/c3/25/3b6fc325-f6ca-41d8-b91e-8c5db3be8c13/london-maps-batch-2_objects/17/pages/page_2/files/3971728_03.jpg|https://api.library.tamu.edu/fcrepo/rest/3b/6f/c3/25/3b6fc325-f6ca-41d8-b91e-8c5db3be8c13/london-maps-batch-2_objects/17/pages/page_3/files/3971728_04.jpg|https://api.library.tamu.edu/fcrepo/rest/3b/6f/c3/25/3b6fc325-f6ca-41d8-b91e-8c5db3be8c13/london-maps-batch-2_objects/17/pages/page_4/files/3971728_05.jpg|https://api.library.tamu.edu/fcrepo/rest/3b/6f/c3/25/3b6fc325-f6ca-41d8-b91e-8c5db3be8c13/london-maps-batch-2_objects/17/pages/page_5/files/3971728_06.jpg|https://api.library.tamu.edu/fcrepo/rest/3b/6f/c3/25/3b6fc325-f6ca-41d8-b91e-8c5db3be8c13/london-maps-batch-2_objects/17/pages/page_6/files/3971728_07.jpg|https://api.library.tamu.edu/fcrepo/rest/3b/6f/c3/25/3b6fc325-f6ca-41d8-b91e-8c5db3be8c13/london-maps-batch-2_objects/17/pages/page_7/files/3971728_08.jpg|https://api.library.tamu.edu/fcrepo/rest/3b/6f/c3/25/3b6fc325-f6ca-41d8-b91e-8c5db3be8c13/london-maps-batch-2_objects/17/pages/page_8/files/3971728_09.jpg|https://api.library.tamu.edu/fcrepo/rest/3b/6f/c3/25/3b6fc325-f6ca-41d8-b91e-8c5db3be8c13/london-maps-batch-2_objects/17/pages/page_9/files/3971728_10.jpg|https://api.library.tamu.edu/fcrepo/rest/3b/6f/c3/25/3b6fc325-f6ca-41d8-b91e-8c5db3be8c13/london-maps-batch-2_objects/17/pages/page_10/files/3971728_11.jpg|https://api.library.tamu.edu/fcrepo/rest/3b/6f/c3/25/3b6fc325-f6ca-41d8-b91e-8c5db3be8c13/london-maps-batch-2_objects/17/pages/page_11/files/3971728_12.jpg,
1 map on xvi sheets 16 leaves of maps on sheets 52 x 71 cm,"['application/tif', 'reformatted digital']","['Carte topographique des villes de Londres et de Westminster, du bourg de Southwark, et de leurs environs leveÌ€ treÌ€s exactement fur les lieux par Jean Rocque en 1741, et finis en 1745', 'Accurata descriptio urbium Londinensis et Westmonasteriensis, nec non municipii Southwarkensis, et universae regionis ad decem fere undique millia passuum, incepta anno 1741 et absoluta anno 1745', 'Title vignette', 'Carte topographique des villes de Londres et de Westminster, du bourg de Southwark, et de leurs environs leveÌ€ [sic] treÌ€s exactement fur les lieux par Jean Rocque en 1741, et finis en 1745', 'Photolithograph', 'Cartographic material', 'Scale [ca. 1:12,000]']",eng,A copyright review process in November 2021 has determined that this particular item is in the public domain. http://rightsstatements.org/vocab/NoC-US/1.0/,"An exact survey of the citys of London, Westminster, ye borough of Southwark and the country near ten miles round begun in 1741 & ended in 1745",2023-11-13T21:13:00.728000+00:00,,Maps,Cartographic image,3964499,"['London (England)--Maps--Early works to 1800--Facsimiles', 'City of London (England)--History--Maps--Facsimiles', 'City of London (England)--Maps--Early works to 1800--Facsimiles', 'London (England)--History--Maps--Facsimiles']","Rocque, John, -1762",Edward Stanford,1878,G5754.L7 1746 .R63 1878,https://api.library.tamu.edu/fcrepo/rest/3b/6f/c3/25/3b6fc325-f6ca-41d8-b91e-8c5db3be8c13/london-maps-batch-2_objects/13/pages/page_0/files/londonmaps_3964499_01.jpg|https://api.library.tamu.edu/fcrepo/rest/3b/6f/c3/25/3b6fc325-f6ca-41d8-b91e-8c5db3be8c13/london-maps-batch-2_objects/13/pages/page_1/files/londonmaps_3964499_02.jpg|https://api.library.tamu.edu/fcrepo/rest/3b/6f/c3/25/3b6fc325-f6ca-41d8-b91e-8c5db3be8c13/london-maps-batch-2_objects/13/pages/page_2/files/londonmaps_3964499_03.jpg|https://api.library.tamu.edu/fcrepo/rest/3b/6f/c3/25/3b6fc325-f6ca-41d8-b91e-8c5db3be8c13/london-maps-batch-2_objects/13/pages/page_3/files/londonmaps_3964499_04.jpg|https://api.library.tamu.edu/fcrepo/rest/3b/6f/c3/25/3b6fc325-f6ca-41d8-b91e-8c5db3be8c13/london-maps-batch-2_objects/13/pages/page_4/files/londonmaps_3964499_05.jpg|https://api.library.tamu.edu/fcrepo/rest/3b/6f/c3/25/3b6fc325-f6ca-41d8-b91e-8c5db3be8c13/london-maps-batch-2_objects/13/pages/page_5/files/londonmaps_3964499_06.jpg|https://api.library.tamu.edu/fcrepo/rest/3b/6f/c3/25/3b6fc325-f6ca-41d8-b91e-8c5db3be8c13/london-maps-batch-2_objects/13/pages/page_6/files/londonmaps_3964499_07.jpg|https://api.library.tamu.edu/fcrepo/rest/3b/6f/c3/25/3b6fc325-f6ca-41d8-b91e-8c5db3be8c13/london-maps-batch-2_objects/13/pages/page_7/files/londonmaps_3964499_08.jpg|https://api.library.tamu.edu/fcrepo/rest/3b/6f/c3/25/3b6fc325-f6ca-41d8-b91e-8c5db3be8c13/london-maps-batch-2_objects/13/pages/page_8/files/londonmaps_3964499_09.jpg|https://api.library.tamu.edu/fcrepo/rest/3b/6f/c3/25/3b6fc325-f6ca-41d8-b91e-8c5db3be8c13/london-maps-batch-2_objects/13/pages/page_9/files/londonmaps_3964499_10.jpg|https://api.library.tamu.edu/fcrepo/rest/3b/6f/c3/25/3b6fc325-f6ca-41d8-b91e-8c5db3be8c13/london-maps-batch-2_objects/13/pages/page_10/files/londonmaps_3964499_11.jpg|https://api.library.tamu.edu/fcrepo/rest/3b/6f/c3/25/3b6fc325-f6ca-41d8-b91e-8c5db3be8c13/london-maps-batch-2_objects/13/pages/page_11/files/londonmaps_3964499_12.jpg|https://api.library.tamu.edu/fcrepo/rest/3b/6f/c3/25/3b6fc325-f6ca-41d8-b91e-8c5db3be8c13/london-maps-batch-2_objects/13/pages/page_12/files/londonmaps_3964499_13.jpg|https://api.library.tamu.edu/fcrepo/rest/3b/6f/c3/25/3b6fc325-f6ca-41d8-b91e-8c5db3be8c13/london-maps-batch-2_objects/13/pages/page_13/files/londonmaps_3964499_14.jpg|https://api.library.tamu.edu/fcrepo/rest/3b/6f/c3/25/3b6fc325-f6ca-41d8-b91e-8c5db3be8c13/london-maps-batch-2_objects/13/pages/page_14/files/londonmaps_3964499_15.jpg|https://api.library.tamu.edu/fcrepo/rest/3b/6f/c3/25/3b6fc325-f6ca-41d8-b91e-8c5db3be8c13/london-maps-batch-2_objects/13/pages/page_15/files/londonmaps_3964499_16.jpg|https://api.library.tamu.edu/fcrepo/rest/3b/6f/c3/25/3b6fc325-f6ca-41d8-b91e-8c5db3be8c13/london-maps-batch-2_objects/13/pages/page_16/files/londonmaps_3964499_17.jpg,
"5 maps 108 x 84 cm, or smaller","['application/tif', 'reformatted digital']","['Some are photocopies', 'Scales vary', 'Title devised by cataloger', 'Includes City of Westminster, Southwark, Camberwell', 'Collection of maps used for planning project?']",eng,A copyright review process in November 2021 has determined that this particular item is in the public domain. http://rightsstatements.org/vocab/NoC-US/1.0/,[Planning maps of London].,2023-11-13T21:19:40.511000+00:00,,Maps,Cartographic Image,4825371,London (England)--Maps,"Great Britain Ordnance Survey,",[Ordnance Survey?],[between 1970 and 1980?],G5754.L7 s000 .G7,https://api.library.tamu.edu/fcrepo/rest/3b/6f/c3/25/3b6fc325-f6ca-41d8-b91e-8c5db3be8c13/london-maps-batch-2_objects/51/pages/page_0/files/londonmaps_4825371_1.jpg|https://api.library.tamu.edu/fcrepo/rest/3b/6f/c3/25/3b6fc325-f6ca-41d8-b91e-8c5db3be8c13/london-maps-batch-2_objects/51/pages/page_1/files/londonmaps_4825371_2.jpg|https://api.library.tamu.edu/fcrepo/rest/3b/6f/c3/25/3b6fc325-f6ca-41d8-b91e-8c5db3be8c13/london-maps-batch-2_objects/51/pages/page_2/files/londonmaps_4825371_3.jpg|https://api.library.tamu.edu/fcrepo/rest/3b/6f/c3/25/3b6fc325-f6ca-41d8-b91e-8c5db3be8c13/london-maps-batch-2_objects/51/pages/page_3/files/londonmaps_4825371_4.jpg|https://api.library.tamu.edu/fcrepo/rest/3b/6f/c3/25/3b6fc325-f6ca-41d8-b91e-8c5db3be8c13/london-maps-batch-2_objects/51/pages/page_4/files/londonmaps_4825371_5.jpg,
1 map 16 x 47 cm,"['application/tif', 'reformatted digital']","['Scale [ca. 1:10,000]', 'Plan of the intended new road from Paddington to Islington', ""Indexed for landowners' names"", 'Cadastral map showing real property along proposed route', 'Cartographic material', '""Engrav\'d for the Gents. magazine, Jan. 1756.""']",eng,A copyright review process in November 2021 has determined that this particular item is in the public domain. http://rightsstatements.org/vocab/NoC-US/1.0/,A plan of the intended new road from Padington to Islington,2023-11-13T21:13:19.060000+00:00,,Early Maps,Cartographic Image,4033618,"['Paddington (London, England)--Maps--Early works to 1800', 'London (England)--Maps--Early works to 1800', 'Islington (London, England)--Maps--Early works to 1800']","Cole, B. (Benjamin)",[publisher not identified],[1756],G5754.L7P2 1756 .C6,https://api.library.tamu.edu/fcrepo/rest/3b/6f/c3/25/3b6fc325-f6ca-41d8-b91e-8c5db3be8c13/london-maps-batch-2_objects/40/pages/page_0/files/londonmaps_4033618.jpg,
1 map 71 x 101 cm,"['application/tif', 'reformatted digital']","['St. George Hanover Square, St. Margaret, St. Martin in the Fields, St. John the Evangelist, St. James Westminster, St. Luke Chelsea, St. Mary Abbotts Kensington P.H.S. St. Margaret Westminster PH. (Det.d.) & close of the Collegiate Church of St. Peter (Ex. Par)', 'Cartographic material', 'Scale 1:2,500. 25.344 in. = 1 mile', 'Includes index to the 5 feet plans in this sheet']",eng,A copyright review process in November 2021 has determined that this particular item is in the public domain. http://rightsstatements.org/vocab/NoC-US/1.0/,London.,2023-11-13T21:14:39.080000+00:00,,Maps,Cartographic Image,4035006,"['Westminster (London, England)--Maps', 'London (England)--Maps']",Great Britain Ordnance Survey,[Ordnance Survey],1878,G5754.W54 1869 .G7,https://api.library.tamu.edu/fcrepo/rest/3b/6f/c3/25/3b6fc325-f6ca-41d8-b91e-8c5db3be8c13/london-maps-batch-2_objects/44/pages/page_0/files/londonmaps_4035006.jpg,
7 unnumbered plates : llustrations ; 36 cm,"['application/tif', 'reformatted digital']","['""From the drawing in the possession of the Corporation of London.""--On each leaf.', 'Handwritten title on portfolio cover.', 'Plate 15. Southwark iron bridge from Bankside -- plate 16. Part of new and old London bridges -- plate 17. First arch of Southwark shore-lock of old bridge looking east -- plate 18. Northern part of the new and old London bridges -- plate 19. View between the new and old bridges looking north -- plate 20. Crypt of St. Thomas on the old London bridge -- plate 21. Old London bridge and fresh wharf.']",eng,A copyright review process in November 2021 has determined that this particular item is in the public domain. http://rightsstatements.org/vocab/NoC-US/1.0/,Seven drawings of London Bridge,2023-11-13T21:20:31.758000+00:00,City of London (England),"['Drawing and Plans', 'Maps']",Text,3972473,"London Bridge (London, England)--","Cooke, Edward William, 1811-1880",London Topographical Society,1913,NC242.C54 A4 1913,https://api.library.tamu.edu/fcrepo/rest/3b/6f/c3/25/3b6fc325-f6ca-41d8-b91e-8c5db3be8c13/london-maps-batch-2_objects/54/pages/page_0/files/3972473_1.jpg|https://api.library.tamu.edu/fcrepo/rest/3b/6f/c3/25/3b6fc325-f6ca-41d8-b91e-8c5db3be8c13/london-maps-batch-2_objects/54/pages/page_1/files/3972473_2.jpg|https://api.library.tamu.edu/fcrepo/rest/3b/6f/c3/25/3b6fc325-f6ca-41d8-b91e-8c5db3be8c13/london-maps-batch-2_objects/54/pages/page_2/files/3972473_3.jpg|https://api.library.tamu.edu/fcrepo/rest/3b/6f/c3/25/3b6fc325-f6ca-41d8-b91e-8c5db3be8c13/london-maps-batch-2_objects/54/pages/page_3/files/3972473_4.jpg|https://api.library.tamu.edu/fcrepo/rest/3b/6f/c3/25/3b6fc325-f6ca-41d8-b91e-8c5db3be8c13/london-maps-batch-2_objects/54/pages/page_4/files/3972473_5.jpg|https://api.library.tamu.edu/fcrepo/rest/3b/6f/c3/25/3b6fc325-f6ca-41d8-b91e-8c5db3be8c13/london-maps-batch-2_objects/54/pages/page_5/files/3972473_6.jpg|https://api.library.tamu.edu/fcrepo/rest/3b/6f/c3/25/3b6fc325-f6ca-41d8-b91e-8c5db3be8c13/london-maps-batch-2_objects/54/pages/page_6/files/3972473_7.jpg,
1 map 46 x 35 cm,"['application/tif', 'reformatted digital']","['Cartographic material', 'Scale [ca. 1:2,360]', 'Once a fortified palace, the area of the Savoy is here taken up by a prison and prison yard, barracks, a hospital and a French church. The palace structure was badly damage during the Peasant Revolt of 1381, and in 1505 Henry VII ordered the palace to be rebuilt as a hospital, with St John the Baptist as its patron saint. The hospital was first used for soldiers in 1627 after the expedition to La Rochelle to help the Huguenots. By 1695 Sir Christopher Wren had built a military prison on the site. In 1661, after the Savoy conference about religious problems, French Protestants were given the use of the little chapel, rebuilt by Wren in 1685. The site was cleared from 1816 to 20 to make the approach to Waterloo Bridge', '""Published according to Act of Parliament June 20 1754.""', 'Plate XIV from the second volume of: Vetusta monumenta']",eng,A copyright review process in November 2021 has determined that this particular item is in the public domain. http://rightsstatements.org/vocab/NoC-US/1.0/,"A plan of the ground and buildings in the Strand, called the Savoy, taken in the year 1736",2023-11-13T21:12:36.724000+00:00,Society of Antiquaries of London,Early Maps,Cartographic Image,4033612,"Strand, The (London, England)--Maps--Early works to 1800","Vertue, George, 1684-1756",Sumptibus Societ Ant Lond,1754,G5754.L7:2S85 1736 .V47,https://api.library.tamu.edu/fcrepo/rest/3b/6f/c3/25/3b6fc325-f6ca-41d8-b91e-8c5db3be8c13/london-maps-batch-2_objects/37/pages/page_0/files/londonmaps_4033612.jpg,
1 map color on sheet 31 x 48 cm,"['reformatted digital', 'application/tif']","[""King's Scholar's Pond Sewer, formerly the River Tyburn, also formerly known as the Aye Brook"", 'Scale not given', 'Cartographic material']",eng,A copyright review process in November 2021 has determined that this particular item is in the public domain. http://rightsstatements.org/vocab/NoC-US/1.0/,Plan of the Air Brook near Stratford Place: copy from Mr. Luter's plan which he says was taken by him before the Aire Brook was covered over (see Lord Aldborough's note in the minutes of the Com[m]ittee of Works of the 7th July 1779) June 3d 1779 S.D.,2023-11-13T21:10:31.857000+00:00,"Aldborough, Edward Stratford, 1736-1801",Maps,Cartographic Image,4026204,"['Westminster (London, England)--Maps', 'Tyburne, River (England)--Maps']",Great Britain Commissioners of Sewers for Westminster and Part of Middlesex,Sewers Westminster &c.,[between 1810 and 1829?],G5754.W54N46 1779 .G76,https://api.library.tamu.edu/fcrepo/rest/3b/6f/c3/25/3b6fc325-f6ca-41d8-b91e-8c5db3be8c13/london-maps-batch-2_objects/30/pages/page_0/files/londonmaps_4026204.jpg,
map 53 x 61 cm,"['application/tif', 'reformatted digital']","['Relief shown pictorially', 'Facsimile', 'Includes panoramas of London and Greenwich', 'Cartographic material', '""Emery Walker, ph. sc.""', 'Scale ca. [1:30,000]', 'Cushing Library copy is part of the Stephen Powys Marks London Collection']",eng,A copyright review process in November 2021 has determined that this particular item is in the public domain. http://rightsstatements.org/vocab/NoC-US/1.0/,"A prospect and map of London, showing the River Thames to Woolwich reach",2023-11-13T21:18:37.380000+00:00,London Topographical Society,Maps,Cartographic image,2579907,"['London (England)--Maps--Early works to 1800--Facsimiles', 'London (England)--Aerial views--Early works to 1800--Facsimiles', 'Greenwich (London, England)--Aerial views--Early works to 1800--Facsimiles']","Moore, Jonas, 1617-1679",London Topographical Society,1912,G5754.L7 1662 .M6 1912,https://api.library.tamu.edu/fcrepo/rest/3b/6f/c3/25/3b6fc325-f6ca-41d8-b91e-8c5db3be8c13/london-maps-batch-2_objects/7/pages/page_0/files/londonmaps_2579907.jpg,
1 view 40 x 51 cm,"['application/tif', 'reformatted digital']","['Emery Walker ph.sc', 'Includes dedication to the right honorable Sr. Ric. Saltonstall, text, coat-of-arms and ill', 'Cartographic material', 'Panorama', '""Specta. et habes quantum ego cum privilegio.""', '""Photoengraved by the courtesy of Sir Sidney Lee from an impression, unique in this state, engraved in the year 1597.""', 'Scale not given', 'Cushing Library copy is part of the Stephen Powys Marks London Collection']",eng,A copyright review process in November 2021 has determined that this particular item is in the public domain. http://rightsstatements.org/vocab/NoC-US/1.0/,The view of London Bridge from east to west,2023-11-13T21:15:57.580000+00:00,"Walker, Emery, 1851-1933",Pictorial works,Still Image,2579833,"London Bridge (London, England)--Pictorial works--Early works to 1800--Facsimiles","Norden, John, 1548-1625?",London Topographical Society,1919,G5754.L7:2L6A35 1597 .N6 1919,https://api.library.tamu.edu/fcrepo/rest/3b/6f/c3/25/3b6fc325-f6ca-41d8-b91e-8c5db3be8c13/london-maps-batch-2_objects/5/pages/page_0/files/londonmaps_2579833.jpg,
146 maps color 47 x 69 cm,"['application/tif', 'reformatted digital']","['Overprinted with military grid', 'Sheets are of either: Popular edition style or 5th edition style', 'Relief shown by contours and spot heights. Depth shown by contours', 'Scale 1:63 360. 1 in. = 1 statute mile', 'W.O. [War Office] Cassini Grid', 'Cartographic material', 'Ordnance Survey of England & Wales']",eng,A copyright review process in November 2021 has determined that this particular item is in the public domain. http://rightsstatements.org/vocab/NoC-US/1.0/,Ordnance Survey of England and Wales.,2023-11-13T21:08:42.795000+00:00,Great Britain War Office General Staff Geographical Section,Maps,Cartographic Image,4015508,"['Wales ---maps', 'England ---maps', 'Wales--Maps', 'England--Maps']",Great Britain Ordnance Survey,War Office,1940-1944.,G5750 s63 .G7,https://api.library.tamu.edu/fcrepo/rest/3b/6f/c3/25/3b6fc325-f6ca-41d8-b91e-8c5db3be8c13/london-maps-batch-2_objects/24/pages/page_0/files/londonmaps_4015508_1.jpg|https://api.library.tamu.edu/fcrepo/rest/3b/6f/c3/25/3b6fc325-f6ca-41d8-b91e-8c5db3be8c13/london-maps-batch-2_objects/24/pages/page_1/files/londonmaps_4015508_2.jpg|https://api.library.tamu.edu/fcrepo/rest/3b/6f/c3/25/3b6fc325-f6ca-41d8-b91e-8c5db3be8c13/london-maps-batch-2_objects/24/pages/page_2/files/londonmaps_4015508_3.jpg|https://api.library.tamu.edu/fcrepo/rest/3b/6f/c3/25/3b6fc325-f6ca-41d8-b91e-8c5db3be8c13/london-maps-batch-2_objects/24/pages/page_3/files/londonmaps_4015508_4.jpg,
1 map overlay 49 x 34 cm,"['application/tif', 'reformatted digital']","['Cartographic material', ""The River Fleet is the largest of London's subterranean rivers. Its two headwaters are two streams on Hampstead Heath; each is now dammed into a series of ponds made in the 18th century, the Hampstead Ponds and the Highgate Ponds. At the south edge of Hampstead Heath these two streams flow underground as sewers which join in Camden Town. From the ponds the water flows underground for 4 miles (6.4 km) to join the River Thames"", 'Scale not given']",eng,A copyright review process in November 2021 has determined that this particular item is in the public domain. http://rightsstatements.org/vocab/NoC-US/1.0/,The Fleet.,2023-11-13T21:12:05.879000+00:00,,Maps,Cartographic Image,4026617,"Fleet, River (England)--Maps",London County Council,L.C.C.,[between 1850 and 1869?],G5754.L7N46 1850 .L7,https://api.library.tamu.edu/fcrepo/rest/3b/6f/c3/25/3b6fc325-f6ca-41d8-b91e-8c5db3be8c13/london-maps-batch-2_objects/34/pages/page_0/files/londonmaps_4026617.jpg,
"1 map on 7 sheets color 54 x 137 cm., or smaller","['application/tif', 'reformatted digital']","['Bound', 'Cartographic material', 'Scale [ca. 1:824]', 'Tybourne, 1817', 'Hand-colored', ""The Tyburn is a stream in London, which runs underground from South Hampstead through St. James's Park to meet the River Thames at Pimlico near Vauxhall Bridge. Before it was covered over, the Tyburn arose from the confluence of two tributary streams from the hills of Hampstead. At what is now St. James's Park, it split into three branches, two of which formed Thorney Island on which Westminster Abbey was built. The Tyburn is now completely enclosed and flows through underground conduits for its entire length, including one underneath Buckingham Palace. Marylebone Lane (W1) follows the course of the Tyburn on what was its left bank through Marylebone village. From its source at the Shepherd's Well near Fitzjohns Avenue in Hampstead it flowed south through Swiss Cottage down to Regent's Park. In the park the Tyburn is carried in an aqueduct over the Regent's Canal""]",eng,A copyright review process in November 2021 has determined that this particular item is in the public domain. http://rightsstatements.org/vocab/NoC-US/1.0/,Plan shewing the course of the Tybourne: from the L.C.C. drawings.,2023-11-13T21:11:30.696000+00:00,London County Council,Maps,Cartographic Image,4026198,"['Westminster (London, England)--Maps', 'Tyburne, River (England)--Maps']",Great Britain Commissioners of Sewers for Westminster and Part of Middlesex,"""Sewers Westminster Etc.""",1817,G5754.W54N46 1817 .G7,https://api.library.tamu.edu/fcrepo/rest/3b/6f/c3/25/3b6fc325-f6ca-41d8-b91e-8c5db3be8c13/london-maps-batch-2_objects/27/pages/page_0/files/londonmaps_4026198_1.jpg|https://api.library.tamu.edu/fcrepo/rest/3b/6f/c3/25/3b6fc325-f6ca-41d8-b91e-8c5db3be8c13/london-maps-batch-2_objects/27/pages/page_1/files/londonmaps_4026198_2.jpg|https://api.library.tamu.edu/fcrepo/rest/3b/6f/c3/25/3b6fc325-f6ca-41d8-b91e-8c5db3be8c13/london-maps-batch-2_objects/27/pages/page_2/files/londonmaps_4026198_3.jpg|https://api.library.tamu.edu/fcrepo/rest/3b/6f/c3/25/3b6fc325-f6ca-41d8-b91e-8c5db3be8c13/london-maps-batch-2_objects/27/pages/page_3/files/londonmaps_4026198_4.jpg|https://api.library.tamu.edu/fcrepo/rest/3b/6f/c3/25/3b6fc325-f6ca-41d8-b91e-8c5db3be8c13/london-maps-batch-2_objects/27/pages/page_4/files/londonmaps_4026198_5.jpg|https://api.library.tamu.edu/fcrepo/rest/3b/6f/c3/25/3b6fc325-f6ca-41d8-b91e-8c5db3be8c13/london-maps-batch-2_objects/27/pages/page_5/files/londonmaps_4026198_6.jpg|https://api.library.tamu.edu/fcrepo/rest/3b/6f/c3/25/3b6fc325-f6ca-41d8-b91e-8c5db3be8c13/london-maps-batch-2_objects/27/pages/page_6/files/londonmaps_4026198_7.jpg,
1 map 29 x 77 cm. on 2 sheets 57 x 75 cm. in cover 79 x 58 cm,"['application/tif', 'reformatted digital']","['Has watermark', '""Walker & Boutall, ph. sc.""', '[London]: Printed & sould by Robt. Walton, 1660', 'Scale [ca. 1:15,000]', 'Newest and exactest mapp of the most famous citties, London and Westminster, with their suburbs; and the manner of their streets, with the names of the chiefest of them ..', 'Cartographic material', 'Includes text, index, and 2 coats of arms', 'Text on cover', ""Bird's-eye-view"", '""Reproduced from the practically unique example in the library of the Society of Antiquaries.""']",eng,A copyright review process in November 2021 has determined that this particular item is in the public domain. http://rightsstatements.org/vocab/NoC-US/1.0/,"Map of London and Westminster, ab. A.D. 1660",2023-11-13T21:06:20.499000+00:00,"['Walton, Robert,', 'London Topographical Society']",Aerial views,Cartographic Image,4002150,"['Westminster (London, England)--Aerial views--Early works to 1800--Facsimiles', 'London (England)--Aerial views--Early works to 1800--Facsimiles']","Porter, Thomas, active 1654-1668",London Topographical Society,1898,G5754.L7A3 1660 .P6 1898,https://api.library.tamu.edu/fcrepo/rest/3b/6f/c3/25/3b6fc325-f6ca-41d8-b91e-8c5db3be8c13/london-maps-batch-2_objects/21/pages/page_0/files/londonmaps_4002150_1.jpg|https://api.library.tamu.edu/fcrepo/rest/3b/6f/c3/25/3b6fc325-f6ca-41d8-b91e-8c5db3be8c13/london-maps-batch-2_objects/21/pages/page_1/files/londonmaps_4002150_2.jpg|https://api.library.tamu.edu/fcrepo/rest/3b/6f/c3/25/3b6fc325-f6ca-41d8-b91e-8c5db3be8c13/london-maps-batch-2_objects/21/pages/page_2/files/londonmaps_4002150_3.jpg,
1 map color on sheet 43 x 52 cm,"['application/tif', 'reformatted digital']","['Cartographic material', ""King's Scholar's Pond Sewer, formerly the River Tyburn, also formerly known as the Aye Brook"", 'Scale [ca. 1:179]']",eng,A copyright review process in November 2021 has determined that this particular item is in the public domain. http://rightsstatements.org/vocab/NoC-US/1.0/,"Plan of the intended sewer at Stratford Place petitioned for by Earl Poulett: see minutes of the Committee of Works, 2nd June 1779",2023-11-13T21:10:38.407000+00:00,"Poulett, John Poulett, 1756-1819",Maps,Cartographic Image,4026210,"['Westminster (London, England)--Maps', 'Tyburne, River (England)--Maps']",Great Britain Commissioners of Sewers for Westminster and Part of Middlesex,Sewers Westminster &c.,[between 1810 and 1929?],G5754.W54N46 1779 .G77,https://api.library.tamu.edu/fcrepo/rest/3b/6f/c3/25/3b6fc325-f6ca-41d8-b91e-8c5db3be8c13/london-maps-batch-2_objects/31/pages/page_0/files/londonmaps_4026210.jpg,
maps some color sheets 73 x 106 cm,"['reformatted digital', 'application/tif']","['Scale [ca. 1:2,500]. 25.344 inches to a statute mile or 208.33 feet to one inch', 'Reprinted in various years', 'Cartographic material']",eng,A copyright review process in November 2021 has determined that this particular item is in the public domain. http://rightsstatements.org/vocab/NoC-US/1.0/,London. Middlesex: edition of 1894-96.,2023-11-13T21:41:28.437000+00:00,,Maps,Cartographic Image,4036817,"['Middlesex (England)--Maps', 'London (England)--Maps']",Great Britain Ordnance Survey,Photozincographed and published by the Director General at the Ordnance Survey Office,1896-1897.,G5754.L7 s2 1894 .G7,https://api.library.tamu.edu/fcrepo/rest/3b/6f/c3/25/3b6fc325-f6ca-41d8-b91e-8c5db3be8c13/london-maps-batch-2_objects/48/pages/page_0/files/londonmaps_4036817_1.jpg|https://api.library.tamu.edu/fcrepo/rest/3b/6f/c3/25/3b6fc325-f6ca-41d8-b91e-8c5db3be8c13/london-maps-batch-2_objects/48/pages/page_1/files/londonmaps_4036817_2.jpg|https://api.library.tamu.edu/fcrepo/rest/3b/6f/c3/25/3b6fc325-f6ca-41d8-b91e-8c5db3be8c13/london-maps-batch-2_objects/48/pages/page_2/files/londonmaps_4036817_3.jpg|https://api.library.tamu.edu/fcrepo/rest/3b/6f/c3/25/3b6fc325-f6ca-41d8-b91e-8c5db3be8c13/london-maps-batch-2_objects/48/pages/page_3/files/londonmaps_4036817_4.jpg|https://api.library.tamu.edu/fcrepo/rest/3b/6f/c3/25/3b6fc325-f6ca-41d8-b91e-8c5db3be8c13/london-maps-batch-2_objects/48/pages/page_4/files/londonmaps_4036817_5.jpg|https://api.library.tamu.edu/fcrepo/rest/3b/6f/c3/25/3b6fc325-f6ca-41d8-b91e-8c5db3be8c13/london-maps-batch-2_objects/48/pages/page_5/files/londonmaps_4036817_6.jpg|https://api.library.tamu.edu/fcrepo/rest/3b/6f/c3/25/3b6fc325-f6ca-41d8-b91e-8c5db3be8c13/london-maps-batch-2_objects/48/pages/page_6/files/londonmaps_4036817_7.jpg|https://api.library.tamu.edu/fcrepo/rest/3b/6f/c3/25/3b6fc325-f6ca-41d8-b91e-8c5db3be8c13/london-maps-batch-2_objects/48/pages/page_7/files/londonmaps_4036817_8.jpg,
1 map 70 x 101 cm,"['application/tif', 'reformatted digital']","['Cartographic material', 'Scale [ca. 1:1,056]. 5ft. = 1 mile or 88 ft. = 1 in', 'Liberty of the Clink', 'City and county of the City of London', 'Includes position of sheet on the plans of the 1:2,500 scale survey']",eng,A copyright review process in November 2021 has determined that this particular item is in the public domain. http://rightsstatements.org/vocab/NoC-US/1.0/,London (cos. Middlesex and Surrey).,2023-11-13T21:14:39.791000+00:00,"James, H., 1803-1877",Maps,Cartographic Image,4035012,"Southwark (London, England)--Maps",Great Britain Ordnance Survey,[Ordnance Survey],1875,G5754.S6 1873 .G7,https://api.library.tamu.edu/fcrepo/rest/3b/6f/c3/25/3b6fc325-f6ca-41d8-b91e-8c5db3be8c13/london-maps-batch-2_objects/45/pages/page_0/files/londonmaps_4035012.jpg,
"1 portfolio (60 prints) : lithographs, black and white, and color ; 31 cm","['application/tif', 'reformatted digital']","['Collection of lithographs by Way, mostly detached from: Reliques of Old London upon the banks of the Thames and in the suburbs South of the river (published: London : ‡b Bell & Sons, 1899); Later reliques of old London (published: London : Bell & Sons, 1897); The ancient halls of the city guilds (published: London : Bell & Sons, 1903); The Thames from Chelsea to the Nore (published: London : John Lane, the Bodley Head, 1907).', ""plate 1. Church Row, Hampstead -- plate 3. Jack Straws Castle, Hampstead -- plate 6. Lauderdale House, Highgate -- plate 9. 171-9 Mile End Road -- plate 14. 85 High St., Putney -- plate 16. North side of Clapham Common -- plate 17. Fairfield House, Tooting -- plate 18. Cliffords Inn Hall, Fleet St. -- plate 19. St. John's Gat, Cl. -- plate 21. Morden College, Blackheath -- plate 24. High Bridge, Greenwich"", 'Titles of each print handwritten in pencil, possibly by Marks.', ""The Guildhall -- Guildhall -- Garden, Draper's Hall -- Skinners, Court Room -- Skinners, the Cedar Room -- Merchant Taylors, the hall -- Merchant Taylors, staircase -- Vintners, the hall -- Vintners, the court room -- Brewers, the hall -- Brewers, court room -- Bakers, the hall -- Bakers, court room -- Bakers, court room -- Watermens' of Fellowhip Porters Hall -- Parish clerks hall -- Mercers, hall -- Mercers, court room -- Stationers, the hall -- Apothecaries, the hall -- Apothecaries, court room --"", ""Aldgate, butchers shops -- White Chapel, High St -- Greenwich Hospital -- Greenwich Hospital -- The Tower Bridge -- London Bridge & Southwark Cathedral -- Rosherville Gardens -- Somerset House -- Limehouse -- East & West Indies Docks -- Royal Albert Docks -- Woolwich -- Gravesend -- Tilbury Fort -- Beacon Hill, Purfleet -- Southend -- The Crown of London -- St. Paul's under snow -- Charing Cross -- The Lower Pool -- Tilbury Docks -- Near Leigh -- After sunset -- The Guildhall at night -- The Nore light -- From under Cannon St. Bridge -- Afterglow, Tilbury -- Strand hotels.""]",eng,A copyright review process in November 2021 has determined that this particular item is in the public domain. http://rightsstatements.org/vocab/NoC-US/1.0/,"Collection of London lithographic prints, 1899-1907",2023-11-13T21:26:05.423000+00:00,,"['Prints', 'Lithographs']",,5579064,"['Thames River (England)', 'London (England)']","Way, Thomas R. (Thomas Robert), 1861-1913",[publisher not identified],1907,NE2347.6.W39 A4 1899,https://api.library.tamu.edu/fcrepo/rest/3b/6f/c3/25/3b6fc325-f6ca-41d8-b91e-8c5db3be8c13/london-maps-batch-2_objects/55/pages/page_0/files/londonmaps_5579064_01.jpg|https://api.library.tamu.edu/fcrepo/rest/3b/6f/c3/25/3b6fc325-f6ca-41d8-b91e-8c5db3be8c13/london-maps-batch-2_objects/55/pages/page_1/files/londonmaps_5579064_02.jpg|https://api.library.tamu.edu/fcrepo/rest/3b/6f/c3/25/3b6fc325-f6ca-41d8-b91e-8c5db3be8c13/london-maps-batch-2_objects/55/pages/page_2/files/londonmaps_5579064_03.jpg|https://api.library.tamu.edu/fcrepo/rest/3b/6f/c3/25/3b6fc325-f6ca-41d8-b91e-8c5db3be8c13/london-maps-batch-2_objects/55/pages/page_3/files/londonmaps_5579064_04.jpg|https://api.library.tamu.edu/fcrepo/rest/3b/6f/c3/25/3b6fc325-f6ca-41d8-b91e-8c5db3be8c13/london-maps-batch-2_objects/55/pages/page_4/files/londonmaps_5579064_05.jpg|https://api.library.tamu.edu/fcrepo/rest/3b/6f/c3/25/3b6fc325-f6ca-41d8-b91e-8c5db3be8c13/london-maps-batch-2_objects/55/pages/page_5/files/londonmaps_5579064_06.jpg|https://api.library.tamu.edu/fcrepo/rest/3b/6f/c3/25/3b6fc325-f6ca-41d8-b91e-8c5db3be8c13/london-maps-batch-2_objects/55/pages/page_6/files/londonmaps_5579064_07.jpg|https://api.library.tamu.edu/fcrepo/rest/3b/6f/c3/25/3b6fc325-f6ca-41d8-b91e-8c5db3be8c13/london-maps-batch-2_objects/55/pages/page_7/files/londonmaps_5579064_08.jpg|https://api.library.tamu.edu/fcrepo/rest/3b/6f/c3/25/3b6fc325-f6ca-41d8-b91e-8c5db3be8c13/london-maps-batch-2_objects/55/pages/page_8/files/londonmaps_5579064_09.jpg|https://api.library.tamu.edu/fcrepo/rest/3b/6f/c3/25/3b6fc325-f6ca-41d8-b91e-8c5db3be8c13/london-maps-batch-2_objects/55/pages/page_9/files/londonmaps_5579064_10.jpg|https://api.library.tamu.edu/fcrepo/rest/3b/6f/c3/25/3b6fc325-f6ca-41d8-b91e-8c5db3be8c13/london-maps-batch-2_objects/55/pages/page_10/files/londonmaps_5579064_11.jpg|https://api.library.tamu.edu/fcrepo/rest/3b/6f/c3/25/3b6fc325-f6ca-41d8-b91e-8c5db3be8c13/london-maps-batch-2_objects/55/pages/page_11/files/londonmaps_5579064_12.jpg|https://api.library.tamu.edu/fcrepo/rest/3b/6f/c3/25/3b6fc325-f6ca-41d8-b91e-8c5db3be8c13/london-maps-batch-2_objects/55/pages/page_12/files/londonmaps_5579064_13.jpg|https://api.library.tamu.edu/fcrepo/rest/3b/6f/c3/25/3b6fc325-f6ca-41d8-b91e-8c5db3be8c13/london-maps-batch-2_objects/55/pages/page_13/files/londonmaps_5579064_14.jpg|https://api.library.tamu.edu/fcrepo/rest/3b/6f/c3/25/3b6fc325-f6ca-41d8-b91e-8c5db3be8c13/london-maps-batch-2_objects/55/pages/page_14/files/londonmaps_5579064_15.jpg|https://api.library.tamu.edu/fcrepo/rest/3b/6f/c3/25/3b6fc325-f6ca-41d8-b91e-8c5db3be8c13/london-maps-batch-2_objects/55/pages/page_15/files/londonmaps_5579064_16.jpg|https://api.library.tamu.edu/fcrepo/rest/3b/6f/c3/25/3b6fc325-f6ca-41d8-b91e-8c5db3be8c13/london-maps-batch-2_objects/55/pages/page_16/files/londonmaps_5579064_17.jpg|https://api.library.tamu.edu/fcrepo/rest/3b/6f/c3/25/3b6fc325-f6ca-41d8-b91e-8c5db3be8c13/london-maps-batch-2_objects/55/pages/page_17/files/londonmaps_5579064_18.jpg|https://api.library.tamu.edu/fcrepo/rest/3b/6f/c3/25/3b6fc325-f6ca-41d8-b91e-8c5db3be8c13/london-maps-batch-2_objects/55/pages/page_18/files/londonmaps_5579064_19.jpg|https://api.library.tamu.edu/fcrepo/rest/3b/6f/c3/25/3b6fc325-f6ca-41d8-b91e-8c5db3be8c13/london-maps-batch-2_objects/55/pages/page_19/files/londonmaps_5579064_20.jpg|https://api.library.tamu.edu/fcrepo/rest/3b/6f/c3/25/3b6fc325-f6ca-41d8-b91e-8c5db3be8c13/london-maps-batch-2_objects/55/pages/page_20/files/londonmaps_5579064_21.jpg|https://api.library.tamu.edu/fcrepo/rest/3b/6f/c3/25/3b6fc325-f6ca-41d8-b91e-8c5db3be8c13/london-maps-batch-2_objects/55/pages/page_21/files/londonmaps_5579064_22.jpg|https://api.library.tamu.edu/fcrepo/rest/3b/6f/c3/25/3b6fc325-f6ca-41d8-b91e-8c5db3be8c13/london-maps-batch-2_objects/55/pages/page_22/files/londonmaps_5579064_23.jpg|https://api.library.tamu.edu/fcrepo/rest/3b/6f/c3/25/3b6fc325-f6ca-41d8-b91e-8c5db3be8c13/london-maps-batch-2_objects/55/pages/page_23/files/londonmaps_5579064_24.jpg|https://api.library.tamu.edu/fcrepo/rest/3b/6f/c3/25/3b6fc325-f6ca-41d8-b91e-8c5db3be8c13/london-maps-batch-2_objects/55/pages/page_24/files/londonmaps_5579064_25.jpg|https://api.library.tamu.edu/fcrepo/rest/3b/6f/c3/25/3b6fc325-f6ca-41d8-b91e-8c5db3be8c13/london-maps-batch-2_objects/55/pages/page_25/files/londonmaps_5579064_26.jpg|https://api.library.tamu.edu/fcrepo/rest/3b/6f/c3/25/3b6fc325-f6ca-41d8-b91e-8c5db3be8c13/london-maps-batch-2_objects/55/pages/page_26/files/londonmaps_5579064_27.jpg|https://api.library.tamu.edu/fcrepo/rest/3b/6f/c3/25/3b6fc325-f6ca-41d8-b91e-8c5db3be8c13/london-maps-batch-2_objects/55/pages/page_27/files/londonmaps_5579064_28.jpg|https://api.library.tamu.edu/fcrepo/rest/3b/6f/c3/25/3b6fc325-f6ca-41d8-b91e-8c5db3be8c13/london-maps-batch-2_objects/55/pages/page_28/files/londonmaps_5579064_29.jpg|https://api.library.tamu.edu/fcrepo/rest/3b/6f/c3/25/3b6fc325-f6ca-41d8-b91e-8c5db3be8c13/london-maps-batch-2_objects/55/pages/page_29/files/londonmaps_5579064_30.jpg|https://api.library.tamu.edu/fcrepo/rest/3b/6f/c3/25/3b6fc325-f6ca-41d8-b91e-8c5db3be8c13/london-maps-batch-2_objects/55/pages/page_30/files/londonmaps_5579064_31.jpg|https://api.library.tamu.edu/fcrepo/rest/3b/6f/c3/25/3b6fc325-f6ca-41d8-b91e-8c5db3be8c13/london-maps-batch-2_objects/55/pages/page_31/files/londonmaps_5579064_32.jpg|https://api.library.tamu.edu/fcrepo/rest/3b/6f/c3/25/3b6fc325-f6ca-41d8-b91e-8c5db3be8c13/london-maps-batch-2_objects/55/pages/page_32/files/londonmaps_5579064_33.jpg|https://api.library.tamu.edu/fcrepo/rest/3b/6f/c3/25/3b6fc325-f6ca-41d8-b91e-8c5db3be8c13/london-maps-batch-2_objects/55/pages/page_33/files/londonmaps_5579064_34.jpg|https://api.library.tamu.edu/fcrepo/rest/3b/6f/c3/25/3b6fc325-f6ca-41d8-b91e-8c5db3be8c13/london-maps-batch-2_objects/55/pages/page_34/files/londonmaps_5579064_35.jpg|https://api.library.tamu.edu/fcrepo/rest/3b/6f/c3/25/3b6fc325-f6ca-41d8-b91e-8c5db3be8c13/london-maps-batch-2_objects/55/pages/page_35/files/londonmaps_5579064_36.jpg|https://api.library.tamu.edu/fcrepo/rest/3b/6f/c3/25/3b6fc325-f6ca-41d8-b91e-8c5db3be8c13/london-maps-batch-2_objects/55/pages/page_36/files/londonmaps_5579064_37.jpg|https://api.library.tamu.edu/fcrepo/rest/3b/6f/c3/25/3b6fc325-f6ca-41d8-b91e-8c5db3be8c13/london-maps-batch-2_objects/55/pages/page_37/files/londonmaps_5579064_38.jpg|https://api.library.tamu.edu/fcrepo/rest/3b/6f/c3/25/3b6fc325-f6ca-41d8-b91e-8c5db3be8c13/london-maps-batch-2_objects/55/pages/page_38/files/londonmaps_5579064_39.jpg|https://api.library.tamu.edu/fcrepo/rest/3b/6f/c3/25/3b6fc325-f6ca-41d8-b91e-8c5db3be8c13/london-maps-batch-2_objects/55/pages/page_39/files/londonmaps_5579064_40.jpg|https://api.library.tamu.edu/fcrepo/rest/3b/6f/c3/25/3b6fc325-f6ca-41d8-b91e-8c5db3be8c13/london-maps-batch-2_objects/55/pages/page_40/files/londonmaps_5579064_41.jpg|https://api.library.tamu.edu/fcrepo/rest/3b/6f/c3/25/3b6fc325-f6ca-41d8-b91e-8c5db3be8c13/london-maps-batch-2_objects/55/pages/page_41/files/londonmaps_5579064_42.jpg|https://api.library.tamu.edu/fcrepo/rest/3b/6f/c3/25/3b6fc325-f6ca-41d8-b91e-8c5db3be8c13/london-maps-batch-2_objects/55/pages/page_42/files/londonmaps_5579064_43.jpg|https://api.library.tamu.edu/fcrepo/rest/3b/6f/c3/25/3b6fc325-f6ca-41d8-b91e-8c5db3be8c13/london-maps-batch-2_objects/55/pages/page_43/files/londonmaps_5579064_44.jpg|https://api.library.tamu.edu/fcrepo/rest/3b/6f/c3/25/3b6fc325-f6ca-41d8-b91e-8c5db3be8c13/london-maps-batch-2_objects/55/pages/page_44/files/londonmaps_5579064_45.jpg|https://api.library.tamu.edu/fcrepo/rest/3b/6f/c3/25/3b6fc325-f6ca-41d8-b91e-8c5db3be8c13/london-maps-batch-2_objects/55/pages/page_45/files/londonmaps_5579064_46.jpg|https://api.library.tamu.edu/fcrepo/rest/3b/6f/c3/25/3b6fc325-f6ca-41d8-b91e-8c5db3be8c13/london-maps-batch-2_objects/55/pages/page_46/files/londonmaps_5579064_47.jpg|https://api.library.tamu.edu/fcrepo/rest/3b/6f/c3/25/3b6fc325-f6ca-41d8-b91e-8c5db3be8c13/london-maps-batch-2_objects/55/pages/page_47/files/londonmaps_5579064_48.jpg|https://api.library.tamu.edu/fcrepo/rest/3b/6f/c3/25/3b6fc325-f6ca-41d8-b91e-8c5db3be8c13/london-maps-batch-2_objects/55/pages/page_48/files/londonmaps_5579064_49.jpg|https://api.library.tamu.edu/fcrepo/rest/3b/6f/c3/25/3b6fc325-f6ca-41d8-b91e-8c5db3be8c13/london-maps-batch-2_objects/55/pages/page_49/files/londonmaps_5579064_50.jpg|https://api.library.tamu.edu/fcrepo/rest/3b/6f/c3/25/3b6fc325-f6ca-41d8-b91e-8c5db3be8c13/london-maps-batch-2_objects/55/pages/page_50/files/londonmaps_5579064_51.jpg|https://api.library.tamu.edu/fcrepo/rest/3b/6f/c3/25/3b6fc325-f6ca-41d8-b91e-8c5db3be8c13/london-maps-batch-2_objects/55/pages/page_51/files/londonmaps_5579064_52.jpg|https://api.library.tamu.edu/fcrepo/rest/3b/6f/c3/25/3b6fc325-f6ca-41d8-b91e-8c5db3be8c13/london-maps-batch-2_objects/55/pages/page_52/files/londonmaps_5579064_53.jpg|https://api.library.tamu.edu/fcrepo/rest/3b/6f/c3/25/3b6fc325-f6ca-41d8-b91e-8c5db3be8c13/london-maps-batch-2_objects/55/pages/page_53/files/londonmaps_5579064_54.jpg|https://api.library.tamu.edu/fcrepo/rest/3b/6f/c3/25/3b6fc325-f6ca-41d8-b91e-8c5db3be8c13/london-maps-batch-2_objects/55/pages/page_54/files/londonmaps_5579064_55.jpg|https://api.library.tamu.edu/fcrepo/rest/3b/6f/c3/25/3b6fc325-f6ca-41d8-b91e-8c5db3be8c13/london-maps-batch-2_objects/55/pages/page_55/files/londonmaps_5579064_56.jpg|https://api.library.tamu.edu/fcrepo/rest/3b/6f/c3/25/3b6fc325-f6ca-41d8-b91e-8c5db3be8c13/london-maps-batch-2_objects/55/pages/page_56/files/londonmaps_5579064_57.jpg|https://api.library.tamu.edu/fcrepo/rest/3b/6f/c3/25/3b6fc325-f6ca-41d8-b91e-8c5db3be8c13/london-maps-batch-2_objects/55/pages/page_57/files/londonmaps_5579064_58.jpg|https://api.library.tamu.edu/fcrepo/rest/3b/6f/c3/25/3b6fc325-f6ca-41d8-b91e-8c5db3be8c13/london-maps-batch-2_objects/55/pages/page_58/files/londonmaps_5579064_59.jpg|https://api.library.tamu.edu/fcrepo/rest/3b/6f/c3/25/3b6fc325-f6ca-41d8-b91e-8c5db3be8c13/london-maps-batch-2_objects/55/pages/page_59/files/londonmaps_5579064_60.jpg,
1 map 84 x 183 cm. on 8 sheets 51 x 64 cm. or 51 x 32 cm,"['application/tif', 'reformatted digital']","['Accompanied by title sheets: 4 l', 'London?, 1658', 'Includes text, 2 indexed lists of churches, 12 coats of ""The armes of the right worll. companies of the honorable cyty of London,"" illus. of ""S. Peters, Westminster"" and ""S. Pauls, London,"" and diagr. of ""Genealogia Bruti fundatoris vrbis Londini.""', 'Title from accompanying sheets', 'Cartographic material', 'Scale [ca. 1:5,150]', ""Bird's-eye-view""]",eng,A copyright review process in November 2021 has determined that this particular item is in the public domain. http://rightsstatements.org/vocab/NoC-US/1.0/,"An exact delineation of the cities of London and Westminster and the suburbs thereof: together wth. ye burrough of Sovthwark and all ye through-fares, highwaies, streetes, lanes & common allies wthin. ye same",2023-11-13T21:07:45.331000+00:00,"['Faithorne, William, 1616-1691', 'London Topographical Society']",Aerial views,Text,3971747,"['London (England)--Aerial views--Early works to 1800--Facsimiles', 'Westminster (London, England)--Aerial views--Early works to 1800--Facsimiles', 'Southwark (London, England)--Aerial views--Early works to 1800--Facsimiles']","Newcourt, Richard, -1679",London Topographical Society,1905,G5754.L7A3 1658 .N4 1905,https://api.library.tamu.edu/fcrepo/rest/3b/6f/c3/25/3b6fc325-f6ca-41d8-b91e-8c5db3be8c13/london-maps-batch-2_objects/18/pages/page_0/files/londonmaps_3971747_1.jpg|https://api.library.tamu.edu/fcrepo/rest/3b/6f/c3/25/3b6fc325-f6ca-41d8-b91e-8c5db3be8c13/london-maps-batch-2_objects/18/pages/page_1/files/londonmaps_3971747_2.jpg|https://api.library.tamu.edu/fcrepo/rest/3b/6f/c3/25/3b6fc325-f6ca-41d8-b91e-8c5db3be8c13/london-maps-batch-2_objects/18/pages/page_2/files/londonmaps_3971747_3.jpg|https://api.library.tamu.edu/fcrepo/rest/3b/6f/c3/25/3b6fc325-f6ca-41d8-b91e-8c5db3be8c13/london-maps-batch-2_objects/18/pages/page_3/files/londonmaps_3971747_4.jpg|https://api.library.tamu.edu/fcrepo/rest/3b/6f/c3/25/3b6fc325-f6ca-41d8-b91e-8c5db3be8c13/london-maps-batch-2_objects/18/pages/page_4/files/londonmaps_3971747_5.jpg|https://api.library.tamu.edu/fcrepo/rest/3b/6f/c3/25/3b6fc325-f6ca-41d8-b91e-8c5db3be8c13/london-maps-batch-2_objects/18/pages/page_5/files/londonmaps_3971747_6.jpg|https://api.library.tamu.edu/fcrepo/rest/3b/6f/c3/25/3b6fc325-f6ca-41d8-b91e-8c5db3be8c13/london-maps-batch-2_objects/18/pages/page_6/files/londonmaps_3971747_7.jpg|https://api.library.tamu.edu/fcrepo/rest/3b/6f/c3/25/3b6fc325-f6ca-41d8-b91e-8c5db3be8c13/london-maps-batch-2_objects/18/pages/page_7/files/londonmaps_3971747_8.jpg|https://api.library.tamu.edu/fcrepo/rest/3b/6f/c3/25/3b6fc325-f6ca-41d8-b91e-8c5db3be8c13/london-maps-batch-2_objects/18/pages/page_8/files/londonmaps_3971747_9.jpg,
1 map color on sheet 51 x 69 cm,"['application/tif', 'reformatted digital']","['Hand-colored', ""The Tyburn is a stream in London, which runs underground from South Hampstead through St. James's Park to meet the River Thames at Pimlico near Vauxhall Bridge. Before it was covered over, the Tyburn arose from the confluence of two tributary streams from the hills of Hampstead. At what is now St. James's Park, it split into three branches, two of which formed Thorney Island on which Westminster Abbey was built. The Tyburn is now completely enclosed and flows through underground conduits for its entire length, including one underneath Buckingham Palace. Marylebone Lane (W1) follows the course of the Tyburn on what was its left bank through Marylebone village. From its source at the Shepherd's Well near Fitzjohns Avenue in Hampstead it flowed south through Swiss Cottage down to Regent's Park. In the park the Tyburn is carried in an aqueduct over the Regent's Canal"", 'Cartographic material', 'Also presented as sheet 4 in bound volume of same title', 'Scale not given']",eng,A copyright review process in November 2021 has determined that this particular item is in the public domain. http://rightsstatements.org/vocab/NoC-US/1.0/,Plan shewing the course of the Tybourne.,2023-11-13T21:09:01.423000+00:00,,Maps,Cartographic Image,4026199,"['Westminster (London, England)--Maps', 'Tyburne, River (England)--Maps']",Great Britain Commissioners of Sewers for Westminster and Part of Middlesex,"[""Sewers Westminster Etc.""]",[1817?],G5754.W54N46 1817 .G73,https://api.library.tamu.edu/fcrepo/rest/3b/6f/c3/25/3b6fc325-f6ca-41d8-b91e-8c5db3be8c13/london-maps-batch-2_objects/28/pages/page_0/files/londonmaps_4026199.jpg,
map 34 x 44 cm,"['application/tif', 'reformatted digital']","['Facsimile', 'Cartographic material', ""Bird's-eye-view"", 'Perspective map not drawn to scale', '""Walker & Cockerell, ph. sc.""', 'Cushing Library copy is part of the Stephen Powys Marks London Collection']",eng,A copyright review process in November 2021 has determined that this particular item is in the public domain. http://rightsstatements.org/vocab/NoC-US/1.0/,Plan of area now west central part of London,2023-11-13T21:01:52.045000+00:00,London Topographical Society,Aerial views,Still Image,2587956,London (England)--Aerial views--Early works to 1800--Facsimiles,"Hollar, Wenceslaus, 1607-1677",London Topographical Society,[between 1640 and 1649?] 1902.,G5754.L7A3 164- .H6 1902,https://api.library.tamu.edu/fcrepo/rest/3b/6f/c3/25/3b6fc325-f6ca-41d8-b91e-8c5db3be8c13/london-maps-batch-2_objects/10/pages/page_0/files/londonmaps_2587956.jpg,
1 map color on sheet 77 x 51 cm. + 51 cm.),"['application/tif', 'reformatted digital']","['""The plan here reproduced is contained in Additional MS 38104 at the British Museum ...""', 'Shows fields, field names, acreages, and ownership data', 'Cadastral map', 'Accompanied by text and descriptive index: A plan of Ebury Manor', 'Includes text', 'Cartographic material', 'Annotations differ in type style, capitalization, and puctuation from those of the source map', 'Scale not given']",eng,A copyright review process in November 2021 has determined that this particular item is in the public domain. http://rightsstatements.org/vocab/NoC-US/1.0/,"A plan of the Manor of Ebury, c. 1663-1670",2023-11-13T21:05:03.442000+00:00,"['Turner, G. J. (George James)', 'Kingsford, Charles Lethbridge, 1862-1926']",Maps,Cartographic image,3970192,,London Topographical Society,London Topographical Society,1915,"['G5754.L7:2E2G46 1670 .L6', 'G5754.L7:2E2G46 1670 .L6 1915']",https://api.library.tamu.edu/fcrepo/rest/3b/6f/c3/25/3b6fc325-f6ca-41d8-b91e-8c5db3be8c13/london-maps-batch-2_objects/14/pages/page_0/files/londonmaps_3970192_1.jpg|https://api.library.tamu.edu/fcrepo/rest/3b/6f/c3/25/3b6fc325-f6ca-41d8-b91e-8c5db3be8c13/london-maps-batch-2_objects/14/pages/page_1/files/londonmaps_3970192_2.jpg|https://api.library.tamu.edu/fcrepo/rest/3b/6f/c3/25/3b6fc325-f6ca-41d8-b91e-8c5db3be8c13/london-maps-batch-2_objects/14/pages/page_2/files/londonmaps_3970192_3.jpg|https://api.library.tamu.edu/fcrepo/rest/3b/6f/c3/25/3b6fc325-f6ca-41d8-b91e-8c5db3be8c13/london-maps-batch-2_objects/14/pages/page_3/files/londonmaps_3970192_4.jpg,
1 map on sheet 20 x 51 cm,"['reformatted digital', 'application/tif']","['Scale not given', 'Cartographic material', 'Pictorial map']",eng,A copyright review process in November 2021 has determined that this particular item is in the public domain. http://rightsstatements.org/vocab/NoC-US/1.0/,Plan of London in the reign of Queen Elizabeth.,2023-11-13T21:13:53.404000+00:00,"Stratford, James, active 1789-1816",Early Maps,Cartographic Image,4033620,London (England)--Maps,,J. Stratford,[1805?],G5754.L7A5 1580 .P6 1805,https://api.library.tamu.edu/fcrepo/rest/3b/6f/c3/25/3b6fc325-f6ca-41d8-b91e-8c5db3be8c13/london-maps-batch-2_objects/41/pages/page_0/files/londonmaps_4033620.jpg,
"1 map 20 x 33 cm., on sheet 30 x 48 cm","['application/tif', 'reformatted digital']","['Includes indexes to churches, and to remarkable places', ""Noorthouck's History of London was published in 1773"", '""Engrav\'d for Noorthouck\'s History of London, 1772.""', 'Scale [ca. 1:9,800]. A scale of half an English mile', 'Cartographic material', 'Extracted from: Noorthouck, John. New history of London, including Westminster and Southwark. London: Printed for R. Baldwin, 1773']",eng,A copyright review process in November 2021 has determined that this particular item is in the public domain. http://rightsstatements.org/vocab/NoC-US/1.0/,"A plan of the city and liberties of London, shewing the extent of the dreadful conflagration in the year 1666.",2023-11-13T21:12:13.277000+00:00,,Maps,Cartographic Image,4033602,London (England)--Maps--Early works to 1800,"Noorthouck, John, 1746?-1816",[Printed for R. Baldwin],[1773],G5754.L7 1666 .N67 1773,https://api.library.tamu.edu/fcrepo/rest/3b/6f/c3/25/3b6fc325-f6ca-41d8-b91e-8c5db3be8c13/london-maps-batch-2_objects/35/pages/page_0/files/londonmaps_4033602.jpg,
1 map 53 x 74 cm,"['application/tif', 'reformatted digital']","['""Published according to act of Parliament ... Jan. 1761.""', 'North to the right', 'Cartographic material', 'Scale [ca. 1:1,016]']",eng,A copyright review process in November 2021 has determined that this particular item is in the public domain. http://rightsstatements.org/vocab/NoC-US/1.0/,"A plan of part of the ancient city of Westminster, from College Street to Whitehall, and from the Thames to St. James's Park, in which are laid down the new streets that have been built & other alterations made since the building of Westminster Bridge.",2023-11-13T21:12:44.100000+00:00,,Early Maps,Cartographic Image,4033613,"['Westminster (London, England)--Maps--Early works to 1800', 'London (England)--Maps--Early works to 1800']",,C. Foudrinier & Co. at Charing Cross,1761,G5754.W54 1761 .P63,https://api.library.tamu.edu/fcrepo/rest/3b/6f/c3/25/3b6fc325-f6ca-41d8-b91e-8c5db3be8c13/london-maps-batch-2_objects/38/pages/page_0/files/londonmaps_4033613.jpg,
"1 map on 97 sheets approximately 1020 x 875 cm., sheets 76 x 101 cm","['application/tif', 'reformatted digital']","['Includes bibliographical references', 'Each sheet includes text by J.B. Harley', 'Scale [ca. 1:63,360]. 1 in. to a statute mile (W 5Â°50Ê¹--E 1Â°55Ê¹/N 55Â°52Ê¹--N 50Â°03Ê¹)', 'Relief shown by shading and spot heights', 'Also issued with folded sheets within covers', 'Sheet index to original and reprint eds. on verso of prospectus', 'Cartographic material', 'Originally issued in 110 sections, with some of the sections divided into 4 quarter sheets', 'One inch Ordnance Survey', '71. London [O.S. 7] (1969) -- 72. Brentwood [O.S. 1] (1969) -- 79. Dorking [O.S. 8] (1969) -- 79. Dorking [O.S. 8] (1969)', 'Original edition commonly known as the First edition or Old series', 'Originally published between 1805 and 1873', 'Title from prospectus']",eng,A copyright review process in November 2021 has determined that this particular item is in the public domain. http://rightsstatements.org/vocab/NoC-US/1.0/,The first edition of the one inch Ordnance Survey: a reprint covering England and Wales in 97 sheets,2023-11-13T21:16:32.829000+00:00,"['David & Charles (Publishers)', 'Harley, J. B. (John Brian)']",Topographic maps,Cartographic Image,4033692,"['Wales--Maps', 'England--Maps']",Great Britain Ordnance Survey,David & Charles,1969-1971.,G5750 1805 .G7 1969,https://api.library.tamu.edu/fcrepo/rest/3b/6f/c3/25/3b6fc325-f6ca-41d8-b91e-8c5db3be8c13/london-maps-batch-2_objects/42/pages/page_0/files/londonmaps_4033692_1.jpg|https://api.library.tamu.edu/fcrepo/rest/3b/6f/c3/25/3b6fc325-f6ca-41d8-b91e-8c5db3be8c13/london-maps-batch-2_objects/42/pages/page_1/files/londonmaps_4033692_2.jpg|https://api.library.tamu.edu/fcrepo/rest/3b/6f/c3/25/3b6fc325-f6ca-41d8-b91e-8c5db3be8c13/london-maps-batch-2_objects/42/pages/page_2/files/londonmaps_4033692_3.jpg|https://api.library.tamu.edu/fcrepo/rest/3b/6f/c3/25/3b6fc325-f6ca-41d8-b91e-8c5db3be8c13/london-maps-batch-2_objects/42/pages/page_3/files/londonmaps_4033692_4.jpg,(W 5°50'--E 1°55'/N 55°52'--N 50°03')
1 map 55 x 71 cm,"['reformatted digital', 'application/tif']","['Scale not given', 'Insets: The Arch Bishop of Yorks Place at Westminster -- The Royal Palace of White Hall & Buildings by K. Henry', 'Survey and ground plot of the Royal Palace of Whitehall', 'Includes references', 'Dedicated to ""His Grace William Duke of Portland Knt. of the most Noble Order of the Garter.""', '""From a survey taken in K. Charles reign 1680 now in the posession of his Grace the Duke of Portland.""', 'Cartographic material']",eng,A copyright review process in November 2021 has determined that this particular item is in the public domain. http://rightsstatements.org/vocab/NoC-US/1.0/,A survey & ground plot of the Royal Palace of Whitehall: with the lodgings & apartments belonging to their Majesties Ao. D. 1680,2023-11-13T21:12:56.651000+00:00,"Fisher, John, active 1670-1703",Early Maps,Cartographic Image,4033615,"Whitehall (London, England)--Maps--Early works to 1800","Vertue, George, 1684-1756",G. Vertue,1747,G5754.L7:2W5 1680 .V47 1747,https://api.library.tamu.edu/fcrepo/rest/3b/6f/c3/25/3b6fc325-f6ca-41d8-b91e-8c5db3be8c13/london-maps-batch-2_objects/39/pages/page_0/files/londonmaps_4033615.jpg,
